<?xml version="1.0" encoding="utf-8"?>
<COLLADA xmlns="http://www.collada.org/2005/11/COLLADASchema" version="1.4.1" xmlns:xsi="http://www.w3.org/2001/XMLSchema-instance">
  <asset>
    <contributor>
      <author>Blender User</author>
      <authoring_tool>Blender 3.6.22 commit date:2025-04-14, commit time:12:26, hash:30b431ea75f7</authoring_tool>
    </contributor>
    <created>2026-05-28T01:21:29</created>
    <modified>2026-05-28T01:21:29</modified>
    <unit name="meter" meter="1"/>
    <up_axis>Z_UP</up_axis>
  </asset>
  <library_cameras>
    <camera id="Camera-camera" name="Camera">
      <optics>
        <technique_common>
          <perspective>
            <xfov sid="xfov">39.59775</xfov>
            <aspect_ratio>1.777778</aspect_ratio>
            <znear sid="znear">0.1</znear>
            <zfar sid="zfar">100</zfar>
          </perspective>
        </technique_common>
      </optics>
      <extra>
        <technique profile="blender">
          <shiftx sid="shiftx" type="float">0</shiftx>
          <shifty sid="shifty" type="float">0</shifty>
          <dof_distance sid="dof_distance" type="float">10</dof_distance>
        </technique>
      </extra>
    </camera>
  </library_cameras>
  <library_lights>
    <light id="Light-light" name="Light">
      <technique_common>
        <point>
          <color sid="color">1000 1000 1000</color>
          <constant_attenuation>1</constant_attenuation>
          <linear_attenuation>0</linear_attenuation>
          <quadratic_attenuation>0.00111109</quadratic_attenuation>
        </point>
      </technique_common>
      <extra>
        <technique profile="blender">
          <type sid="type" type="int">0</type>
          <flag sid="flag" type="int">0</flag>
          <mode sid="mode" type="int">1</mode>
          <gamma sid="blender_gamma" type="float">1</gamma>
          <red sid="red" type="float">1</red>
          <green sid="green" type="float">1</green>
          <blue sid="blue" type="float">1</blue>
          <shadow_r sid="blender_shadow_r" type="float">0</shadow_r>
          <shadow_g sid="blender_shadow_g" type="float">0</shadow_g>
          <shadow_b sid="blender_shadow_b" type="float">0</shadow_b>
          <energy sid="blender_energy" type="float">1000</energy>
          <dist sid="blender_dist" type="float">29.99998</dist>
          <spotsize sid="spotsize" type="float">75</spotsize>
          <spotblend sid="spotblend" type="float">0.15</spotblend>
          <att1 sid="att1" type="float">0</att1>
          <att2 sid="att2" type="float">1</att2>
          <falloff_type sid="falloff_type" type="int">2</falloff_type>
          <clipsta sid="clipsta" type="float">0.04999995</clipsta>
          <clipend sid="clipend" type="float">30.002</clipend>
          <bias sid="bias" type="float">1</bias>
          <bufsize sid="bufsize" type="int">2880</bufsize>
          <samp sid="samp" type="int">3</samp>
          <buffers sid="buffers" type="int">1</buffers>
          <radius sid="radius" type="float">0.1</radius>
          <area_shape sid="area_shape" type="int">1</area_shape>
          <area_size sid="area_size" type="float">0.1</area_size>
          <area_sizey sid="area_sizey" type="float">0.1</area_sizey>
          <area_sizez sid="area_sizez" type="float">1</area_sizez>
        </technique>
      </extra>
    </light>
  </library_lights>
  <library_effects>
    <effect id="pipe_006-effect">
      <profile_COMMON>
        <technique sid="common">
          <lambert>
            <emission>
              <color sid="emission">0 0 0 1</color>
            </emission>
            <diffuse>
              <color sid="diffuse">0.996078 0.996078 0 1</color>
            </diffuse>
            <reflectivity>
              <float sid="specular">1</float>
            </reflectivity>
            <index_of_refraction>
              <float sid="ior">1.45</float>
            </index_of_refraction>
          </lambert>
        </technique>
      </profile_COMMON>
    </effect>
    <effect id="bolts_006-effect">
      <profile_COMMON>
        <technique sid="common">
          <lambert>
            <emission>
              <color sid="emission">0 0 0 1</color>
            </emission>
            <diffuse>
              <color sid="diffuse">0.4724104 0.4724104 0.4724104 1</color>
            </diffuse>
            <reflectivity>
              <float sid="specular">1</float>
            </reflectivity>
            <index_of_refraction>
              <float sid="ior">1.45</float>
            </index_of_refraction>
          </lambert>
        </technique>
      </profile_COMMON>
    </effect>
  </library_effects>
  <library_images/>
  <library_materials>
    <material id="pipe_006-material" name="pipe.006">
      <instance_effect url="#pipe_006-effect"/>
    </material>
    <material id="bolts_006-material" name="bolts.006">
      <instance_effect url="#bolts_006-effect"/>
    </material>
  </library_materials>
  <library_geometries>
    <geometry id="straight_003-mesh" name="straight.003">
      <mesh>
        <source id="straight_003-mesh-positions">
          <float_array id="straight_003-mesh-positions-array" count="6069">9.980953 0.3509445 0.1030455 9.980953 0.3657605 -4.36281e-7 9.980953 0.3048005 -4.36281e-7 9.980953 0.3509445 -0.1030464 9.980953 0.2898824 -0.09418839 9.980953 0.3076974 -0.1977454 9.980953 0.2465884 -0.1791574 9.980953 0.2395223 -0.2764235 9.980953 0.1791574 -0.2465884 9.980953 0.1519424 -0.3327074 9.980953 0.09418839 -0.2898824 9.980953 0.05205339 -0.3620374 9.980953 4.36281e-7 -0.3048005 9.980953 -0.05205243 -0.3620374 9.980953 -0.09418755 -0.2898824 0.3572245 0.233054 0.1597224 9.980953 -0.1519415 -0.3327074 0.4071562 0.2379719 0.1597224 9.980953 -0.1791566 -0.2465884 9.980953 -0.2395215 -0.2764235 9.980953 -0.2465875 -0.1791574 0.4570878 0.233054 0.1597224 9.980953 -0.3076965 -0.1977454 9.980953 -0.2898815 -0.09418839 9.980953 -0.3509436 -0.1030464 9.980953 -0.3047996 -4.36281e-7 9.980953 -0.3657596 -4.36281e-7 9.980953 -0.3509436 0.1030455 9.980953 -0.2898815 0.09418755 9.980953 -0.3076965 0.1977446 9.980953 -0.2465875 0.1791566 9.980953 -0.2395215 0.2764226 9.980953 -0.1791566 0.2465875 9.980953 -0.1519415 0.3327065 9.980953 -0.09418755 0.2898815 9.980953 -0.05205243 0.3620365 9.980953 4.36281e-7 0.3047996 9.980953 0.05205339 0.3620365 9.980953 0.09418839 0.2898815 9.980953 0.1519424 0.3327065 9.980953 0.1791574 0.2465875 9.980953 0.2395223 0.2764226 9.980953 0.2465884 0.1791566 9.980953 0.3076974 0.1977446 9.980953 0.2898824 0.09418755 0.5493496 -0.2307767 0.1597224 9.993653 0.3509445 -0.1030464 9.993653 0.3657605 -4.36836e-7 0.5051007 -0.2544283 0.1597224 9.993653 0.3048005 -4.36836e-7 9.993653 0.3509445 0.1030455 9.993653 0.2898824 0.09418755 9.993653 0.3076974 0.1977446 9.993653 0.2465884 0.1791566 9.993653 0.2395223 0.2764226 9.993653 0.1791574 0.2465875 9.993653 0.1519424 0.3327065 0.3092117 -0.2544283 0.1597224 9.993653 0.09418839 0.2898815 9.993653 0.05205339 0.3620365 0.2649628 -0.2307767 0.1597224 9.993653 4.36836e-7 0.3047996 9.993653 -0.05205243 0.3620365 9.993653 -0.09418755 0.2898815 9.993653 -0.1519415 0.3327065 9.993653 -0.1791566 0.2465875 9.993653 -0.2395215 0.2764226 9.993653 -0.2465875 0.1791566 9.993653 -0.3076965 0.1977446 9.993653 -0.2898815 0.09418755 9.993653 -0.3509436 0.1030455 9.993653 -0.3047996 -4.36836e-7 9.993653 -0.3657596 -4.36836e-7 9.993653 -0.3509436 -0.1030464 9.993653 -0.2898815 -0.09418839 9.993653 -0.3076965 -0.1977454 9.993653 -0.2465875 -0.1791574 9.993653 -0.2395215 -0.2764235 9.993653 -0.1791566 -0.2465884 9.993653 -0.1519415 -0.3327074 9.993653 -0.09418755 -0.2898824 9.993653 -0.05205243 -0.3620374 9.993653 4.36836e-7 -0.3048005 9.993653 0.05205339 -0.3620374 9.993653 0.09418839 -0.2898824 9.993653 0.1519424 -0.3327074 9.993653 0.1791574 -0.2465884 9.993653 0.2395223 -0.2764235 9.993653 0.2465884 -0.1791574 9.993653 0.3076974 -0.1977454 9.993653 0.2898824 -0.09418839 10 -0.2898815 0.09418755 10 -0.3047996 -4.37114e-7 10 -0.2898815 -0.09418839 10 -0.2465875 -0.1791574 10 -0.1791566 -0.2465884 10 -0.09418755 -0.2898824 10 4.37114e-7 -0.3048005 10 0.09418839 -0.2898824 10 0.1791574 -0.2465884 10 0.2465884 -0.1791574 10 0.2898824 -0.09418839 10 0.3048005 -4.37114e-7 10 0.2898824 0.09418755 10 0.2465884 0.1791566 10 0.1791574 0.2465875 10 0.09418839 0.2898815 10 4.37114e-7 0.3047996 10 -0.09418755 0.2898815 10 -0.1791566 0.2465875 10 -0.2465875 0.1791566 8.00381 0.2898824 -0.09418833 8.00381 0.3048003 -3.49858e-7 8.00381 0.2898824 0.09418761 8.00381 0.2465883 0.1791566 8.00381 0.1791573 0.2465876 8.00381 0.09418833 0.2898817 8.00381 3.49858e-7 0.3047996 8.00381 -0.09418761 0.2898817 8.00381 -0.1791566 0.2465876 8.00381 -0.2465876 0.1791566 8.00381 -0.2898817 0.09418761 8.00381 -0.3047996 -3.49858e-7 8.00381 -0.2898817 -0.09418833 8.00381 -0.2465876 -0.1791573 8.00381 -0.1791566 -0.2465883 8.00381 -0.09418761 -0.2898824 8.00381 3.49858e-7 -0.3048003 8.00381 0.09418833 -0.2898824 8.00381 0.1791573 -0.2465883 8.00381 0.2465883 -0.1791573 0.01905012 0.289882 0.09418797 2.01524 0.2898821 0.09418791 0.01905012 0.3048 0 2.01524 0.3048001 0 0.01905012 0.289882 -0.09418797 2.01524 0.2898821 -0.09418809 0.01905012 0.246588 -0.179157 2.01524 0.2465881 -0.1791571 0.01905012 0.179157 -0.246588 2.01524 0.1791571 -0.2465881 0.01905012 0.09418797 -0.289882 2.01524 0.09418809 -0.2898821 0.01905012 0 -0.3048 2.01524 0 -0.3048001 0.01905012 -0.09418797 -0.289882 2.01524 -0.09418791 -0.2898821 0.01905012 -0.179157 -0.246588 2.01524 -0.1791568 -0.2465881 0.01905012 -0.246588 -0.179157 2.01524 -0.2465879 -0.1791571 0.01905012 -0.289882 -0.09418797 2.01524 -0.2898819 -0.09418809 0.01905012 -0.3048 0 2.01524 -0.3047999 0 0.01905012 -0.289882 0.09418797 2.01524 -0.2898819 0.09418791 0.01905012 -0.246588 0.179157 2.01524 -0.2465879 0.1791568 0.01905012 -0.179157 0.246588 2.01524 -0.1791568 0.2465879 0.01905012 -0.09418797 0.289882 2.01524 -0.09418791 0.2898819 0.01905012 0 0.3048 2.01524 0 0.3047999 0.01905012 0.09418797 0.289882 2.01524 0.09418809 0.2898819 0.01905012 0.179157 0.246588 2.01524 0.1791571 0.2465879 0.01905012 0.246588 0.179157 2.01524 0.2465881 0.1791568 6.00762 0.3048003 -2.62601e-7 6.00762 0.2898823 0.09418773 6.00762 0.2465882 0.1791567 6.00762 0.1791573 0.2465877 6.00762 0.09418821 0.2898817 6.00762 2.62601e-7 0.3047997 6.00762 -0.09418773 0.2898817 6.00762 -0.1791567 0.2465877 6.00762 -0.2465877 0.1791567 6.00762 -0.2898817 0.09418773 6.00762 -0.3047997 -2.62601e-7 6.00762 -0.2898817 -0.09418821 6.00762 -0.2465877 -0.1791573 6.00762 -0.1791567 -0.2465882 6.00762 -0.09418773 -0.2898823 6.00762 2.62601e-7 -0.3048003 6.00762 0.09418821 -0.2898823 6.00762 0.1791573 -0.2465882 6.00762 0.2465882 -0.1791573 6.00762 0.2898823 -0.09418821 4.01143 0.3048002 -1.75345e-7 4.01143 0.2898822 0.09418779 4.01143 0.2465882 0.1791568 4.01143 0.1791571 0.2465878 4.01143 0.09418815 0.2898818 4.01143 1.75345e-7 0.3047998 4.01143 -0.09418779 0.2898818 4.01143 -0.1791568 0.2465878 4.01143 -0.2465878 0.1791568 4.01143 -0.2898818 0.09418779 4.01143 -0.3047998 -1.75345e-7 4.01143 -0.2898818 -0.09418815 4.01143 -0.2465878 -0.1791571 4.01143 -0.1791568 -0.2465882 4.01143 -0.09418779 -0.2898822 4.01143 1.75345e-7 -0.3048002 4.01143 0.09418815 -0.2898822 4.01143 0.1791571 -0.2465882 4.01143 0.2465882 -0.1791571 4.01143 0.2898822 -0.09418815 10 -0.2642605 0.09072053 10 -0.2793995 -4.37114e-7 10 -0.2204855 0.1716105 10 -0.1528165 0.2339035 10 -0.06858855 0.2708495 10 0.02307343 0.2784456 10 0.1122344 0.2558665 10 0.1892324 0.2055605 10 0.2457254 0.1329795 10 0.2755894 0.04598742 10 0.2755894 -0.04598844 10 0.2457254 -0.1329804 10 0.1892324 -0.2055613 10 0.1122344 -0.2558674 10 0.02307343 -0.2784464 10 -0.06858855 -0.2708504 10 -0.1528165 -0.2339044 10 -0.2204855 -0.1716114 10 -0.2642605 -0.09072142 0.00635004 0.350944 0.103046 0.00635004 0.36576 0 0.00635004 0.3048 0 0.00635004 0.350944 -0.103046 0.00635004 0.289882 -0.09418797 0.00635004 0.307697 -0.197745 0.00635004 0.246588 -0.179157 0.00635004 0.239522 -0.276423 0.00635004 0.179157 -0.246588 0.00635004 0.151942 -0.332707 0.00635004 0.09418797 -0.289882 0.00635004 0.05205297 -0.362037 0.00635004 0 -0.3048 0.00635004 -0.05205297 -0.362037 0.00635004 -0.09418797 -0.289882 0.00635004 -0.151942 -0.332707 0.00635004 -0.179157 -0.246588 0.00635004 -0.239522 -0.276423 0.00635004 -0.246588 -0.179157 0.00635004 -0.307697 -0.197745 0.00635004 -0.289882 -0.09418797 0.00635004 -0.350944 -0.103046 0.00635004 -0.3048 0 0.00635004 -0.36576 0 0.00635004 -0.350944 0.103046 0.00635004 -0.289882 0.09418797 0.00635004 -0.307697 0.197745 0.00635004 -0.246588 0.179157 0.00635004 -0.239522 0.276423 0.00635004 -0.179157 0.246588 0.00635004 -0.151942 0.332707 0.00635004 -0.09418797 0.289882 0.00635004 -0.05205297 0.362037 0.00635004 0 0.3048 0.00635004 0.05205297 0.362037 0.00635004 0.09418797 0.289882 0.00635004 0.151942 0.332707 0.00635004 0.179157 0.246588 0.00635004 0.239522 0.276423 0.00635004 0.246588 0.179157 0.00635004 0.307697 0.197745 0.00635004 0.289882 0.09418797 0.01905012 0.350944 -0.103046 0.01905012 0.36576 0 0.01905012 0.350944 0.103046 0.01905012 0.307697 0.197745 0.01905012 0.239522 0.276423 0.01905012 0.151942 0.332707 0.01905012 0.05205297 0.362037 0.01905012 -0.05205297 0.362037 0.01905012 -0.151942 0.332707 0.01905012 -0.239522 0.276423 0.01905012 -0.307697 0.197745 0.01905012 -0.350944 0.103046 0.01905012 -0.36576 0 0.01905012 -0.350944 -0.103046 0.01905012 -0.307697 -0.197745 0.01905012 -0.239522 -0.276423 0.01905012 -0.151942 -0.332707 0.01905012 -0.05205297 -0.362037 0.01905012 0.05205297 -0.362037 0.01905012 0.151942 -0.332707 0.01905012 0.239522 -0.276423 0.01905012 0.307697 -0.197745 8 -0.2755886 -0.04598832 8 -0.2755886 0.0459876 8 -0.2457246 0.1329796 8 -0.1892316 0.2055606 8 -0.1122336 0.2558667 8 -0.0230726 0.2784456 8 0.06858932 0.2708497 8 0.1528173 0.2339037 8 0.2204863 0.1716106 8 0.2642614 0.09072065 8 0.2794004 -3.49691e-7 8 0.2642614 -0.0907213 8 0.2204863 -0.1716113 8 0.1528173 -0.2339043 8 0.06858932 -0.2708504 8 -0.0230726 -0.2784463 8 -0.1122336 -0.2558674 8 -0.1892316 -0.2055613 8 -0.2457246 -0.1329803 0 0.264261 -0.09072101 2 0.2642611 -0.09072107 0 0.2794 0 2 0.2794001 0 0 0.264261 0.09072101 2 0.2642611 0.09072089 0 0.220486 0.171611 2 0.2204861 0.1716109 0 0.152817 0.233904 2 0.1528171 0.2339039 0 0.06858897 0.27085 2 0.06858909 0.2708499 0 -0.02307283 0.278446 2 -0.02307277 0.2784459 0 -0.1122339 0.255867 2 -0.1122339 0.2558669 0 -0.189232 0.205561 2 -0.1892319 0.2055609 0 -0.245725 0.13298 2 -0.2457249 0.1329799 0 -0.275589 0.04598796 2 -0.2755889 0.0459879 0 -0.275589 -0.04598796 2 -0.2755889 -0.04598808 0 -0.245725 -0.13298 2 -0.2457249 -0.1329801 0 -0.189232 -0.205561 2 -0.1892319 -0.2055611 0 -0.1122339 -0.255867 2 -0.1122339 -0.2558671 0 -0.02307283 -0.278446 2 -0.02307277 -0.2784461 0 0.06858897 -0.27085 2 0.06858909 -0.2708501 0 0.152817 -0.233904 2 0.1528171 -0.2339041 0 0.220486 -0.171611 2 0.2204861 -0.1716111 6 0.2794002 -2.62268e-7 6 0.2642613 -0.09072124 6 0.2204862 -0.1716113 6 0.1528173 -0.2339043 6 0.06858927 -0.2708503 6 -0.0230726 -0.2784463 6 -0.1122336 -0.2558673 6 -0.1892317 -0.2055612 6 -0.2457247 -0.1329802 6 -0.2755887 -0.04598826 6 -0.2755887 0.04598772 6 -0.2457247 0.1329797 6 -0.1892317 0.2055607 6 -0.1122336 0.2558667 6 -0.0230726 0.2784457 6 0.06858927 0.2708497 6 0.1528173 0.2339037 6 0.2204862 0.1716107 6 0.2642613 0.09072071 4 0.2794002 -1.74846e-7 4 0.2642612 -0.09072113 4 0.2204862 -0.1716111 4 0.1528171 -0.2339041 4 0.06858915 -0.2708502 4 -0.02307265 -0.2784461 4 -0.1122338 -0.2558672 4 -0.1892318 -0.2055612 4 -0.2457247 -0.1329802 4 -0.2755888 -0.04598814 4 -0.2755888 0.04598778 4 -0.2457247 0.1329798 4 -0.1892318 0.2055608 4 -0.1122338 0.2558668 4 -0.02307265 0.2784458 4 0.06858915 0.2708498 4 0.1528171 0.2339038 4 0.2204862 0.1716108 4 0.2642612 0.09072083 0 0.289882 -0.09418797 0 0.3048 0 0 0.289882 0.09418797 0 0.246588 0.179157 0 0.179157 0.246588 0 0.09418797 0.289882 0 0 0.3048 0 -0.09418797 0.289882 0 -0.179157 0.246588 0 -0.246588 0.179157 0 -0.289882 0.09418797 0 -0.3048 0 0 -0.289882 -0.09418797 0 -0.246588 -0.179157 0 -0.179157 -0.246588 0 -0.09418797 -0.289882 0 0 -0.3048 0 0.09418797 -0.289882 0 0.179157 -0.246588 0 0.246588 -0.179157 0.01905012 -0.326337 0.128159 0.01905012 -0.332368 0.111589 0.0317502 -0.326337 0.128159 0.0317502 -0.332368 0.111589 0.01905012 -0.308971 0.1312209 0.0317502 -0.308971 0.1312209 0.01905012 -0.297637 0.117713 0.0317502 -0.297637 0.117713 0.01905012 -0.303668 0.101144 0.0317502 -0.303668 0.101144 0.01905012 -0.321033 0.098082 0.0317502 -0.321033 0.098082 0.00635004 -0.322364 0.123425 0 -0.322364 0.123425 0.00635004 -0.325765 0.118569 0 -0.325765 0.118569 0.00635004 -0.326281 0.112663 0 -0.326281 0.112663 0.00635004 -0.323776 0.107289 0 -0.323776 0.107289 0.00635004 -0.318919 0.103889 0 -0.318919 0.103889 0.00635004 -0.313013 0.103372 0 -0.313013 0.103372 0.00635004 -0.30764 0.105878 0 -0.30764 0.105878 0.00635004 -0.30424 0.110734 0 -0.30424 0.110734 0.00635004 -0.303723 0.11664 0 -0.303723 0.11664 0.00635004 -0.306228 0.122013 0 -0.306228 0.122013 0.00635004 -0.311085 0.125414 0 -0.311085 0.125414 0.00635004 -0.316991 0.125931 0 -0.316991 0.125931 0.01905012 -0.262823 0.232044 0.01905012 -0.274157 0.218536 0.0317502 -0.262823 0.232044 0.0317502 -0.274157 0.218536 0.01905012 -0.245458 0.228982 0.0317502 -0.245458 0.228982 0.01905012 -0.239427 0.2124119 0.0317502 -0.239427 0.2124119 0.01905012 -0.250761 0.198904 0.0317502 -0.250761 0.198904 0.01905012 -0.268127 0.201966 0.0317502 -0.268127 0.201966 0.00635004 -0.260709 0.2262369 0 -0.260709 0.2262369 0.00635004 -0.265566 0.222836 0 -0.265566 0.222836 0.00635004 -0.268071 0.217463 0 -0.268071 0.217463 0.00635004 -0.267555 0.211557 0 -0.267555 0.211557 0.00635004 -0.264154 0.206701 0 -0.264154 0.206701 0.00635004 -0.258781 0.204195 0 -0.258781 0.204195 0.00635004 -0.252875 0.204712 0 -0.252875 0.204712 0.00635004 -0.248018 0.208112 0 -0.248018 0.208112 0.00635004 -0.245513 0.213485 0 -0.245513 0.213485 0.00635004 -0.24603 0.219391 0 -0.24603 0.219391 0.00635004 -0.24943 0.2242479 0 -0.24943 0.2242479 0.00635004 -0.254803 0.2267529 0 -0.254803 0.2267529 0.01905012 -0.167609 0.307941 0.01905012 -0.18288 0.299124 0.0317502 -0.167609 0.307941 0.0317502 -0.18288 0.299124 0.01905012 -0.152338 0.299124 0.0317502 -0.152338 0.299124 0.01905012 -0.152338 0.281491 0.0317502 -0.152338 0.281491 0.01905012 -0.167609 0.272674 0.0317502 -0.167609 0.272674 0.01905012 -0.18288 0.281491 0.0317502 -0.18288 0.281491 0.00635004 -0.167609 0.301761 0 -0.167609 0.301761 0.00635004 -0.173336 0.300226 0 -0.173336 0.300226 0.00635004 -0.177528 0.296034 0 -0.177528 0.296034 0.00635004 -0.179062 0.290308 0 -0.179062 0.290308 0.00635004 -0.177528 0.284581 0 -0.177528 0.284581 0.00635004 -0.173336 0.280389 0 -0.173336 0.280389 0.00635004 -0.167609 0.278854 0 -0.167609 0.278854 0.00635004 -0.1618829 0.280389 0 -0.1618829 0.280389 0.00635004 -0.1576899 0.284581 0 -0.1576899 0.284581 0.00635004 -0.156156 0.290308 0 -0.156156 0.290308 0.00635004 -0.1576899 0.296034 0 -0.1576899 0.296034 0.00635004 -0.1618829 0.300226 0 -0.1618829 0.300226 0.01905012 -0.05217885 0.346695 0.01905012 -0.06954395 0.343633 0.0317502 -0.05217885 0.346695 0.0317502 -0.06954395 0.343633 0.01905012 -0.04084485 0.333188 0.0317502 -0.04084485 0.333188 0.01905012 -0.04687595 0.316618 0.0317502 -0.04687595 0.316618 0.01905012 -0.06424099 0.313556 0.0317502 -0.06424099 0.313556 0.01905012 -0.07557499 0.327064 0.0317502 -0.07557499 0.327064 0.00635004 -0.05429285 0.340888 0 -0.05429285 0.340888 0.00635004 -0.06019896 0.341405 0 -0.06019896 0.341405 0.00635004 -0.06557196 0.338899 0 -0.06557196 0.338899 0.00635004 -0.06897199 0.334043 0 -0.06897199 0.334043 0.00635004 -0.069489 0.328137 0 -0.069489 0.328137 0.00635004 -0.06698399 0.322764 0 -0.06698399 0.322764 0.00635004 -0.06212699 0.319363 0 -0.06212699 0.319363 0.00635004 -0.05622082 0.318846 0 -0.05622082 0.318846 0.00635004 -0.05084782 0.321352 0 -0.05084782 0.321352 0.00635004 -0.04744786 0.326208 0 -0.04744786 0.326208 0.00635004 -0.04693084 0.332114 0 -0.04693084 0.332114 0.00635004 -0.04943597 0.337487 0 -0.04943597 0.337487 0.01905012 0.06954395 0.343633 0.01905012 0.05217885 0.346695 0.0317502 0.06954395 0.343633 0.0317502 0.05217885 0.346695 0.01905012 0.07557499 0.327064 0.0317502 0.07557499 0.327064 0.01905012 0.06424099 0.313556 0.0317502 0.06424099 0.313556 0.01905012 0.04687595 0.316618 0.0317502 0.04687595 0.316618 0.01905012 0.04084485 0.333188 0.0317502 0.04084485 0.333188 0.00635004 0.06557196 0.338899 0 0.06557196 0.338899 0.00635004 0.06019896 0.341405 0 0.06019896 0.341405 0.00635004 0.05429285 0.340888 0 0.05429285 0.340888 0.00635004 0.04943597 0.337487 0 0.04943597 0.337487 0.00635004 0.04693084 0.332114 0 0.04693084 0.332114 0.00635004 0.04744786 0.326208 0 0.04744786 0.326208 0.00635004 0.05084782 0.321352 0 0.05084782 0.321352 0.00635004 0.05622082 0.318846 0 0.05622082 0.318846 0.00635004 0.06212699 0.319363 0 0.06212699 0.319363 0.00635004 0.06698399 0.322764 0 0.06698399 0.322764 0.00635004 0.069489 0.328137 0 0.069489 0.328137 0.00635004 0.06897199 0.334043 0 0.06897199 0.334043 0.01905012 0.18288 0.299124 0.01905012 0.167609 0.307941 0.0317502 0.18288 0.299124 0.0317502 0.167609 0.307941 0.01905012 0.18288 0.281491 0.0317502 0.18288 0.281491 0.01905012 0.167609 0.272674 0.0317502 0.167609 0.272674 0.01905012 0.152338 0.281491 0.0317502 0.152338 0.281491 0.01905012 0.152338 0.299124 0.0317502 0.152338 0.299124 0.00635004 0.177528 0.296034 0 0.177528 0.296034 0.00635004 0.173336 0.300226 0 0.173336 0.300226 0.00635004 0.167609 0.301761 0 0.167609 0.301761 0.00635004 0.1618829 0.300226 0 0.1618829 0.300226 0.00635004 0.1576899 0.296034 0 0.1576899 0.296034 0.00635004 0.156156 0.290308 0 0.156156 0.290308 0.00635004 0.1576899 0.284581 0 0.1576899 0.284581 0.00635004 0.1618829 0.280389 0 0.1618829 0.280389 0.00635004 0.167609 0.278854 0 0.167609 0.278854 0.00635004 0.173336 0.280389 0 0.173336 0.280389 0.00635004 0.177528 0.284581 0 0.177528 0.284581 0.00635004 0.179062 0.290308 0 0.179062 0.290308 0.01905012 0.274157 0.218536 0.01905012 0.262823 0.232044 0.0317502 0.274157 0.218536 0.0317502 0.262823 0.232044 0.01905012 0.268127 0.201966 0.0317502 0.268127 0.201966 0.01905012 0.250761 0.198904 0.0317502 0.250761 0.198904 0.01905012 0.239427 0.2124119 0.0317502 0.239427 0.2124119 0.01905012 0.245458 0.228982 0.0317502 0.245458 0.228982 0.00635004 0.268071 0.217463 0 0.268071 0.217463 0.00635004 0.265566 0.222836 0 0.265566 0.222836 0.00635004 0.260709 0.2262369 0 0.260709 0.2262369 0.00635004 0.254803 0.2267529 0 0.254803 0.2267529 0.00635004 0.24943 0.2242479 0 0.24943 0.2242479 0.00635004 0.24603 0.219391 0 0.24603 0.219391 0.00635004 0.245513 0.213485 0 0.245513 0.213485 0.00635004 0.248018 0.208112 0 0.248018 0.208112 0.00635004 0.252875 0.204712 0 0.252875 0.204712 0.00635004 0.258781 0.204195 0 0.258781 0.204195 0.00635004 0.264154 0.206701 0 0.264154 0.206701 0.00635004 0.267555 0.211557 0 0.267555 0.211557 0.01905012 0.332368 0.111589 0.01905012 0.326337 0.128159 0.0317502 0.332368 0.111589 0.0317502 0.326337 0.128159 0.01905012 0.321033 0.098082 0.0317502 0.321033 0.098082 0.01905012 0.303668 0.101144 0.0317502 0.303668 0.101144 0.01905012 0.297637 0.117713 0.0317502 0.297637 0.117713 0.01905012 0.308971 0.1312209 0.0317502 0.308971 0.1312209 0.01905012 0.350489 -0.008816957 0.01905012 0.350489 0.008816957 0.0317502 0.350489 -0.008816957 0.0317502 0.350489 0.008816957 0.01905012 0.335218 -0.01763296 0.0317502 0.335218 -0.01763296 0.01905012 0.319947 -0.008816957 0.0317502 0.319947 -0.008816957 0.01905012 0.319947 0.008816957 0.0317502 0.319947 0.008816957 0.01905012 0.335218 0.01763296 0.0317502 0.335218 0.01763296 0.00635004 0.345137 -0.005726993 0 0.345137 -0.005726993 0.00635004 0.346671 0 0 0.346671 0 0.00635004 0.345137 0.005726993 0 0.345137 0.005726993 0.00635004 0.340945 0.009918987 0 0.340945 0.009918987 0.00635004 0.335218 0.01145297 0 0.335218 0.01145297 0.00635004 0.329492 0.009918987 0 0.329492 0.009918987 0.00635004 0.3253 0.005726993 0 0.3253 0.005726993 0.00635004 0.323765 0 0 0.323765 0 0.00635004 0.3253 -0.005726993 0 0.3253 -0.005726993 0.00635004 0.329492 -0.009918987 0 0.329492 -0.009918987 0.00635004 0.335218 -0.01145297 0 0.335218 -0.01145297 0.00635004 0.340945 -0.009918987 0 0.340945 -0.009918987 0.01905012 0.326337 -0.128159 0.01905012 0.332368 -0.111589 0.0317502 0.326337 -0.128159 0.0317502 0.332368 -0.111589 0.01905012 0.308971 -0.1312209 0.0317502 0.308971 -0.1312209 0.01905012 0.297637 -0.117713 0.0317502 0.297637 -0.117713 0.01905012 0.303668 -0.101144 0.0317502 0.303668 -0.101144 0.01905012 0.321033 -0.098082 0.0317502 0.321033 -0.098082 0.00635004 0.322364 -0.123425 0 0.322364 -0.123425 0.00635004 0.325765 -0.118569 0 0.325765 -0.118569 0.00635004 0.326281 -0.112663 0 0.326281 -0.112663 0.00635004 0.323776 -0.107289 0 0.323776 -0.107289 0.00635004 0.318919 -0.103889 0 0.318919 -0.103889 0.00635004 0.313013 -0.103372 0 0.313013 -0.103372 0.00635004 0.30764 -0.105878 0 0.30764 -0.105878 0.00635004 0.30424 -0.110734 0 0.30424 -0.110734 0.00635004 0.303723 -0.11664 0 0.303723 -0.11664 0.00635004 0.306228 -0.122013 0 0.306228 -0.122013 0.00635004 0.311085 -0.125414 0 0.311085 -0.125414 0.00635004 0.316991 -0.125931 0 0.316991 -0.125931 0.01905012 0.262823 -0.232044 0.01905012 0.274157 -0.218536 0.0317502 0.262823 -0.232044 0.0317502 0.274157 -0.218536 0.01905012 0.245458 -0.228982 0.0317502 0.245458 -0.228982 0.01905012 0.239427 -0.2124119 0.0317502 0.239427 -0.2124119 0.01905012 0.250761 -0.198904 0.0317502 0.250761 -0.198904 0.01905012 0.268127 -0.201966 0.0317502 0.268127 -0.201966 0.00635004 0.260709 -0.2262369 0 0.260709 -0.2262369 0.00635004 0.265566 -0.222836 0 0.265566 -0.222836 0.00635004 0.268071 -0.217463 0 0.268071 -0.217463 0.00635004 0.267555 -0.211557 0 0.267555 -0.211557 0.00635004 0.264154 -0.206701 0 0.264154 -0.206701 0.00635004 0.258781 -0.204195 0 0.258781 -0.204195 0.00635004 0.252875 -0.204712 0 0.252875 -0.204712 0.00635004 0.248018 -0.208112 0 0.248018 -0.208112 0.00635004 0.245513 -0.213485 0 0.245513 -0.213485 0.00635004 0.24603 -0.219391 0 0.24603 -0.219391 0.00635004 0.24943 -0.2242479 0 0.24943 -0.2242479 0.00635004 0.254803 -0.2267529 0 0.254803 -0.2267529 0.01905012 0.167609 -0.307941 0.01905012 0.18288 -0.299124 0.0317502 0.167609 -0.307941 0.0317502 0.18288 -0.299124 0.01905012 0.152338 -0.299124 0.0317502 0.152338 -0.299124 0.01905012 0.152338 -0.281491 0.0317502 0.152338 -0.281491 0.01905012 0.167609 -0.272674 0.0317502 0.167609 -0.272674 0.01905012 0.18288 -0.281491 0.0317502 0.18288 -0.281491 0.00635004 0.167609 -0.301761 0 0.167609 -0.301761 0.00635004 0.173336 -0.300226 0 0.173336 -0.300226 0.00635004 0.177528 -0.296034 0 0.177528 -0.296034 0.00635004 0.179062 -0.290308 0 0.179062 -0.290308 0.00635004 0.177528 -0.284581 0 0.177528 -0.284581 0.00635004 0.173336 -0.280389 0 0.173336 -0.280389 0.00635004 0.167609 -0.278854 0 0.167609 -0.278854 0.00635004 0.1618829 -0.280389 0 0.1618829 -0.280389 0.00635004 0.1576899 -0.284581 0 0.1576899 -0.284581 0.00635004 0.156156 -0.290308 0 0.156156 -0.290308 0.00635004 0.1576899 -0.296034 0 0.1576899 -0.296034 0.00635004 0.1618829 -0.300226 0 0.1618829 -0.300226 0.01905012 0.05217885 -0.346695 0.01905012 0.06954395 -0.343633 0.0317502 0.05217885 -0.346695 0.0317502 0.06954395 -0.343633 0.01905012 0.04084485 -0.333188 0.0317502 0.04084485 -0.333188 0.01905012 0.04687595 -0.316618 0.0317502 0.04687595 -0.316618 0.01905012 0.06424099 -0.313556 0.0317502 0.06424099 -0.313556 0.01905012 0.07557499 -0.327064 0.0317502 0.07557499 -0.327064 0.00635004 0.05429285 -0.340888 0 0.05429285 -0.340888 0.00635004 0.06019896 -0.341405 0 0.06019896 -0.341405 0.00635004 0.06557196 -0.338899 0 0.06557196 -0.338899 0.00635004 0.06897199 -0.334043 0 0.06897199 -0.334043 0.00635004 0.069489 -0.328137 0 0.069489 -0.328137 0.00635004 0.06698399 -0.322764 0 0.06698399 -0.322764 0.00635004 0.06212699 -0.319363 0 0.06212699 -0.319363 0.00635004 0.05622082 -0.318846 0 0.05622082 -0.318846 0.00635004 0.05084782 -0.321352 0 0.05084782 -0.321352 0.00635004 0.04744786 -0.326208 0 0.04744786 -0.326208 0.00635004 0.04693084 -0.332114 0 0.04693084 -0.332114 0.00635004 0.04943597 -0.337487 0 0.04943597 -0.337487 0.01905012 -0.06954395 -0.343633 0.01905012 -0.05217885 -0.346695 0.0317502 -0.06954395 -0.343633 0.0317502 -0.05217885 -0.346695 0.01905012 -0.07557499 -0.327064 0.0317502 -0.07557499 -0.327064 0.01905012 -0.06424099 -0.313556 0.0317502 -0.06424099 -0.313556 0.01905012 -0.04687595 -0.316618 0.0317502 -0.04687595 -0.316618 0.01905012 -0.04084485 -0.333188 0.0317502 -0.04084485 -0.333188 0.00635004 -0.06557196 -0.338899 0 -0.06557196 -0.338899 0.00635004 -0.06019896 -0.341405 0 -0.06019896 -0.341405 0.00635004 -0.05429285 -0.340888 0 -0.05429285 -0.340888 0.00635004 -0.04943597 -0.337487 0 -0.04943597 -0.337487 0.00635004 -0.04693084 -0.332114 0 -0.04693084 -0.332114 0.00635004 -0.04744786 -0.326208 0 -0.04744786 -0.326208 0.00635004 -0.05084782 -0.321352 0 -0.05084782 -0.321352 0.00635004 -0.05622082 -0.318846 0 -0.05622082 -0.318846 0.00635004 -0.06212699 -0.319363 0 -0.06212699 -0.319363 0.00635004 -0.06698399 -0.322764 0 -0.06698399 -0.322764 0.00635004 -0.069489 -0.328137 0 -0.069489 -0.328137 0.00635004 -0.06897199 -0.334043 0 -0.06897199 -0.334043 0.01905012 -0.18288 -0.299124 0.01905012 -0.167609 -0.307941 0.0317502 -0.18288 -0.299124 0.0317502 -0.167609 -0.307941 0.01905012 -0.18288 -0.281491 0.0317502 -0.18288 -0.281491 0.01905012 -0.167609 -0.272674 0.0317502 -0.167609 -0.272674 0.01905012 -0.152338 -0.281491 0.0317502 -0.152338 -0.281491 0.01905012 -0.152338 -0.299124 0.0317502 -0.152338 -0.299124 0.00635004 -0.177528 -0.296034 0 -0.177528 -0.296034 0.00635004 -0.173336 -0.300226 0 -0.173336 -0.300226 0.00635004 -0.167609 -0.301761 0 -0.167609 -0.301761 0.00635004 -0.1618829 -0.300226 0 -0.1618829 -0.300226 0.00635004 -0.1576899 -0.296034 0 -0.1576899 -0.296034 0.00635004 -0.156156 -0.290308 0 -0.156156 -0.290308 0.00635004 -0.1576899 -0.284581 0 -0.1576899 -0.284581 0.00635004 -0.1618829 -0.280389 0 -0.1618829 -0.280389 0.00635004 -0.167609 -0.278854 0 -0.167609 -0.278854 0.00635004 -0.173336 -0.280389 0 -0.173336 -0.280389 0.00635004 -0.177528 -0.284581 0 -0.177528 -0.284581 0.00635004 -0.179062 -0.290308 0 -0.179062 -0.290308 0.01905012 -0.274157 -0.218536 0.01905012 -0.262823 -0.232044 0.0317502 -0.274157 -0.218536 0.0317502 -0.262823 -0.232044 0.01905012 -0.268127 -0.201966 0.0317502 -0.268127 -0.201966 0.01905012 -0.250761 -0.198904 0.0317502 -0.250761 -0.198904 0.01905012 -0.239427 -0.2124119 0.0317502 -0.239427 -0.2124119 0.01905012 -0.245458 -0.228982 0.0317502 -0.245458 -0.228982 0.00635004 -0.268071 -0.217463 0 -0.268071 -0.217463 0.00635004 -0.265566 -0.222836 0 -0.265566 -0.222836 0.00635004 -0.260709 -0.2262369 0 -0.260709 -0.2262369 0.00635004 -0.254803 -0.2267529 0 -0.254803 -0.2267529 0.00635004 -0.24943 -0.2242479 0 -0.24943 -0.2242479 0.00635004 -0.24603 -0.219391 0 -0.24603 -0.219391 0.00635004 -0.245513 -0.213485 0 -0.245513 -0.213485 0.00635004 -0.248018 -0.208112 0 -0.248018 -0.208112 0.00635004 -0.252875 -0.204712 0 -0.252875 -0.204712 0.00635004 -0.258781 -0.204195 0 -0.258781 -0.204195 0.00635004 -0.264154 -0.206701 0 -0.264154 -0.206701 0.00635004 -0.267555 -0.211557 0 -0.267555 -0.211557 0.01905012 -0.332368 -0.111589 0.01905012 -0.326337 -0.128159 0.0317502 -0.332368 -0.111589 0.0317502 -0.326337 -0.128159 0.01905012 -0.321033 -0.098082 0.0317502 -0.321033 -0.098082 0.01905012 -0.303668 -0.101144 0.0317502 -0.303668 -0.101144 0.01905012 -0.297637 -0.117713 0.0317502 -0.297637 -0.117713 0.01905012 -0.308971 -0.1312209 0.0317502 -0.308971 -0.1312209 0.00635004 -0.326281 -0.112663 0 -0.326281 -0.112663 0.00635004 -0.325765 -0.118569 0 -0.325765 -0.118569 0.00635004 -0.322364 -0.123425 0 -0.322364 -0.123425 0.00635004 -0.316991 -0.125931 0 -0.316991 -0.125931 0.00635004 -0.311085 -0.125414 0 -0.311085 -0.125414 0.00635004 -0.306228 -0.122013 0 -0.306228 -0.122013 0.00635004 -0.303723 -0.11664 0 -0.303723 -0.11664 0.00635004 -0.30424 -0.110734 0 -0.30424 -0.110734 0.00635004 -0.30764 -0.105878 0 -0.30764 -0.105878 0.00635004 -0.313013 -0.103372 0 -0.313013 -0.103372 0.00635004 -0.318919 -0.103889 0 -0.318919 -0.103889 0.00635004 -0.323776 -0.107289 0 -0.323776 -0.107289 0.01905012 -0.350489 0.008816957 0.01905012 -0.350489 -0.008816957 0.0317502 -0.350489 0.008816957 0.0317502 -0.350489 -0.008816957 0.01905012 -0.335218 0.01763296 0.0317502 -0.335218 0.01763296 0.01905012 -0.319947 0.008816957 0.0317502 -0.319947 0.008816957 0.01905012 -0.319947 -0.008816957 0.0317502 -0.319947 -0.008816957 0.01905012 -0.335218 -0.01763296 0.0317502 -0.335218 -0.01763296 0.00635004 -0.345137 0.005726993 0 -0.345137 0.005726993 0.00635004 -0.346671 0 0 -0.346671 0 0.00635004 -0.345137 -0.005726993 0 -0.345137 -0.005726993 0.00635004 -0.340945 -0.009918987 0 -0.340945 -0.009918987 0.00635004 -0.335218 -0.01145297 0 -0.335218 -0.01145297 0.00635004 -0.329492 -0.009918987 0 -0.329492 -0.009918987 0.00635004 -0.3253 -0.005726993 0 -0.3253 -0.005726993 0.00635004 -0.323765 0 0 -0.323765 0 0.00635004 -0.3253 0.005726993 0 -0.3253 0.005726993 0.00635004 -0.329492 0.009918987 0 -0.329492 0.009918987 0.00635004 -0.335218 0.01145297 0 -0.335218 0.01145297 0.00635004 -0.340945 0.009918987 0 -0.340945 0.009918987 9.980953 -0.3323675 0.1115885 9.980953 -0.3263366 0.1281585 9.968253 -0.3323675 0.1115885 9.968253 -0.3263366 0.1281585 9.980953 -0.3089705 0.1312205 9.968253 -0.3089705 0.1312205 9.980953 -0.2976365 0.1177124 9.968253 -0.2976365 0.1177126 9.980953 -0.3036676 0.1011435 9.968253 -0.3036676 0.1011435 9.980953 -0.3210325 0.09808152 9.968253 -0.3210325 0.09808152 9.993653 -0.3262805 0.1126626 10 -0.3262805 0.1126626 9.993653 -0.3257645 0.1185685 10 -0.3257645 0.1185685 9.993653 -0.3223636 0.1234245 10 -0.3223636 0.1234245 9.993653 -0.3169906 0.1259306 10 -0.3169906 0.1259306 9.993653 -0.3110845 0.1254135 10 -0.3110845 0.1254135 9.993653 -0.3062276 0.1220126 10 -0.3062276 0.1220126 9.993653 -0.3037226 0.1166396 10 -0.3037226 0.1166396 9.993653 -0.3042395 0.1107335 10 -0.3042395 0.1107335 9.993653 -0.3076395 0.1058775 10 -0.3076395 0.1058775 9.993653 -0.3130125 0.1033715 10 -0.3130125 0.1033715 9.993653 -0.3189185 0.1038885 10 -0.3189185 0.1038885 9.993653 -0.3237755 0.1072885 10 -0.3237755 0.1072885 9.980953 -0.2741565 0.2185356 9.980953 -0.2628225 0.2320435 9.968253 -0.2741565 0.2185356 9.968253 -0.2628225 0.2320435 9.980953 -0.2454575 0.2289816 9.968253 -0.2454575 0.2289816 9.980953 -0.2394266 0.2124115 9.968253 -0.2394266 0.2124115 9.980953 -0.2507606 0.1989035 9.968253 -0.2507606 0.1989035 9.980953 -0.2681266 0.2019655 9.968253 -0.2681266 0.2019655 9.993653 -0.2680705 0.2174625 10 -0.2680705 0.2174625 9.993653 -0.2655655 0.2228356 10 -0.2655655 0.2228356 9.993653 -0.2607085 0.2262365 10 -0.2607085 0.2262365 9.993653 -0.2548025 0.2267525 10 -0.2548025 0.2267525 9.993653 -0.2494295 0.2242475 10 -0.2494295 0.2242475 9.993653 -0.2460296 0.2193905 10 -0.2460296 0.2193905 9.993653 -0.2455126 0.2134845 10 -0.2455126 0.2134845 9.993653 -0.2480176 0.2081115 10 -0.2480176 0.2081115 9.993653 -0.2528746 0.2047116 10 -0.2528746 0.2047116 9.993653 -0.2587805 0.2041946 10 -0.2587805 0.2041946 9.993653 -0.2641535 0.2067005 10 -0.2641535 0.2067005 9.993653 -0.2675545 0.2115566 10 -0.2675545 0.2115566 9.980953 -0.1828795 0.2991235 9.980953 -0.1676086 0.3079406 9.968253 -0.1828795 0.2991235 9.968253 -0.1676086 0.3079406 9.980953 -0.1523376 0.2991235 9.968253 -0.1523376 0.2991235 9.980953 -0.1523376 0.2814906 9.968253 -0.1523376 0.2814906 9.980953 -0.1676086 0.2726736 9.968253 -0.1676086 0.2726736 9.980953 -0.1828795 0.2814906 9.968253 -0.1828795 0.2814906 9.980953 -0.06954354 0.3436325 9.980953 -0.05217856 0.3466945 9.968253 -0.06954354 0.3436325 9.968253 -0.05217856 0.3466945 9.980953 -0.0408445 0.3331875 9.968253 -0.0408445 0.3331875 9.980953 -0.04687541 0.3166176 9.968253 -0.04687541 0.3166176 9.980953 -0.06424051 0.3135555 9.968253 -0.06424057 0.3135555 9.980953 -0.07557451 0.3270636 9.968253 -0.07557457 0.3270636 9.993653 -0.06557154 0.3388985 10 -0.06557154 0.3388985 9.993653 -0.06019842 0.3414046 10 -0.06019842 0.3414046 9.993653 -0.0542925 0.3408876 10 -0.0542925 0.3408876 9.993653 -0.04943543 0.3374866 10 -0.04943543 0.3374866 9.993653 -0.04693055 0.3321136 10 -0.04693055 0.3321136 9.993653 -0.04744756 0.3262075 10 -0.04744756 0.3262075 9.993653 -0.05084753 0.3213515 10 -0.05084753 0.3213515 9.993653 -0.05622053 0.3188455 10 -0.05622053 0.3188455 9.993653 -0.06212639 0.3193625 10 -0.06212639 0.3193625 9.993653 -0.06698352 0.3227636 10 -0.06698352 0.3227636 9.993653 -0.06948852 0.3281366 10 -0.06948852 0.3281366 9.993653 -0.06897151 0.3340426 10 -0.06897151 0.3340426 9.980953 0.05217927 0.3466945 9.980953 0.06954443 0.3436325 9.968253 0.05217927 0.3466945 9.968253 0.06954443 0.3436325 9.980953 0.07557541 0.3270636 9.968253 0.07557541 0.3270636 9.980953 0.0642414 0.3135555 9.968253 0.0642414 0.3135555 9.980953 0.04687643 0.3166176 9.968253 0.04687643 0.3166176 9.980953 0.04084539 0.3331875 9.968253 0.04084539 0.3331875 9.993653 0.05429339 0.3408876 10 0.05429339 0.3408876 9.993653 0.06019932 0.3414046 10 0.06019932 0.3414046 9.993653 0.06557244 0.3388985 10 0.06557244 0.3388985 9.993653 0.0689724 0.3340426 10 0.0689724 0.3340426 9.993653 0.06948941 0.3281366 10 0.06948941 0.3281366 9.993653 0.06698441 0.3227636 10 0.06698441 0.3227636 9.993653 0.06212741 0.3193625 10 0.06212741 0.3193625 9.993653 0.0562213 0.3188455 10 0.0562213 0.3188455 9.993653 0.05084842 0.3213515 10 0.05084842 0.3213515 9.993653 0.04744827 0.3262075 10 0.04744827 0.3262075 9.993653 0.04693126 0.3321136 10 0.04693126 0.3321136 9.993653 0.04943639 0.3374866 10 0.04943639 0.3374866 9.980953 0.1676094 0.3079406 9.980953 0.1828804 0.2991235 9.968253 0.1676094 0.3079406 9.968253 0.1828804 0.2991235 9.980953 0.1828804 0.2814906 9.968253 0.1828804 0.2814906 9.980953 0.1676094 0.2726736 9.968253 0.1676094 0.2726736 9.980953 0.1523384 0.2814906 9.968253 0.1523384 0.2814906 9.980953 0.1523384 0.2991235 9.968253 0.1523384 0.2991235 9.993653 0.1676094 0.3017606 10 0.1676094 0.3017606 9.993653 0.1733364 0.3002256 10 0.1733364 0.3002256 9.993653 0.1775284 0.2960336 10 0.1775284 0.2960336 9.993653 0.1790624 0.2903075 10 0.1790624 0.2903075 9.993653 0.1775284 0.2845805 10 0.1775284 0.2845805 9.993653 0.1733364 0.2803885 10 0.1733364 0.2803885 9.993653 0.1676094 0.2788535 10 0.1676094 0.2788535 9.993653 0.1618834 0.2803885 10 0.1618834 0.2803885 9.993653 0.1576904 0.2845805 10 0.1576904 0.2845805 9.993653 0.1561564 0.2903075 10 0.1561564 0.2903075 9.993653 0.1576904 0.2960336 10 0.1576904 0.2960336 9.993653 0.1618834 0.3002256 10 0.1618834 0.3002256 9.980953 0.2628234 0.2320435 9.980953 0.2741574 0.2185356 9.968253 0.2628234 0.2320435 9.968253 0.2741574 0.2185356 9.980953 0.2681275 0.2019655 9.968253 0.2681275 0.2019655 9.980953 0.2507615 0.1989035 9.968253 0.2507615 0.1989035 9.980953 0.2394274 0.2124115 9.968253 0.2394274 0.2124115 9.980953 0.2454584 0.2289816 9.968253 0.2454584 0.2289816 9.993653 0.2607094 0.2262365 10 0.2607094 0.2262365 9.993653 0.2655664 0.2228356 10 0.2655664 0.2228356 9.993653 0.2680714 0.2174625 10 0.2680714 0.2174625 9.993653 0.2675554 0.2115566 10 0.2675554 0.2115566 9.993653 0.2641544 0.2067005 10 0.2641544 0.2067005 9.993653 0.2587814 0.2041946 10 0.2587814 0.2041946 9.993653 0.2528755 0.2047116 10 0.2528755 0.2047116 9.993653 0.2480184 0.2081115 10 0.2480184 0.2081115 9.993653 0.2455134 0.2134845 10 0.2455134 0.2134845 9.993653 0.2460304 0.2193905 10 0.2460304 0.2193905 9.993653 0.2494304 0.2242475 10 0.2494304 0.2242475 9.993653 0.2548034 0.2267525 10 0.2548034 0.2267525 9.980953 0.3263375 0.1281585 9.980953 0.3323684 0.1115885 9.968253 0.3263375 0.1281585 9.968253 0.3323684 0.1115885 9.980953 0.3210334 0.09808152 9.968253 0.3210334 0.09808152 9.980953 0.3036684 0.1011435 9.968253 0.3036684 0.1011435 9.980953 0.2976374 0.1177124 9.968253 0.2976374 0.1177126 9.980953 0.3089714 0.1312205 9.968253 0.3089714 0.1312205 9.993653 0.3223645 0.1234245 10 0.3223645 0.1234245 9.993653 0.3257654 0.1185685 10 0.3257654 0.1185685 9.993653 0.3262814 0.1126626 10 0.3262814 0.1126626 9.993653 0.3237764 0.1072885 10 0.3237764 0.1072885 9.993653 0.3189194 0.1038885 10 0.3189194 0.1038885 9.993653 0.3130134 0.1033715 10 0.3130134 0.1033715 9.993653 0.3076404 0.1058775 10 0.3076404 0.1058775 9.993653 0.3042404 0.1107335 10 0.3042404 0.1107335 9.993653 0.3037235 0.1166396 10 0.3037235 0.1166396 9.993653 0.3062285 0.1220126 10 0.3062285 0.1220126 9.993653 0.3110854 0.1254135 10 0.3110854 0.1254135 9.993653 0.3169915 0.1259306 10 0.3169915 0.1259306 9.980953 0.3504894 0.00881654 9.980953 0.3504894 -0.008817434 9.968253 0.3504894 0.00881654 9.968253 0.3504894 -0.008817434 9.980953 0.3352184 -0.01763331 9.968253 0.3352184 -0.01763331 9.980953 0.3199474 -0.008817434 9.968253 0.3199474 -0.008817434 9.980953 0.3199474 0.00881654 9.968253 0.3199474 0.00881654 9.980953 0.3352184 0.01763254 9.968253 0.3352184 0.01763254 9.993653 0.3451374 0.005726516 10 0.3451374 0.005726516 9.993653 0.3466714 -4.36836e-7 10 0.3466714 -4.37114e-7 9.993653 0.3451374 -0.00572741 10 0.3451374 -0.00572741 9.993653 0.3409454 -0.009919404 10 0.3409454 -0.009919404 9.993653 0.3352184 -0.01145339 10 0.3352184 -0.01145339 9.993653 0.3294925 -0.009919404 10 0.3294925 -0.009919404 9.993653 0.3253005 -0.00572741 10 0.3253005 -0.00572741 9.993653 0.3237655 -4.36836e-7 10 0.3237655 -4.37114e-7 9.993653 0.3253005 0.005726516 10 0.3253005 0.005726516 9.993653 0.3294925 0.00991851 10 0.3294925 0.00991851 9.993653 0.3352184 0.01145243 10 0.3352184 0.01145243 9.993653 0.3409454 0.00991851 10 0.3409454 0.00991851 9.980953 0.3323684 -0.1115894 9.980953 0.3263375 -0.1281594 9.968253 0.3323684 -0.1115894 9.968253 0.3263375 -0.1281594 9.980953 0.3089714 -0.1312214 9.968253 0.3089714 -0.1312214 9.980953 0.2976374 -0.1177134 9.968253 0.2976374 -0.1177134 9.980953 0.3036684 -0.1011444 9.968253 0.3036684 -0.1011444 9.980953 0.3210334 -0.09808242 9.968253 0.3210334 -0.09808242 9.993653 0.3262814 -0.1126634 10 0.3262814 -0.1126634 9.993653 0.3257654 -0.1185694 10 0.3257654 -0.1185694 9.993653 0.3223645 -0.1234254 10 0.3223645 -0.1234254 9.993653 0.3169915 -0.1259314 10 0.3169915 -0.1259314 9.993653 0.3110854 -0.1254144 10 0.3110854 -0.1254144 9.993653 0.3062285 -0.1220134 10 0.3062285 -0.1220134 9.993653 0.3037235 -0.1166404 10 0.3037235 -0.1166404 9.993653 0.3042404 -0.1107344 10 0.3042404 -0.1107344 9.993653 0.3076404 -0.1058784 10 0.3076404 -0.1058784 9.993653 0.3130134 -0.1033724 10 0.3130134 -0.1033724 9.993653 0.3189194 -0.1038894 10 0.3189194 -0.1038894 9.993653 0.3237764 -0.1072894 10 0.3237764 -0.1072894 9.980953 0.2741574 -0.2185364 9.980953 0.2628234 -0.2320443 9.968253 0.2741574 -0.2185364 9.968253 0.2628234 -0.2320443 9.980953 0.2454584 -0.2289824 9.968253 0.2454584 -0.2289824 9.980953 0.2394274 -0.2124124 9.968253 0.2394274 -0.2124124 9.980953 0.2507615 -0.1989043 9.968253 0.2507615 -0.1989043 9.980953 0.2681275 -0.2019664 9.968253 0.2681275 -0.2019664 9.993653 0.2680714 -0.2174634 10 0.2680714 -0.2174634 9.993653 0.2655664 -0.2228364 10 0.2655664 -0.2228364 9.993653 0.2607094 -0.2262374 10 0.2607094 -0.2262374 9.993653 0.2548034 -0.2267534 10 0.2548034 -0.2267534 9.993653 0.2494304 -0.2242484 10 0.2494304 -0.2242484 9.993653 0.2460304 -0.2193914 10 0.2460304 -0.2193914 9.993653 0.2455134 -0.2134854 10 0.2455134 -0.2134854 9.993653 0.2480184 -0.2081124 10 0.2480184 -0.2081124 9.993653 0.2528755 -0.2047124 10 0.2528755 -0.2047124 9.993653 0.2587814 -0.2041954 10 0.2587814 -0.2041954 9.993653 0.2641544 -0.2067013 10 0.2641544 -0.2067013 9.993653 0.2675554 -0.2115574 10 0.2675554 -0.2115574 9.980953 0.1828804 -0.2991244 9.980953 0.1676094 -0.3079414 9.968253 0.1828804 -0.2991244 9.968253 0.1676094 -0.3079414 9.980953 0.1523384 -0.2991244 9.968253 0.1523384 -0.2991244 9.980953 0.1523384 -0.2814915 9.968253 0.1523384 -0.2814915 9.980953 0.1676094 -0.2726745 9.968253 0.1676094 -0.2726745 9.980953 0.1828804 -0.2814915 9.968253 0.1828804 -0.2814915 9.993653 0.1775284 -0.2960345 10 0.1775284 -0.2960345 9.993653 0.1733364 -0.3002265 10 0.1733364 -0.3002265 9.993653 0.1676094 -0.3017615 10 0.1676094 -0.3017615 9.993653 0.1618834 -0.3002265 10 0.1618834 -0.3002265 9.993653 0.1576904 -0.2960345 10 0.1576904 -0.2960345 9.993653 0.1561564 -0.2903084 10 0.1561564 -0.2903084 9.993653 0.1576904 -0.2845814 10 0.1576904 -0.2845814 9.993653 0.1618834 -0.2803894 10 0.1618834 -0.2803894 9.993653 0.1676094 -0.2788544 10 0.1676094 -0.2788544 9.993653 0.1733364 -0.2803894 10 0.1733364 -0.2803894 9.993653 0.1775284 -0.2845814 10 0.1775284 -0.2845814 9.993653 0.1790624 -0.2903084 10 0.1790624 -0.2903084 9.980953 0.06954443 -0.3436334 9.980953 0.05217927 -0.3466954 9.968253 0.06954443 -0.3436334 9.968253 0.05217927 -0.3466954 9.980953 0.04084539 -0.3331884 9.968253 0.04084539 -0.3331884 9.980953 0.04687643 -0.3166185 9.968253 0.04687643 -0.3166185 9.980953 0.0642414 -0.3135564 9.968253 0.0642414 -0.3135564 9.980953 0.07557541 -0.3270645 9.968253 0.07557541 -0.3270645 9.993653 0.06557244 -0.3388994 10 0.06557244 -0.3388994 9.993653 0.06019932 -0.3414055 10 0.06019932 -0.3414055 9.993653 0.05429339 -0.3408885 10 0.05429339 -0.3408885 9.993653 0.04943639 -0.3374875 10 0.04943639 -0.3374875 9.993653 0.04693126 -0.3321145 10 0.04693126 -0.3321145 9.993653 0.04744827 -0.3262084 10 0.04744827 -0.3262084 9.993653 0.05084842 -0.3213524 10 0.05084842 -0.3213524 9.993653 0.0562213 -0.3188464 10 0.0562213 -0.3188464 9.993653 0.06212741 -0.3193634 10 0.06212741 -0.3193634 9.993653 0.06698441 -0.3227645 10 0.06698441 -0.3227645 9.993653 0.06948941 -0.3281375 10 0.06948941 -0.3281375 9.993653 0.0689724 -0.3340435 10 0.0689724 -0.3340435 9.980953 -0.05217856 -0.3466954 9.980953 -0.06954354 -0.3436334 9.968253 -0.05217856 -0.3466954 9.968253 -0.06954354 -0.3436334 9.980953 -0.07557451 -0.3270645 9.968253 -0.07557457 -0.3270645 9.980953 -0.06424051 -0.3135564 9.968253 -0.06424057 -0.3135564 9.980953 -0.04687541 -0.3166185 9.968253 -0.04687541 -0.3166185 9.980953 -0.0408445 -0.3331884 9.968253 -0.0408445 -0.3331884 9.993653 -0.0542925 -0.3408885 10 -0.0542925 -0.3408885 9.993653 -0.06019842 -0.3414055 10 -0.06019842 -0.3414055 9.993653 -0.06557154 -0.3388994 10 -0.06557154 -0.3388994 9.993653 -0.06897151 -0.3340435 10 -0.06897151 -0.3340435 9.993653 -0.06948852 -0.3281375 10 -0.06948852 -0.3281375 9.993653 -0.06698352 -0.3227645 10 -0.06698352 -0.3227645 9.993653 -0.06212639 -0.3193634 10 -0.06212639 -0.3193634 9.993653 -0.05622053 -0.3188464 10 -0.05622053 -0.3188464 9.993653 -0.05084753 -0.3213524 10 -0.05084753 -0.3213524 9.993653 -0.04744756 -0.3262084 10 -0.04744756 -0.3262084 9.993653 -0.04693055 -0.3321145 10 -0.04693055 -0.3321145 9.993653 -0.04943543 -0.3374875 10 -0.04943543 -0.3374875 9.993653 -0.1676086 -0.3017615 10 -0.1676086 -0.3017615 9.993653 -0.1733356 -0.3002265 10 -0.1733356 -0.3002265 9.993653 -0.1775276 -0.2960345 10 -0.1775276 -0.2960345 9.993653 -0.1790615 -0.2903084 10 -0.1790615 -0.2903084 9.993653 -0.1775276 -0.2845814 10 -0.1775276 -0.2845814 9.993653 -0.1733356 -0.2803894 10 -0.1733356 -0.2803894 9.993653 -0.1676086 -0.2788544 10 -0.1676086 -0.2788544 9.993653 -0.1618825 -0.2803894 10 -0.1618825 -0.2803894 9.993653 -0.1576895 -0.2845814 10 -0.1576895 -0.2845814 9.993653 -0.1561555 -0.2903084 10 -0.1561555 -0.2903084 9.993653 -0.1576895 -0.2960345 10 -0.1576895 -0.2960345 9.993653 -0.1618825 -0.3002265 10 -0.1618825 -0.3002265 9.980953 -0.2628225 -0.2320443 9.980953 -0.2741565 -0.2185364 9.968253 -0.2628225 -0.2320443 9.968253 -0.2741565 -0.2185364 9.980953 -0.2681266 -0.2019664 9.968253 -0.2681266 -0.2019664 9.980953 -0.2507606 -0.1989043 9.968253 -0.2507606 -0.1989043 9.980953 -0.2394266 -0.2124124 9.968253 -0.2394266 -0.2124124 9.980953 -0.2454575 -0.2289824 9.968253 -0.2454575 -0.2289824 9.993653 -0.2607085 -0.2262374 10 -0.2607085 -0.2262374 9.993653 -0.2655655 -0.2228364 10 -0.2655655 -0.2228364 9.993653 -0.2680705 -0.2174634 10 -0.2680705 -0.2174634 9.993653 -0.2675545 -0.2115574 10 -0.2675545 -0.2115574 9.993653 -0.2641535 -0.2067013 10 -0.2641535 -0.2067013 9.993653 -0.2587805 -0.2041954 10 -0.2587805 -0.2041954 9.993653 -0.2528746 -0.2047124 10 -0.2528746 -0.2047124 9.993653 -0.2480176 -0.2081124 10 -0.2480176 -0.2081124 9.993653 -0.2455126 -0.2134854 10 -0.2455126 -0.2134854 9.993653 -0.2460296 -0.2193914 10 -0.2460296 -0.2193914 9.993653 -0.2494295 -0.2242484 10 -0.2494295 -0.2242484 9.993653 -0.2548025 -0.2267534 10 -0.2548025 -0.2267534 9.980953 -0.3263366 -0.1281594 9.980953 -0.3323675 -0.1115894 9.968253 -0.3263366 -0.1281594 9.968253 -0.3323675 -0.1115894 9.980953 -0.3210325 -0.09808242 9.968253 -0.3210325 -0.09808242 9.980953 -0.3036676 -0.1011444 9.968253 -0.3036676 -0.1011444 9.980953 -0.2976365 -0.1177134 9.968253 -0.2976365 -0.1177134 9.980953 -0.3089705 -0.1312214 9.968253 -0.3089705 -0.1312214 9.993653 -0.3223636 -0.1234254 10 -0.3223636 -0.1234254 9.993653 -0.3257645 -0.1185694 10 -0.3257645 -0.1185694 9.993653 -0.3262805 -0.1126634 10 -0.3262805 -0.1126634 9.993653 -0.3237755 -0.1072894 10 -0.3237755 -0.1072894 9.993653 -0.3189185 -0.1038894 10 -0.3189185 -0.1038894 9.993653 -0.3130125 -0.1033724 10 -0.3130125 -0.1033724 9.993653 -0.3076395 -0.1058784 10 -0.3076395 -0.1058784 9.993653 -0.3042395 -0.1107344 10 -0.3042395 -0.1107344 9.993653 -0.3037226 -0.1166404 10 -0.3037226 -0.1166404 9.993653 -0.3062276 -0.1220134 10 -0.3062276 -0.1220134 9.993653 -0.3110845 -0.1254144 10 -0.3110845 -0.1254144 9.993653 -0.3169906 -0.1259314 10 -0.3169906 -0.1259314 9.980953 -0.3504886 -0.008817434 9.980953 -0.3504886 0.00881654 9.968253 -0.3504886 -0.008817434 9.968253 -0.3504886 0.00881654 9.980953 -0.3352175 0.01763254 9.968253 -0.3352175 0.01763254 9.980953 -0.3199465 0.00881654 9.968253 -0.3199465 0.00881654 9.980953 -0.3199465 -0.008817434 9.968253 -0.3199465 -0.008817434 9.980953 -0.3352175 -0.01763331 9.968253 -0.3352175 -0.01763331 9.993653 -0.3451365 -0.00572741 10 -0.3451365 -0.00572741 9.993653 -0.3466705 -4.36836e-7 10 -0.3466705 -4.37114e-7 9.993653 -0.3451365 0.005726516 10 -0.3451365 0.005726516 9.993653 -0.3409445 0.00991851 10 -0.3409445 0.00991851 9.993653 -0.3352175 0.01145243 10 -0.3352175 0.01145243 9.993653 -0.3294916 0.00991851 10 -0.3294916 0.00991851 9.993653 -0.3252996 0.005726516 10 -0.3252996 0.005726516 9.993653 -0.3237646 -4.36836e-7 10 -0.3237646 -4.37114e-7 9.993653 -0.3252996 -0.00572741 10 -0.3252996 -0.00572741 9.993653 -0.3294916 -0.009919404 10 -0.3294916 -0.009919404 9.993653 -0.3352175 -0.01145339 10 -0.3352175 -0.01145339 9.993653 -0.3409445 -0.009919404 10 -0.3409445 -0.009919404 3.013335 0.1791571 0.2465878 3.013335 -0.1791568 0.2465878 3.013335 -0.2898819 -0.09418809 3.013335 1.31717e-7 -0.3048002 3.013335 0.2898821 -0.09418809 3.013335 0.2465881 0.1791568 3.013335 -0.3047999 -1.31717e-7 3.013335 0.2465881 -0.1791571 3.013335 -0.09418785 -0.2898821 3.013335 -0.09418785 0.2898819 3.013335 0.2898821 0.09418785 3.013335 0.1791571 -0.2465881 3.013335 -0.2898819 0.09418785 3.013335 1.31717e-7 0.3047999 3.013335 -0.1791568 -0.2465881 3.013335 0.09418809 -0.2898821 3.013335 -0.2465878 0.1791568 3.013335 0.3048002 -1.31717e-7 3.013335 0.09418809 0.2898819 3.013335 -0.2465878 -0.1791571 2.663629 -0.008270382 -0.05567306 2.662302 -0.03350394 0.05122226 2.661482 0.02846914 0.03439128 2.663678 -0.05850404 -0.009182631 2.663378 0.008658468 -0.0541476 2.663817 -0.05175668 -0.02658432 2.662732 -0.04650491 0.04115045 2.661483 0.0149421 0.04684972 2.662196 0.04120653 -0.01809269 2.663129 -0.05559217 0.02662444 2.663035 0.0235964 -0.04674988 2.661817 0.04211956 6.08364e-5 2.663869 -0.04016768 -0.04110193 2.661609 -0.001198709 0.05423593 2.661903 -0.01789534 0.05574774 2.66379 -0.02520853 -0.05116117 2.662625 0.03484421 -0.03428125 2.663449 -0.05977708 0.009218156 2.66156 0.03766208 0.01821136 2.476581 0.08608174 0.147293 2.461173 -0.1998047 0.1792913 2.514287 -0.2898819 -0.09418809 2.514287 0 -0.3048001 2.517795 0.2579144 -0.09457266 2.478944 0.1858163 0.07973307 2.52284 -0.3014039 -0.003315091 2.513299 0.2410756 -0.1791326 2.514287 -0.09418785 -0.2898821 2.453086 -0.1522146 0.1977038 2.508422 0.2290672 0.02637535 2.514263 0.179019 -0.2465875 2.498115 -0.2829372 0.07652443 2.453248 -0.07564616 0.2009378 2.514287 -0.1791568 -0.2465881 2.514287 0.09418809 -0.2898821 2.479448 -0.2329037 0.1354362 2.510727 0.2385843 -0.02666842 2.483506 0.01372718 0.1754263 2.514287 -0.2465879 -0.1791571 2.563054 -0.01147943 -0.05565869 2.561497 -0.03894388 0.05140537 2.560623 0.02195549 0.03470802 2.563122 -0.06160271 -0.009168922 2.562707 0.004922211 -0.05413109 2.563322 -0.05451452 -0.0265721 2.561913 -0.0513485 0.0412178 2.560731 0.008480548 0.04725772 2.561177 0.03552466 -0.01806741 2.562375 -0.05979359 0.02664297 2.562252 0.0192312 -0.04673057 2.56074 0.03591996 1.21156e-4 2.563399 -0.04278665 -0.04109025 2.560886 -0.00749129 0.05464172 2.561149 -0.02383399 0.05606383 2.563283 -0.02803558 -0.05114865 2.561722 0.02980685 -0.03425896 2.562805 -0.0633701 0.00923407 2.560557 0.03117692 0.01838845 2.613292 -0.0101493 -0.05566459 2.611709 -0.03680688 0.05123674 2.61078 0.02447485 0.03442251 2.613353 -0.06031489 -0.009174585 2.612982 0.006455004 -0.05413776 2.61353 -0.0533576 -0.02657735 2.612212 -0.04940414 0.04116314 2.61081 0.01096224 0.04690521 2.611587 0.03780955 -0.01807767 2.612682 -0.0580815 0.02663534 2.612571 0.02100646 -0.0467385 2.611149 0.03839492 7.7312e-5 2.613597 -0.04168283 -0.04109513 2.610955 -0.005074799 0.05429124 2.611266 -0.02153855 0.05577921 2.613495 -0.02685201 -0.05115377 2.612087 0.03184181 -0.03426796 2.61307 -0.06189233 0.009227514 2.610854 0.03372454 0.01822865 2.759662 0.156026 0.2466902 2.763803 -0.1792008 0.2465881 2.763811 -0.2898819 -0.09418809 2.763811 1.2081e-7 -0.3048002 2.763109 0.2859671 -0.0941708 2.759662 0.223457 0.1792592 2.763811 -0.3047999 -1.2081e-7 2.763803 0.2465441 -0.1791568 2.763811 -0.09418785 -0.2898821 2.763109 -0.09810286 0.2898992 2.760251 0.2700383 0.09427559 2.763811 0.1791571 -0.2465881 2.763811 -0.2898819 0.09418785 2.761667 -0.01195347 0.3048527 2.763811 -0.1791568 -0.2465881 2.763811 0.09418809 -0.2898821 2.763811 -0.2465879 0.1791568 2.761667 0.2928465 5.27499e-5 2.760251 0.07434427 0.2899696 2.763811 -0.2465879 -0.1791571 2.512968 -0.01195776 -0.05565673 2.511565 -0.0396077 0.0515936 2.510873 0.02121478 0.03506833 2.513039 -0.06206637 -0.009166836 2.512609 0.004374921 -0.05412858 2.513247 -0.05493402 -0.02657032 2.512032 -0.05193006 0.04142844 2.511036 0.007765591 0.04766392 2.511081 0.03474289 -0.01802319 2.512376 -0.06035006 0.02673935 2.51214 0.01860135 -0.04672777 2.51077 0.03513151 2.83778e-4 2.513327 -0.04318791 -0.04108858 2.511168 -0.008191227 0.05502653 2.511246 -0.02454417 0.05629241 2.513206 -0.0284639 -0.0511468 2.511593 0.02908802 -0.0342558 2.512717 -0.06389564 0.00924158 2.510708 0.03040266 0.01866233 2.260616 0.1560266 0.2466911 2.264756 -0.1792008 0.2465881 2.264764 -0.2898819 -0.09418809 2.264764 0 -0.3048001 2.264062 0.2859672 -0.09417074 2.260615 0.223457 0.1792592 2.264764 -0.3047999 0 2.264756 0.2465441 -0.1791568 2.264764 -0.09418785 -0.2898821 2.263993 -0.09810191 0.2898521 2.261204 0.2700384 0.09427565 2.264764 0.1791571 -0.2465881 2.264764 -0.2898819 0.09418785 2.262808 -0.01186478 0.305013 2.264764 -0.1791568 -0.2465881 2.264764 0.09418809 -0.2898821 2.264764 -0.2465879 0.1791568 2.26262 0.2928466 5.27712e-5 2.26124 0.07436096 0.2899996 2.264764 -0.2465879 -0.1791571 2.366107 0.1092818 0.2247205 2.376916 -0.1857985 0.2363908 2.389526 -0.2898819 -0.09418809 2.389526 0 -0.3048001 2.387116 0.2764497 -0.09412866 2.374077 0.1892423 0.1688349 2.389526 -0.3047999 0 2.388944 0.2433472 -0.1791427 2.389526 -0.09418785 -0.2898821 2.366878 -0.1157175 0.2713339 2.38227 0.2493779 0.09437662 2.389526 0.1791571 -0.2465881 2.389579 -0.2898395 0.09418362 2.35711 -0.04978746 0.2757962 2.389526 -0.1791568 -0.2465881 2.389526 0.09418809 -0.2898821 2.390608 -0.2466189 0.1770185 2.384867 0.2770022 9.82071e-5 2.359224 0.02754074 0.2618326 2.389526 -0.2465879 -0.1791571 2.53799 -0.01183646 -0.05565714 2.536543 -0.03945589 0.05153763 2.535717 0.02135819 0.03489851 2.53806 -0.06194895 -0.009167373 2.537634 0.004513502 -0.0541293 2.538266 -0.05482757 -0.02657073 2.53692 -0.05182147 0.04130595 2.535856 0.007897794 0.0474742 2.53608 0.0349285 -0.01805567 2.537327 -0.0602324 0.02667319 2.537168 0.01876074 -0.04672861 2.535711 0.03530663 1.99456e-4 2.538345 -0.04308611 -0.04108887 2.536013 -0.008057475 0.05485689 2.536216 -0.02438414 0.0562244 2.538225 -0.02835524 -0.05114728 2.536625 0.02926975 -0.03425651 2.537734 -0.06376475 0.009235799 2.535595 0.03056335 0.01853013 2.637634 0.1244978 0.2099848 2.633647 -0.1855763 0.2354556 2.639049 -0.2898819 -0.09418809 2.639049 0 -0.3048002 2.636422 0.2762386 -0.09422427 2.632629 0.2142293 0.1455618 2.647707 -0.3019191 -0.00292474 2.638468 0.2433471 -0.1791427 2.639049 -0.09418785 -0.2898821 2.642792 -0.09944772 0.2656047 2.635934 0.2644288 0.06463843 2.639049 0.1791571 -0.2465881 2.640614 -0.2919925 0.09044378 2.637388 -0.03045487 0.2672965 2.639049 -0.1791568 -0.2465881 2.639049 0.09418809 -0.2898821 2.634257 -0.247815 0.1751616 2.633201 0.2737061 -0.01168304 2.633776 0.04143059 0.2508679 2.639049 -0.2465879 -0.1791571 2.588157 -0.01090627 -0.05566138 2.586534 -0.03805691 0.05128747 2.585629 0.02300053 0.03453451 2.588222 -0.06104737 -0.009171366 2.587826 0.005580544 -0.05413401 2.588412 -0.0540142 -0.02657449 2.587011 -0.05053102 0.0411691 2.585701 0.009508311 0.04705309 2.586352 0.03649985 -0.01807183 2.587507 -0.05905973 0.02663969 2.587389 0.01999163 -0.04673403 2.585892 0.03696507 8.36379e-5 2.588485 -0.04230862 -0.04109233 2.585853 -0.006490886 0.05443847 2.586139 -0.02288293 0.05589163 2.588375 -0.02752405 -0.05115079 2.586878 0.0306766 -0.03426271 2.587919 -0.06273496 0.009231269 2.585629 0.03223723 0.01827383 2.547202 0.100574 0.1348977 2.525983 -0.2039866 0.1736398 2.577423 -0.2896309 -0.0944429 2.576668 0 -0.3048002 2.576534 0.2625563 -0.09740084 2.567614 0.2115561 0.05503922 2.599987 -0.2976375 -0.008606791 2.575792 0.2417038 -0.1791355 2.576668 -0.09418785 -0.2898821 2.520202 -0.1550779 0.196087 2.577301 0.2414609 0.01320278 2.576658 0.1790987 -0.2465878 2.580315 -0.2952726 0.0695846 2.517445 -0.07111543 0.1978626 2.576668 -0.1791568 -0.2465881 2.576668 0.09418809 -0.2898821 2.530001 -0.2390837 0.1377702 2.568791 0.2452536 -0.040434 2.540081 0.01753193 0.169575 2.576668 -0.2465879 -0.1791571 2.575601 -0.01121819 -0.05565989 2.574001 -0.03854709 0.05134063 2.573111 0.02242285 0.03461647 2.575667 -0.06134951 -0.009170055 2.575261 0.005221903 -0.0541324 2.575863 -0.05428624 -0.02657324 2.574446 -0.05098205 0.04118639 2.573201 0.008939683 0.0471512 2.573757 0.03596764 -0.0180695 2.574935 -0.0594598 0.02664148 2.574815 0.01957714 -0.04673206 2.573298 0.03638947 9.48557e-5 2.575938 -0.04256844 -0.04109132 2.573355 -0.007044494 0.0545358 2.573629 -0.023409 0.05597305 2.575825 -0.02780205 -0.0511496 2.574293 0.03020215 -0.03426069 2.575357 -0.06308084 0.009232759 2.573076 0.03165215 0.01832515 0.2458555 0.179157 0.2465879 0.2555917 0.1871473 0.2385976 0.5684569 0.179157 0.2465879 0.5493496 0.194838 0.2309069 0.5454212 0.1969377 0.2288072 0.2781679 -0.237835 0.1879099 0.2945435 -0.2465879 0.179157 0.5197688 -0.2465879 0.1791569 0.5520211 -0.2285842 0.1971606 0.5493496 -0.2307767 0.1949681 0.2034938 -0.171306 0.2505882 0.2099369 -0.179157 0.2465879 0.6235647 -0.1534254 0.2596989 0.6199635 -0.1601627 0.2562661 0.6043754 -0.1791569 0.2465879 0.1620599 -0.08744019 0.2909507 0.1641068 -0.09418791 0.289882 0.6502056 -0.09418791 0.289882 0.6585625 -0.0640133 0.2946612 0.6581796 -0.06790101 0.2940455 0.1529847 0 0.3048 0.1536101 0.006349027 0.3037944 0.6613276 0 0.3048 0.6583566 0.03016495 0.3000223 0.1782942 0.09418797 0.289882 0.1820016 0.1011241 0.2863479 0.6360181 0.09418797 0.289882 0.6222932 0.1198654 0.2767986 0.1517176 -0.02307283 0.278446 0.1523866 -0.02986633 0.2767256 0.6625948 -0.02307283 0.278446 0.6596982 -0.05248254 0.2709983 0.2105378 0.1439504 0.2377932 0.2178145 0.152817 0.233904 0.6178521 0.1267968 0.2453175 0.5964978 0.152817 0.233904 0.3157932 0.220486 0.171611 0.2943166 0.2105279 0.1807779 0.3092117 0.2184895 0.1734488 0.5051007 0.2184895 0.1734488 0.4985191 0.220486 0.171611 0.5352466 0.2023762 0.188282 0.1722754 -0.1188663 0.2515338 0.1706972 -0.1159138 0.2534627 0.1695809 -0.1122339 0.255867 0.632565 -0.136587 0.239956 0.6447314 -0.1122339 0.255867 0.6436151 -0.1159138 0.2534627 0.2182053 -0.1892319 0.2055609 0.2233836 -0.1955417 0.1974543 0.580009 -0.2056152 0.1845121 0.5961071 -0.1892319 0.2055609 0.588134 -0.1989471 0.1930791 0.1649501 0.06102913 0.2714765 0.1672433 0.06858897 0.27085 0.6561918 0.03851509 0.2733422 0.647069 0.06858897 0.27085 0.2649628 0.194838 0.230907 0.3092117 0.2184895 0.2072554 0.3572245 0.233054 0.1926909 0.4071562 0.2379719 0.1877731 0.5051007 0.2184895 0.2072554 0.4570878 0.233054 0.1926909 0.3160096 -0.2564904 0.1597224 0.3092117 -0.2544283 0.1637696 0.5051007 -0.2544283 0.1637696 0.4983028 -0.2564904 0.1597224 0.2261784 -0.1989471 0.2267978 0.588134 -0.1989471 0.2267977 0.2649628 -0.2307767 0.1949682 0.1706972 -0.1159138 0.2788121 0.6436151 -0.1159138 0.2788121 0.1943488 -0.1601627 0.2562661 0.1512148 -0.01796936 0.3019539 0.6630975 -0.01796936 0.3019539 0.1561327 -0.06790101 0.2940455 0.1706972 0.07997506 0.2921331 0.1561327 0.03196227 0.2997376 0.6581796 0.03196227 0.2997376 0.6436151 0.07997506 0.2921331 0.2261784 0.1630084 0.2548161 0.1943488 0.124224 0.2745779 0.6199635 0.124224 0.2745778 0.588134 0.1630084 0.2548161 0.1561327 -0.06790101 0.2670938 0.6581796 -0.06790101 0.2670937 0.1943488 0.124224 0.2464461 0.1706972 0.07997506 0.2658556 0.6199635 0.124224 0.2464461 0.6436151 0.07997506 0.2658556 0.2649628 0.194838 0.1952213 0.2261784 0.1630084 0.2245222 0.5493496 0.194838 0.1952213 0.588134 0.1630084 0.2245222 0.1943488 -0.1601627 0.2245531 0.6199635 -0.1601627 0.2245531 0.2578143 -0.2249101 0.1597224 0.2261784 -0.1989471 0.1930791 0.5564981 -0.2249101 0.1597224 0.3370023 0.2269197 0.1597224 0.4773101 0.2269197 0.1597224 0.1561327 0.03196227 0.2738853 0.1512148 -0.01796936 0.2780231 0.6630975 -0.01796936 0.278023 0.6581796 0.03196227 0.2738852</float_array>
          <technique_common>
            <accessor source="#straight_003-mesh-positions-array" count="2023" stride="3">
              <param name="X" type="float"/>
              <param name="Y" type="float"/>
              <param name="Z" type="float"/>
            </accessor>
          </technique_common>
        </source>
        <source id="straight_003-mesh-normals">
          <float_array id="straight_003-mesh-normals-array" count="7236">1 0 0 1 -2.17514e-5 0 -1 0 0 -1 -9.98124e-6 0 -1 0 0 -1 9.98124e-6 0 1 -9.91671e-6 0 1 2.41682e-6 0 1 0 0 1 1.95995e-5 0 1 -9.70886e-6 0 -1 9.70886e-6 0 -1 1.98334e-5 0 -1 1.98778e-5 0 -1 0 0 -1 0 0 -1 -1.47168e-5 0 -1 1.45009e-5 0 0 -0.8090166 0.5877858 0 -0.587786 0.8090165 0 -0.5877859 0.8090165 0 0.8090167 -0.5877858 0 0.587786 -0.8090165 0 0.5877861 -0.8090164 0.6764236 -0.7066739 -0.2075172 -0.6764222 -0.6195843 -0.3982065 0.6764241 -0.6195878 -0.3981979 0.744061 -0.2064425 -0.6354169 0.6735166 -0.4344512 -0.5980197 0.7440636 -0.3927335 -0.5404905 0 0.6507882 0.7592594 0 0.7071076 0.707106 0 0.5877856 0.8090168 0.0354492 0.8090337 0.5866923 0 0.7071055 0.7071081 0 0.7071021 0.7071115 0.7440679 -0.5405062 -0.3927035 0.6735177 -0.7029874 -0.2284353 0.7440617 -0.6354262 -0.2064118 0.6735497 -0.5979353 -0.4345162 0.6764218 0.4823371 -0.556601 -0.6764253 0.6195847 -0.3982005 0.6764221 0.6195852 -0.3982052 0.6764214 0.3059399 -0.6699665 -0.6764248 0.4823479 -0.5565881 0.6764218 0.1047928 -0.7290213 -0.6764243 0.3059535 -0.6699572 0.6764221 -0.1047782 -0.7290232 -0.6764238 0.1047937 -0.7290194 0 0.3090181 -0.9510562 0 0.3090183 -0.9510561 -0.1955927 0.8622215 0.4672446 -0.7461102 0.6567454 0.1095681 -0.1938913 0.9675582 0.1619799 0.7441024 -0.5404773 0.3926779 0.6735124 -0.4345308 0.5979666 0.7441015 -0.3927068 0.5404577 0.6764227 0.3059882 0.6699429 -0.6764233 0.1047793 0.7290219 0.6764221 0.1047782 0.7290232 0 -0.309018 -0.9510563 -0.7440693 -0.3926723 -0.5405271 0 -0.5877861 -0.8090164 0.6764243 0.6195797 0.3982102 -0.6764227 0.4823285 0.5566072 0.6764224 0.4822853 0.5566451 0.6764245 -0.6195997 0.3981785 -0.6764209 -0.7066878 0.2074781 0.6764233 -0.7066851 0.2074794 0.6764212 -0.3059398 0.6699666 -0.6764248 -0.482299 0.5566303 0.6764219 -0.4823234 0.5566127 0.08495563 -0.5453734 -0.8338767 0 -0.2454897 -0.9693993 0.08327364 -0.2451833 -0.9658937 0.7440623 0.5405048 0.3927159 0.6735177 0.7030113 0.2283617 0.7440617 0.6354263 0.2064118 0.744063 0.3926776 0.5405318 0.6735172 0.597988 0.4344939 0.7440602 0.2064691 -0.6354093 0.6735528 4.95671e-5 -0.7391391 0.7440658 5.11685e-5 -0.6681063 0.7440612 0.39271 -0.5405106 0.6735191 0.2284221 -0.7029904 0.7440677 0.5405492 -0.3926447 0.6735178 0.4344357 -0.5980296 0.7440959 0.6353811 -0.2064272 0.6735498 0.5979825 -0.4344508 0.744064 0.6681083 2.19465e-5 0.6735181 0.7029774 -0.2284651 -0.744069 -0.2064223 0.6354141 0 -0.3090181 0.9510563 -0.7440695 -2.14024e-5 0.6681022 0 -1.20058e-7 1 0 0.9510563 0.3090178 -0.7440696 0.6681021 -2.15696e-5 0 1 0 0 -0.8090163 0.5877863 -0.7440691 -0.392704 0.5405041 0.7440661 -5.11153e-5 0.6681061 0.6735184 0.2284066 0.702996 0.7440611 0.2064425 0.6354169 0.7440602 -0.2064557 0.6354137 0.6735532 -4.95667e-5 0.7391389 0.6735191 -0.2283941 0.7029994 0 -0.9510562 -0.3090181 -0.7440695 -0.6681022 -2.15174e-5 0 -1 0 -0.7441028 -0.6353785 0.2064104 0 -0.9510561 0.3090183 0.6764234 0.7066922 0.2074551 -0.6764225 0.6195841 0.3982064 -0.7440692 0.635414 -0.2064222 0 0.9510562 -0.309018 0.6735168 0.7391719 2.00115e-5 -0.7440696 -2.14597e-5 -0.6681021 0 0 -1 -0.7440691 0.206453 0.6354041 0 0.309018 0.9510562 0 -0.3090181 0.9510562 0 0 1 0 0.9510561 0.3090182 0 1 1.29662e-7 0 1 2.42517e-7 -0.1968551 0.6638494 0.721493 -0.7461085 0.5855915 0.3168671 -0.7440691 -0.5405274 0.3926721 0.01378434 0.9525337 -0.304121 0.7440633 0.6681092 -3.35988e-6 0.02408123 0.99971 -1.03599e-5 0.7440632 0.6354206 0.2064238 0.03180146 0.9494661 0.3122543 2.4356e-5 0.5878012 -0.8090054 0.744063 0.5405326 -0.3926765 0.002783596 0.8102565 -0.5860689 0.7440631 0.6354206 -0.2064238 0 0.8090163 -0.5877864 -0.7440692 0.3926724 -0.5405271 -0.7440692 -0.2064898 -0.635392 0 0.951056 0.3090188 0 0 -1 0 -0.3090186 -0.9510561 0 0.3090178 0.9510563 -0.7440691 0.5405272 -0.3926723 0 0.6772809 -0.7357246 9.37394e-4 0.8794724 -0.4759489 0 0.8794729 -0.4759492 -0.6764228 -0.1047846 -0.7290216 0.6764225 -0.3059285 -0.6699703 -0.6764225 -0.3059285 -0.6699703 0.07825636 0.6808516 0.7282287 0 0.309018 -0.9510563 0.744063 0.3926762 -0.5405328 0 0 -1 0.7440631 0.2064238 -0.6354206 0 -0.3090183 -0.9510562 0.7440633 -3.37156e-6 -0.6681092 0 -0.5877856 -0.8090168 0.7440632 -0.2064239 -0.6354205 0.1017068 -0.9898265 0.09949612 0 -0.9510561 0.3090184 -2.42928e-5 -0.8090259 0.587773 0 -0.9510562 -0.3090181 0.7440631 -0.5405097 -0.3927078 0 -0.8090163 -0.5877863 0 -1 0 0.7440632 -0.6354206 -0.2064238 0.7440634 -0.6681091 -3.27155e-6 1.28682e-7 -0.707109 0.7071046 0 -0.8090166 0.5877858 0 -0.8575401 0.5144172 0 -0.7071086 0.7071051 0 -0.7071114 0.7071021 1.3639e-7 -0.4539915 0.891006 0 -0.5877854 0.8090169 2.24928e-7 -0.6354681 0.7721272 0 -0.4539923 0.8910058 -0.001416087 -0.5886378 0.8083958 0 -0.4539912 0.8910061 0 -0.1564348 0.9876883 -1.60405e-7 -0.3090179 0.9510563 2.41602e-7 -0.3357302 0.9419582 0 -0.1564336 0.9876885 -0.003581464 -0.3091838 0.9509957 0 -0.156433 0.9876886 -2.13993e-7 1.44069e-7 1 0 0.009776592 0.9999522 -1.46422e-7 0.1564351 0.9876883 8.499e-4 0.003234207 0.9999944 -7.3216e-7 0.156429 0.9876892 0 0.009777367 0.9999522 -1.55311e-7 0.3090179 0.9510563 0 0.353813 0.9353162 0 0.4539913 0.8910061 0.02771377 0.5905923 0.8064941 0 0.3538146 0.9353157 0.01385694 0.3135132 0.9494827 -0.01757609 0.9998343 0.004741787 0 0.9510562 -0.3090181 -0.004773437 0.9517633 -0.3067963 0 -0.951056 -0.3090186 0 -1 -2.06499e-7 0 -1 0 -0.0309931 0.9495442 0.3120983 0 0.8090165 0.587786 0 0.0825777 -0.9965847 9.37309e-4 0.4016998 -0.915771 0 0.4016999 -0.9157714 0 -0.3090181 -0.9510562 0 -0.5877859 -0.8090167 0 -0.5877861 -0.8090164 0 -1 -1.51948e-7 0 -0.9510562 0.309018 0 -0.9510563 -0.3090178 0 -0.8090165 -0.587786 0 -0.8090165 -0.5877861 -0.6764233 0.7365132 -3.2462e-5 0.6764219 0.7066715 -0.20753 -0.6764219 0.7066752 -0.2075177 -0.03434801 0.8090751 0.5867007 0 0.5877856 0.8090168 0 0.9510563 -0.3090181 0 -0.9510563 0.3090179 0 -0.8090167 0.5877858 0 0.8090164 0.5877861 -0.676423 0.4822884 -0.5566416 0.6764225 0.3059285 -0.6699703 -0.6764225 0.3059285 -0.6699703 0.1130244 -0.8440645 0.5241951 0.08553636 -0.9424695 0.3231636 0.119901 -0.9702225 0.210457 9.37424e-4 0.9863612 -0.1645926 0 0.9863618 -0.1645925 0 0 1 0 0.3090181 0.9510562 0 -0.9510562 -0.3090183 0 -0.5877859 -0.8090165 0 -0.8090167 -0.5877857 1.27954e-7 -0.8090163 -0.5877863 0 0.3090181 -0.9510562 0 0 -1 -0.1923798 0.9680078 -0.1610929 -0.1050614 0.9571495 -0.2698648 -0.1914801 0.8632617 -0.4670274 0 0.5877858 -0.8090167 -0.6764219 0.7066715 0.20753 0.6764233 0.7365132 3.24721e-5 -0.2135751 -0.924142 0.3167766 -0.7461087 -0.5254067 0.4089863 -0.2105692 -0.7723356 0.5992984 0.08648204 -0.9962534 -2.23584e-4 0.1239783 -0.9879278 -0.09288817 0 0.8090165 -0.5877859 -0.6764219 -0.7066715 -0.20753 0.6764233 -0.7365132 -3.24721e-5 -0.6764233 -0.7365132 3.2462e-5 0 0.5877858 0.8090166 -0.00101155 0.003091931 0.9999947 -0.01346307 0.3133431 0.9495446 0 -0.951056 0.3090188 0 -0.5877856 0.8090167 0 -0.3090178 0.9510563 2.44382e-5 -0.8090277 0.5877707 0 0.3090186 -0.951056 0 0 -1 -2.44335e-5 0.5878013 -0.8090053 -7.17238e-5 0.8090199 -0.5877814 0 -0.7891402 0.6142132 9.37524e-4 -0.9458168 0.3246993 0 -0.9458174 0.3246989 0.001443505 -0.5886544 0.8083835 9.3745e-4 -0.5469468 -0.837167 0.7454668 -0.451428 -0.4903998 0.7454956 -0.2677146 -0.6103812 1 -2.85582e-5 0 1 2.87595e-5 0 1 5.77207e-5 0 1 2.33853e-5 0 1 -2.68718e-5 0 -1 -9.91671e-6 0 1 0 0 1 0 0 1 0 0 -1 0 0 -1 0 0 -1 0 0 1 0 0 1 0 0 -1 0 0 0.06758868 0.4512622 -0.8898283 0.07965558 0.6750712 -0.7334398 0.06026345 0.7402766 -0.6695961 -0.6764233 -0.7365131 -3.19568e-5 0.6764234 -0.736513 -3.20071e-5 -0.676423 0.4823152 0.5566185 0.6764235 0.6196124 0.3981605 -0.6764236 0.6196124 0.3981604 -0.6764225 -0.3059285 0.6699703 0.6764228 -0.1047846 0.7290216 -0.6764228 -0.1047845 0.7290216 0.07247251 0.6754267 0.7338574 0.08129745 0.8765268 0.4744382 0.08147197 0.6750041 0.7333021 -0.6764235 -0.6196124 0.3981605 0.676423 -0.4823152 0.5566185 -0.676423 -0.4822884 0.5566416 -0.6764219 -0.7066752 0.2075177 0.6764236 -0.6196124 0.3981604 -1.30619e-7 0.09279996 -0.9956849 0 0.2454891 -0.9693993 0 0.08257764 -0.9965847 -0.1944394 0.3930301 -0.8987329 0 0.09279972 -0.9956849 -0.1987505 0.07933688 -0.9768337 -0.2159938 -0.9235603 -0.3168329 -0.7461089 -0.6658239 3.57808e-5 -0.2153272 -0.9765418 -6.41023e-4 0 -0.5469465 -0.8371676 -2.12577e-7 -0.6002444 -0.7998168 1.52472e-7 -0.4016976 -0.9157724 -0.2096344 -0.5361437 -0.8176818 1.3861e-7 -0.4016962 -0.915773 0 -0.6002464 -0.7998151 -0.2022975 -0.2414214 0.9491003 -0.7461086 0.05494654 0.6635532 -0.1995704 0.08024448 0.9765923 -0.6764203 -0.7066773 -0.207516 0 0.9863617 0.1645925 9.37444e-4 0.8794724 0.4759489 0 0.8794729 0.4759492 -0.6764228 0.1047845 -0.7290216 0.6764228 -0.1047845 -0.7290216 0.6764228 0.1047846 -0.7290216 3.09459e-7 -0.8581492 -0.5134004 0 -0.677278 -0.7357273 0 -0.7891402 -0.6142132 -0.2139189 -0.7715524 -0.5991209 0 -0.6772777 -0.7357275 0 -0.6772714 -0.7357334 -0.6764235 0.6196124 -0.3981605 0.676423 0.4823152 -0.5566185 0 -0.5469468 0.8371675 9.37491e-4 -0.7891396 0.6142132 0.08434545 -0.7865582 0.6117287 0 0.6772812 0.7357243 9.37391e-4 0.4016999 0.915771 0 0.4017003 0.9157712 0 0.08257764 0.9965847 9.37598e-4 -0.2454898 0.9693988 0 -0.2454898 0.9693992 -0.6764236 -0.6196124 -0.3981604 0.6764219 -0.7066752 -0.2075177 -1 0 0 1 0 0 1 0 0 1 9.81118e-6 0 1 0 0 -1 4.90559e-6 0 1 0 0 9.37512e-4 -0.9458168 -0.3246994 0.745496 -0.6574242 -0.1096776 0.7454945 -0.5861715 -0.3172395 0.745495 0.6665113 -2.54548e-5 9.3744e-4 0.9863613 0.1645925 0.745496 -0.6574196 0.1097055 9.37473e-4 -0.9999997 0 -1 4.83364e-6 0 0.7454965 0.6304046 0.216391 0.7454963 0.3645664 -0.5579665 0.7454961 0.1636331 -0.6461114 9.37536e-4 -0.2454892 -0.9693989 0.7454943 -0.05499315 -0.6642394 9.37409e-4 0.08257764 -0.9965842 0.7454946 -0.05505055 0.6642344 0.7454956 -0.2677606 0.6103612 9.37466e-4 0.677281 0.7357239 0.7454964 0.3645321 0.5579889 0.7454944 -0.5861844 0.3172159 0.7454965 0.6304001 -0.2164042 0.7454947 0.5259813 0.409367 9.374e-4 0.677281 -0.7357239 0.7454645 0.5259874 -0.4094144 9.37509e-4 -0.5469468 0.8371669 9.37472e-4 0.0825777 0.9965842 0.7454962 0.1636397 0.6461095 9.37461e-4 -0.7891398 -0.6142131 0.7454972 -0.451422 0.4903591 -0.7440691 0.3926837 0.540519 0 0.5877863 0.8090163 -0.1978702 0.3933959 0.8978235 -0.746111 0.4509746 0.4898371 0.08678978 -0.9422587 -0.3234442 0.1233621 -0.9225562 -0.3656119 9.76313e-7 0.5469538 -0.8371628 1.00243e-6 0.4278458 -0.9038518 3.88038e-5 -0.5469393 0.8371723 -0.1919763 0.6643593 -0.7223377 0 0.5469528 -0.8371635 0 0.5469551 -0.837162 0 0.7196604 -0.6943263 -3.87381e-7 0.7891352 -0.6142197 0 0.6772807 -0.7357248 0 0.7891355 -0.6142193 0 0.7891356 -0.6142191 -0.7461103 -0.3641874 0.5573931 -0.2061164 -0.5363423 0.8184455 -0.7461102 0.6567501 -0.10954 -0.7461102 -0.1634042 0.6454601 -0.7461094 0.2674939 0.6097277 0.6764233 0.7365131 -3.19074e-5 -0.6764203 0.7066873 0.207482 -0.6764225 0.3059285 0.6699703 0.676423 0.4822884 0.5566416 0.0824809 0.08372426 0.9930697 0.08163583 0.4002978 0.9127417 0.08197426 0.08215588 0.9932425 0.08326542 -0.5452947 0.8340986 0.08249735 -0.2448288 0.9660503 0 -1 0 0 -0.7891402 -0.6142131 0.08623588 -0.7863929 -0.6116777 -0.744069 -0.5405273 -0.3926723 0.1032789 -0.6009749 0.7925671 0.6764219 -0.7066715 0.20753 0.6764228 0.1047845 0.7290216 -0.6764228 0.1047846 0.7290216 -0.676423 -0.4823152 -0.5566185 0.6764235 -0.6196124 -0.3981605 0.6764236 0.6196124 -0.3981604 0 -0.5469468 -0.8371674 0.08033078 0.983226 -0.1637489 0.08100861 0.9831023 0.164157 0.09160888 -0.2710609 0.958193 0.07967674 0.8767204 -0.4743556 0.08027285 0.4001247 -0.9129384 0.08156579 0.081806 -0.993305 0 -0.9458174 -0.3246989 0.06433719 0.9737173 0.2184842 -0.6735162 0.2283869 0.7030045 -0.7440633 0.3926761 0.5405324 -0.6735162 0.4345011 0.597984 -0.6735162 -0.7030045 -0.2283867 -0.7440637 -0.6681087 3.32401e-6 -0.6735545 -0.7391375 3.01585e-6 -0.7440634 0.5405324 0.3926761 -0.6735162 0.597984 0.4345011 0.1075261 -0.5524054 -0.8266115 0.09410327 -0.2580127 -0.9615478 -0.7440635 0.6354202 0.2064238 -0.6735162 0.7030045 0.2283867 -0.6735162 -0.4345011 -0.597984 -0.7440634 -0.5405324 -0.3926761 -0.6735162 -0.597984 -0.4345011 -0.7440637 0.6681087 -3.32401e-6 -0.6735545 0.7391375 -3.01585e-6 0.1180049 -0.7786378 -0.6162776 -0.7440692 0.5405269 0.3926725 0 0.8090165 0.587786 0.05986899 0.9212663 -0.3842973 0.06187754 0.9948077 -0.0808025 0.07986265 0.09328156 -0.9924317 0.6764233 0.7066851 -0.2074794 -0.6764234 0.736513 -3.2053e-5 -0.7440635 0.6354203 -0.2064236 -0.6735163 0.7030045 -0.2283868 -0.7440635 -0.6354203 0.2064236 -0.6735163 -0.7030045 0.2283868 0.6764251 -0.4822512 -0.5566713 -0.6764221 -0.3059915 -0.6699422 0.6764227 -0.3059409 -0.6699646 -0.6735162 0.2283868 -0.7030045 -0.7440637 -3.32301e-6 -0.6681087 -0.6735545 -3.01696e-6 -0.7391375 -0.6735545 3.01696e-6 0.7391375 -0.7440634 0.2064236 0.6354202 -0.6735162 -0.2283868 0.7030045 -0.7440637 3.32301e-6 0.6681087 -0.6735162 -0.597984 0.4345011 -0.7440634 -0.3926761 0.5405324 -0.6735162 -0.4345011 0.597984 -0.7440633 -0.5405325 0.3926761 0.7440959 -0.6353811 0.2064273 0.6735498 -0.5979827 0.4344506 -0.6735162 -0.2283869 -0.7030045 -0.7440633 -0.3926761 -0.5405324 -0.7440634 -0.2064236 -0.6354202 -0.6735162 0.4345011 -0.597984 -0.7440635 0.2064238 -0.6354202 -0.6735162 0.597984 -0.4345011 -0.7440634 0.3926761 -0.5405324 -0.7440633 0.5405325 -0.3926761 1 2.38503e-5 0 1 5.254e-5 0 -0.6764231 -0.6196266 0.3981391 0.6764218 -0.1047801 0.7290231 -0.6764242 -0.3059417 0.6699627 0.744063 -0.3927079 -0.5405098 -0.6764234 -0.1047793 -0.7290219 -0.6764209 0.7066878 -0.2074781 -0.7441028 0.6353784 0.2064107 0.6735184 -0.2284345 -0.702987 -0.6764208 -0.4822567 -0.5566717 0.676423 -0.4822884 -0.5566416 -0.1403601 -0.8288171 -0.5416285 -0.7440691 0.2064223 -0.6354141 -0.7461104 -0.6297347 0.2162257 -0.7440635 -0.2064238 0.6354202 0.6764219 0.7066752 0.2075177 0.6764225 0.3059285 0.6699703 -0.7440635 -0.6354202 -0.2064238 -0.6764237 -0.1048066 0.7290175 0.744064 -0.6681084 -2.09872e-5 0.6735181 -0.7029772 0.2284653 0 -0.3090188 -0.951056 0.003483235 -0.3090628 0.9510353 -0.6764222 0.3059648 0.6699542 -0.02680385 0.5905091 0.8065859 0.07657033 0.4114394 0.9082151 0.06860375 0.8643674 0.4981591 0.6764225 -0.3059285 0.6699703 -0.744069 -0.6354141 -0.2064223 -1.73663e-7 -0.2454896 -0.9693992 -1.52315e-7 -0.2746435 -0.9615462 -2.12456e-7 -0.0825864 -0.9965839 -0.2041971 -0.2420843 -0.9485246 0 -0.08258652 -0.9965839 0 -0.2746431 -0.9615463 0.6735164 0.4344512 0.5980198 0.673555 -0.7391372 -1.90151e-5 -0.0946514 0.9930197 0.07037806 -0.2092555 0.5778275 0.7888774 -0.1499243 0.005613744 0.9886816 -0.1035863 -0.3112377 0.9446698 0 -0.8090164 -0.5877861 -0.002985596 -0.9519028 -0.3063855 0 -0.3090188 -0.951056 0 -0.5877857 -0.8090168 0 0 -1 -0.04039382 -0.5784568 0.8147123 -0.02045863 0.8224221 -0.5685099 -0.002722382 0.5899193 -0.8074577 0 0.3090186 -0.951056 -0.002127647 -0.9521666 0.3055719 -0.006069779 -0.8067597 0.5908486 -0.01241934 -0.9999222 0.001247525 -0.1867391 0.3160115 0.9301964 -0.1676617 0.7712659 0.6140348 -0.1106698 0.9224625 0.3698855 -0.06120878 0.9672343 -0.2463971 0.02756965 -0.6137322 0.7890328 -0.02558952 0.8635125 0.5036778 -0.03709846 0.7528138 -0.6571872 -0.04021286 0.9290084 -0.3678675 -0.01212263 0.4167994 0.9089177 0.01376104 -0.256892 -0.9663422 -0.008568763 0.1000202 -0.9949486 0.05224853 -0.7813436 -0.6219102 0.03494137 -0.5542576 -0.8316115 -0.0271759 0.4630545 -0.8859131 -0.03841084 0.9970748 -0.06607961 0.06266224 -0.9249134 -0.3749784 -0.03240829 0.9727166 0.2297223 0.01130998 -0.2768405 0.9608494 0.04495823 -0.8581681 0.5113967 -0.002447843 0.08606922 0.9962862 0.06460708 -0.9920267 -0.1082089 -0.01900225 0.6780364 0.7347827 0.05880308 -0.9794198 0.1930786 0.1274624 0.9776516 -0.1671847 0.08341288 0.9787932 0.1870999 0.01918196 0.9995477 0.0231626 0.01889228 -0.999745 0.01238048 0.00470227 -0.9547757 -0.2972899 0.006025314 -0.9997108 0.02328598 0.3160477 0.8242412 0.4698302 0.3139103 0.6002831 0.7356089 0.1260927 0.8935548 0.4308834 0.4355885 0.5918411 0.6782233 0.3511351 0.4401783 0.8264063 0 -0.5877849 -0.8090173 0 -0.8090162 -0.5877864 0 -0.8090164 -0.5877861 0.4820069 0.2164554 0.849009 0.3815208 0.05558151 0.9226878 0.3080502 0.2779249 0.9098697 -0.003476321 -0.9019845 0.4317545 0.09221422 -0.9339594 0.3452775 0.1028867 -0.7699375 0.6297702 0.1980605 -0.7736061 0.6019185 7.50132e-5 0.3090833 -0.951035 -6.00317e-7 -2.54523e-7 -1 0 -1.96895e-7 -1 -7.03036e-4 0.6040306 -0.7969608 0 0.3093333 -0.9509538 0.002230763 0.5991646 -0.8006228 0.001950383 0.8901455 -0.4556722 0.03460425 0.8508772 -0.5242238 0.2560997 -0.5483719 0.7960535 0.2629438 -0.5155097 0.8155429 0 -0.309018 -0.9510563 0 -0.309018 -0.9510563 0 -0.5877851 -0.8090172 0 -0.9510561 -0.3090183 0.3324732 -0.1892355 0.9239326 0.3637406 -0.2031944 0.9090681 0.4363475 0.0422495 0.8987859 0.4823679 0.4052153 0.7766092 0.2111718 0.9687527 0.1300956 0.01274818 -0.868167 0.4961085 0.02889478 -0.9831774 0.1803535 0.01551479 -0.9839062 0.1780111 0.03026694 -0.9928476 -0.1154882 0.01521837 -0.9931469 -0.1158779 -0.01185607 0.7644496 -0.6445746 -0.01659047 0.4739571 -0.8803916 -0.02028989 0.7618552 -0.6474297 -0.005480527 0.678143 0.7349095 -0.01330113 0.8613331 0.5078666 -0.01003807 0.6780831 0.7349167 0.02688348 -0.9267008 -0.3748372 0.0122388 -0.9274407 -0.3737701 -0.003523826 0.4196693 0.9076703 -0.001325786 0.08678698 0.9962261 -7.34709e-4 0.08713573 0.9961963 0.008168995 -0.6239058 0.7814569 0.02300113 -0.8663349 0.4989337 0.00584197 -0.2804704 0.9598449 0.003307402 -0.2814025 0.9595841 -0.009211719 0.9705953 0.2405415 -0.01942044 0.9983578 -0.05389422 -0.0165829 0.971009 0.2384671 0.00144118 -0.5576795 -0.8300551 -6.36983e-4 -0.2565088 -0.9665417 -0.002886474 -0.2544328 -0.9670863 0.01955515 -0.7848799 -0.6193394 0.007237672 -0.7860102 -0.6181712 -0.01071041 0.9986351 -0.05111968 -0.02087754 0.9341638 -0.3562334 -0.01004117 0.4763033 -0.8792237 -0.009607076 0.1066564 -0.9942495 0.00974828 -0.557119 -0.8303755 -0.006009399 0.1096301 -0.9939543 -0.006446659 0.4190014 0.9079627 -0.01145106 0.9354545 -0.3532616 -0.007360517 0.8608441 0.5088157 0.01461964 -0.6219663 0.7829076 0.03678262 -0.8629417 0.5039631 0.04654783 -0.9815005 0.1857154 0.05064922 -0.992292 -0.1130994 -0.02270621 0.4689359 -0.8829404 -0.03062731 0.7579205 -0.6516277 -0.01562333 0.6780178 0.7348794 0.04749274 -0.9255889 -0.3755392 -0.00207889 0.08634036 0.9962636 0.02287304 -0.6181311 0.7857422 0.008891582 -0.278957 0.9602624 -0.02627706 0.971714 0.2346947 0.02305877 -0.555946 -0.8308985 0.006549835 -0.257061 -0.9663731 0.03753036 -0.7831864 -0.6206533 -0.03093463 0.997767 -0.05919504 -0.009935796 0.1029765 -0.9946342 -0.01003867 0.4180182 0.9083833 -0.03335911 0.9316532 -0.3618143 -0.02091389 0.862237 0.5060734 -0.2885565 0.9549974 0.06866848 -0.1650649 0.9749478 -0.1490988 -0.03110682 -0.9993305 -0.01925861 -0.4461153 0.6577576 0.606907 -0.3488574 0.8780769 0.3275355 -0.4940253 0.4589319 0.7384583 0 -0.5877855 -0.809017 -1.62457e-4 -0.8091223 -0.5876404 -0.5139609 0.2749959 0.8125401 -0.02591317 -0.9525621 0.3032391 -0.1312271 -0.7869049 0.6029596 -4.00931e-5 0.3090601 -0.9510425 0 1.69282e-7 -1 -0.002053022 0.5993099 -0.8005146 -0.03621566 0.851713 -0.5227556 -0.2014501 -0.4997416 0.8424229 0 -0.3090186 -0.951056 -0.007380425 -0.9572975 -0.2890107 -0.2939261 -0.1785011 0.9390127 -0.4241849 0.07760059 0.9022447 -0.2097296 -0.615959 0.7593471 -0.205543 0.9504299 0.2333134 -0.2049385 0.8428695 0.4975653 -0.2060797 0.7448399 -0.6346217 -0.2053214 0.9143181 -0.3490927 -0.2073397 0.4090989 0.8886216 -0.2159339 -0.2452319 -0.9451106 -0.2122687 0.1084661 -0.9711731 -0.222895 -0.7673957 -0.6011835 -0.219675 -0.5442156 -0.8096743 -0.208742 0.4618927 -0.862022 -0.2054494 0.9772117 -0.05336743 -0.2243422 -0.9041933 -0.3634625 -0.2093844 -0.2806973 0.9366789 -0.2103033 -0.8524638 0.4786212 -0.2084786 0.081685 0.9746098 -0.224982 -0.9675985 -0.1146141 -0.2048494 0.664036 0.7190918 -0.218256 -0.960353 0.1734543 0.08748775 0.9934844 0.07303857 0.1961147 0.5685767 0.7989115 0.1541605 0.01708197 0.9878982 0.07666158 -0.3017928 0.9502863 0 -0.9510563 -0.3090178 0 -0.5877857 -0.8090167 0 -0.3090183 -0.9510561 0.02397191 -0.5884662 0.8081665 0.05007958 0.9683531 -0.2445086 0.01791691 0.8238609 -0.5665088 0.002734839 0.5899337 -0.8074471 0 0.3090181 -0.9510563 0 -1.22459e-7 -1 0.006544172 -0.8078173 0.5893965 0 -1 1.60877e-7 0.001194298 -0.9507383 0.3099926 0.1962785 0.3183255 0.9274393 0 -0.8090167 -0.5877856 0.1541651 0.7787513 0.608095 0.1118994 0.9254803 0.3618909 -0.3421897 0.9006844 0.2677197 -0.2130104 0.9632266 0.1637718 -0.3142449 0.3558535 0.8801241 -0.3322111 0.486279 0.8081885 -0.2353355 0.1409595 0.961638 -0.2081834 -0.243368 0.9473288 0.005256295 -0.958516 -0.2849903 -1.75367e-7 -0.309019 -0.951056 0 -0.5877858 -0.8090167 -9.5105e-7 1.92093e-7 -1 -0.180347 -0.614171 0.7682897 -0.1363536 0.9905163 -0.01688927 -0.02129662 0.8809769 -0.47268 -6.3031e-4 0.6028371 -0.7978642 -5.47949e-5 0.3092084 -0.9509944 -0.08307886 -0.9537214 0.2889873 -0.1802864 -0.7634372 0.6202101 1.62424e-4 -0.8092445 -0.5874722 -0.3583539 0.7287157 0.5835718 -0.02035349 -0.9986751 -0.04726475 0.007626593 -0.2797736 0.9600358 0.01908493 -0.6204934 0.7839795 -0.01729184 0.8617007 0.5071223 -0.02736645 0.9330235 -0.3587735 -0.008431613 0.4185099 0.9081732 0.002566218 -0.2569887 -0.9664111 -0.01061725 0.1045001 -0.9944682 0.02848088 -0.7841496 -0.619918 0.01617676 -0.5567135 -0.8305471 -0.02075737 0.4718131 -0.8814542 -0.02539008 0.9980945 -0.05623859 0.03730291 -0.9261929 -0.3752002 -0.02162754 0.9713087 0.236837 0.03011089 -0.8648676 0.5010961 -0.001769959 0.08644258 0.9962553 0.04085057 -0.9925676 -0.1146335 -0.01300042 0.6779975 0.7349492 -0.02608138 0.7597907 -0.6496443 0.03806948 -0.9824504 0.1825979 1 9.91671e-6 0 1 2.17514e-5 0 1 -9.81119e-6 0 1 -2.41682e-6 0 -1 -4.90559e-6 0 -1 -1.98334e-5 0 -1 -9.70886e-6 0 -1 -1.45009e-5 0 -1 -1.98778e-5 0 1.21709e-7 0.707107 0.7071066 0 0.7071068 0.7071067 0 -0.8910058 0.4539922 0 -0.8910055 0.4539925 0 -0.7071065 0.7071071 1.56587e-7 -0.7071067 0.7071069 0 -0.6354683 0.772127 0 -0.4539923 0.8910057 0 -0.4539912 0.8910062 -2.72607e-7 -0.3357309 0.941958 0 -0.1564351 0.9876883 1.2125e-7 -0.1564356 0.9876882 0 0.1564355 0.9876883 -6.54099e-7 0.1564297 0.9876891 -1.28142e-7 0.1564357 0.9876882 0 0.4539902 0.8910067 0 0.4539923 0.8910056 0 0.4539917 0.8910059 -1 1.47168e-5 0 1 9.70886e-6 0 -1 9.91671e-6 0 -1 -4.83364e-6 0 -6.75396e-7 0.2454891 -0.9693995 -2.0185e-7 0.4278473 -0.9038511 -1.2895e-5 -0.2454878 0.9693997 0 0.2454891 -0.9693995 1.40766e-7 -0.4016968 -0.9157727 1.7582e-7 -0.4016969 -0.9157727 0 -0.4016967 -0.9157728 3.18641e-7 -0.4016953 -0.9157735 -1.57991e-7 -0.6772769 -0.7357283 0 -0.677278 -0.7357273 0 -0.6772785 -0.7357268 1 -1.95995e-5 0 -1.28377e-7 0.7196612 -0.6943255 0 -0.5469627 0.8371571 -1.74839e-7 0.5469534 -0.8371632 0 0.7891357 -0.614219 1 -2.38503e-5 0 0 -0.8794761 -0.4759431 0 -0.8794762 -0.4759429 0 -0.08258664 -0.9965839 1.91315e-7 -0.08258634 -0.996584 0 -0.08258652 -0.9965839 2.20248e-7 -0.08258634 -0.9965839 0 -0.5000122 -0.8660184 0 -0.7660574 -0.6427722 -0.653222 -0.6557256 0.378583 0.6532222 -0.3785805 0.6557269 -0.6532227 -0.3785791 0.655727 0 -1 0 -0.6532262 -0.2589253 -0.7115148 0.6532213 -0.5800604 -0.4866538 -0.65322 -0.580062 -0.4866536 0 -0.7660962 -0.6427259 0 -0.173672 0.9848036 0 0.4999691 0.8660433 0 -0.1736528 0.984807 -0.6532225 0.6557264 0.3785806 0.65324 0.757151 1.50747e-5 -0.6532387 0.757152 1.50101e-5 0.6532242 -0.5800486 -0.4866641 -0.6531901 -0.2589057 -0.711555 0.653191 -0.2589354 -0.7115435 0 0.1736527 -0.984807 0.6532152 0.2589617 -0.7115116 -0.6532195 0.5800501 -0.4866686 0.6532186 0.5800419 -0.4866793 0.6532129 -0.7456861 -0.1313978 -0.6533045 -0.5799252 -0.4867033 0.6532227 -0.5800362 -0.4866806 0.6532481 0.7114679 -0.258999 -0.653214 0.7456865 0.1313893 0.6532117 0.7456876 0.1313945 0 0.5000312 -0.8660075 0.6532391 -0.4866602 -0.580035 -0.6531867 -0.1315946 -0.7456743 0.6531876 -0.131466 -0.7456961 0 0.9397073 0.3419799 -0.6532334 0.7456561 -0.1314657 0.65322 0.580062 -0.4866536 -0.6532213 0.5800604 -0.4866538 0 0.9397103 0.3419715 0.6532195 -0.5800722 0.4866422 -0.6532132 -0.7456845 0.1314049 0.6532127 -0.7456873 0.1313917 -0.6532213 -0.5800604 0.4866538 0.6532262 -0.2589253 0.7115148 -0.6532252 -0.2589201 0.7115176 -0.6532227 -0.6557271 -0.378579 0.6532348 -0.7571554 2.89038e-5 -0.6532348 -0.7571554 -2.89038e-5 0 0.4999709 -0.8660422 0 -0.7660368 0.6427968 0 0.7660576 0.6427719 0 0.1736729 0.9848035 0 -0.1736527 0.984807 -0.6532262 0.2589253 0.7115148 0.6532213 0.5800604 0.4866538 -0.65322 0.580062 0.4866536 -0.6532363 0.7571541 -1.62643e-5 0.6531964 0.6557569 -0.378573 -0.6531966 0.6557566 -0.3785732 0 0.9396897 -0.3420282 0.6532139 -0.7456822 -0.1314143 -0.6533039 -0.5799022 -0.4867314 0.6532229 -0.5800352 -0.4866818 0.6532424 0.7571488 -4.94867e-5 -0.6532239 0.6557692 0.3785042 0.6532245 0.6557225 0.378584 -0.6532225 -0.6557264 -0.3785806 0.65324 -0.757151 -1.50747e-5 -0.6532387 -0.757152 -1.50101e-5 0.6531956 -0.5800375 0.4867156 -0.653213 -0.7456851 0.1314029 0.6532123 -0.7456742 0.1314674 0.6532394 0.2589207 0.7115042 -0.6531887 -0.1315284 0.7456841 0.6531891 -0.1314617 0.7456955 0.6532192 -0.3785288 0.6557596 -0.6532481 -0.6556902 0.3785994 0.6532469 -0.6556981 0.3785875 0.6531913 -0.7571929 1.39614e-5 -0.6532508 -0.6556925 -0.3785905 0.653208 -0.6557071 -0.3786393 0 0.7660585 -0.642771 0 -0.1736381 0.9848096 0 0.9396849 -0.3420413 -0.6531966 -0.6557566 0.3785732 0.65323 -0.3785508 0.6557363 -0.6532289 -0.3785516 0.6557368 -0.6532667 -0.7456322 -0.1314353 0.6531965 -0.7115308 0.2589561 -0.6531966 -0.7115409 0.2589285 0.6532337 -0.4866577 0.5800431 -0.6532339 -0.4866583 0.5800424 0 -0.7660087 -0.6428304 0 -0.939693 0.3420193 0.6531913 -0.1315216 0.7456831 -0.6532485 -0.4867314 0.5799646 0.6532489 -0.4866834 0.5800045 0 0.1736526 -0.984807 0.653186 -0.1314671 0.7456973 -0.6531859 -0.131466 0.7456976 0 0.5000126 -0.8660181 0 0.939693 0.3420192 -0.6532355 -0.258906 -0.7115132 0.6532006 -0.5800608 -0.4866811 -0.6532012 -0.5800605 -0.4866806 -1 -5.53379e-5 0 -0.6531863 0.1314679 -0.7456969 0.6532353 -0.2589057 -0.7115136 -0.6532481 0.4866905 -0.5799995 0.6531863 0.131501 -0.7456911 -0.6532447 0.711493 -0.2589383 0.6532472 0.486691 -0.58 -0.6532104 0.7456864 0.1314077 0.6532456 0.7114935 -0.2589348 -0.6532186 0.5800661 0.4866507 0.6532099 0.7456888 0.131397 -0.6532105 0.2589628 0.7115155 0.6532199 0.5800668 0.486648 0.6532097 0.2589644 0.7115157 -0.6532334 -0.7456561 0.1314657 0.65322 -0.580062 0.4866536 0 -0.7660596 0.6427696 0 -0.9397103 -0.3419715 -0.6531865 -0.131454 -0.7456992 0.6532338 -0.4866685 -0.580034 -0.6532336 -0.4866487 -0.5800508 0 0.1736525 0.9848071 -1 1.13611e-4 0 1 -2.06995e-7 0 1 -1.51493e-7 0 -0.6531963 -0.7115361 -0.2589423 0.6532335 -0.745654 0.1314768 0 -0.1736438 -0.9848086 0.6532337 0.1314938 0.7456509 -0.6532334 0.1314995 0.7456502 0 1 0 0.6531963 -0.7115364 -0.2589413 -1 1.48614e-7 0 1 0 0 -1 1.35105e-7 0 -0.6532367 0.7115017 0.258935 0.6532106 0.7456865 -0.131406 -0.6532102 0.7456867 -0.1314072 -0.6532352 0.2589063 -0.7115135 0.6531863 -0.1314942 -0.7456923 -0.6531932 0.5800264 -0.4867319 0.6532354 0.2589064 -0.7115132 0.6531926 0.5800094 -0.4867531 0 -0.5000119 0.8660187 -0.653192 0.4867499 0.5800127 0.6532368 0.7115108 0.2589092 0.6531913 0.4867495 0.5800139 -0.6532175 -0.6557533 0.3785427 0.6532455 -0.3785703 0.6557095 -0.6532465 -0.3785701 0.6557086 0.6531926 -1.70676e-5 0.7571919 -0.6531917 -1.70067e-5 0.7571926 0 0.500011 0.8660191 -1 -1.13595e-4 0 0.6532168 -0.6557538 0.378543 0 -0.5000131 -0.8660179 0.6532124 0.2590094 -0.7114969 -0.6532227 0.5800503 -0.486664 0.6532211 0.5800423 -0.4866757 0.65323 0.3785508 -0.6557363 -0.6532289 0.3785516 -0.6557368 1 4.32331e-7 0 0.6532289 0.3785516 0.6557368 -0.65323 0.3785508 0.6557363 -0.6532455 -0.3785703 -0.6557095 0.653222 -0.6557268 -0.3785809 -0.6531926 -1.70676e-5 -0.7571919 0.6532465 -0.3785701 -0.6557086 0.6531917 -1.70067e-5 -0.7571926 -0.6531908 0.6557529 0.3785893 0.6532351 0.7571551 2.0332e-5 0.6531922 0.6557517 0.3785891 0.6532475 -0.7114683 -0.258999 -0.6532086 -0.4868017 -0.5799506 0.6532485 -0.4866835 -0.5800049 -1 2.68788e-4 0 1 1.51548e-7 0 1 -4.13944e-7 0 1 1.2811e-7 0 -0.6531959 0.6557981 0.3785023 0.6531975 0.6557199 0.378635 0 -0.7660605 -0.6427686 -0.6532105 0.2589637 0.7115153 0.6532187 0.5800644 0.4866526 -0.6532174 0.5800654 0.4866532 0 0.1736528 0.984807 0 0.766061 -0.6427679 -0.653211 -0.7456862 -0.1314057 0.6532458 -0.7114917 0.2589394 -0.653245 -0.7114804 0.258972 1 0 0 -1 0 0 -0.6532185 -0.5800479 -0.4866725 0.6532106 -0.7456865 -0.1314061 -0.6532105 -0.2589628 -0.7115156 0.6532198 -0.5800653 -0.48665 -0.6531866 0.1314681 -0.7456967 0.6532096 -0.2589633 -0.7115162 -0.6532482 0.4866925 -0.5799977 0.6531865 0.131468 -0.7456968 -0.6532442 0.7114983 -0.2589251 0.6532472 0.4867311 -0.5799663 -0.653212 0.7456848 0.1314094 0.653245 0.7114934 -0.2589367 0.6532115 0.7456852 0.1314095 -0.6532096 -0.2589638 0.7115161 0.6531865 0.1314677 0.7456967 -0.6531866 0.1314676 0.7456967 -0.6532187 -0.5800644 0.4866526 0.6532105 -0.2589637 0.7115153 0.6532473 0.486738 0.5799606 -0.6532464 0.4867292 0.579969 0 0.9396851 0.342041 1 -4.14044e-7 0 1 4.14053e-7 0 -1 -3.35569e-4 0 -1 -3.35569e-4 0 -1 -3.35569e-4 0 -1 -5.68015e-5 0 -0.6531879 -0.7571958 2.66159e-5 0.6532474 -0.6557077 0.3785701 -0.6532467 -0.6557105 0.3785665 0 -0.9396917 -0.342023 0.653245 0.7114804 0.258972 -0.6532458 0.7114917 0.2589394 0 0.5000131 -0.8660179 -0.6532115 -0.7456852 0.1314095 0.6532174 -0.5800654 0.4866532 1 2.76698e-5 0 1 0 0 -1 0 0 -1 -2.16181e-7 0 -0.653245 -0.7114934 -0.2589367 0.653212 -0.7456848 0.1314094 -0.6532472 -0.4867311 -0.5799663 0.6532442 -0.7114983 -0.2589251 -0.6531865 -0.131468 -0.7456968 0.6532482 -0.4866925 -0.5799977 -0.6532096 0.2589633 -0.7115162 0.6531866 -0.1314681 -0.7456967 -0.6532198 0.5800653 -0.48665 0.6532105 0.2589628 -0.7115156 -0.6532106 0.7456865 -0.1314061 0.6532185 0.5800479 -0.4866725 0.653211 0.7456862 -0.1314057 -0.6531926 1.70676e-5 0.7571919 0.6532465 0.3785701 0.6557086 -0.6532455 0.3785703 0.6557095 0 0.5000119 0.8660187 0 -0.5000114 0.8660188 1 0 0 1 -4.14053e-7 0 1 0 0 1 4.14044e-7 0 0.6531917 1.70067e-5 0.7571926 -0.6532168 0.6557538 0.378543 0.6532387 0.757152 -1.50101e-5 -0.65324 0.757151 -1.50747e-5 0 -0.9396863 -0.3420376 0 0.1736434 -0.9848086 -0.6531922 -0.6557517 0.3785891 0.6532175 0.6557533 0.3785427 1 -2.76684e-5 0 -1 0 0 -0.6532351 -0.7571551 2.0332e-5 0.6531908 -0.6557529 0.3785893 -0.653222 0.6557268 -0.3785809 0.6532455 0.3785703 -0.6557095 -0.6532465 0.3785701 -0.6557086 -0.65323 -0.3785508 -0.6557363 0.6531966 -0.6557566 -0.3785732 -0.6531964 -0.6557569 -0.378573 -0.6531917 1.70067e-5 -0.7571926 0.6532289 -0.3785516 -0.6557368 0.6531926 1.70676e-5 -0.7571919 0 -0.9396895 0.3420287 0.6532334 0.7456561 0.1314657 -0.6532335 0.745654 0.1314768 -0.6532338 0.4866685 -0.580034 0.6531865 0.131454 -0.7456992 -0.6531863 0.1314942 -0.7456923 0 0.7660596 0.6427696 0 -0.1736525 0.9848071 0 0.939711 -0.3419697 -1 1.34381e-4 0 1 0 0 1 2.06973e-7 0 1 0 0 1 2.06948e-7 0 -1 -2.0439e-4 0 -1 -2.04367e-4 0 -1 -2.04415e-4 0 -0.6532337 -0.1314938 0.7456509 0.6532252 0.2589201 0.7115176 0 -0.9396937 0.3420174 0.6531963 0.7115361 -0.2589423 -0.6531963 0.7115364 -0.2589413 0 -0.1736526 -0.984807 -0.6531913 -0.4867495 0.5800139 0.6532334 -0.1314995 0.7456502 1 2.16166e-7 0 -1 -2.16167e-7 0 -1 -2.16178e-7 0 -0.6532368 -0.7115108 0.2589092 0.653192 -0.4867499 0.5800127 -0.6532106 -0.7456865 -0.131406 0.6532367 -0.7115017 0.258935 -0.6531926 -0.5800094 -0.4867531 0.6532102 -0.7456867 -0.1314072 -0.6532354 -0.2589064 -0.7115132 0.6531932 -0.5800264 -0.4867319 0.6532352 -0.2589063 -0.7115135 0.65319 0.2589399 -0.7115426 -0.6532213 0.5800485 -0.4866679 0.6532199 0.5800409 -0.4866789 0.6532336 0.4866487 -0.5800508 0 0.939693 0.3420193 0 0.1736373 0.9848096 0 0.7660107 -0.6428279 1 0 0 1 0 0 1 -2.06954e-7 0 1 0 0 0 -0.7660576 0.6427719 0 -0.5000126 0.8660181 -0.6532415 0.3785291 -0.6557372 0.653222 0.6557257 -0.3785829 0.6532309 0.3785751 -0.6557212 -1 5.53379e-5 0 1 0 0 -1 2.16177e-7 0 -1 2.16159e-7 0 -0.6532348 0.7571554 -2.89609e-5 0.6532415 0.6557121 0.3785725 0.6532348 0.7571554 2.89609e-5 -0.6532394 2.49615e-6 0.7571514 0.6532227 0.3785791 0.655727 -0.6532222 0.3785805 0.6557269 -0.6532168 -0.3785411 0.6557549 0.6532382 1.61812e-5 0.7571524 0 -0.7660576 -0.6427719 -1 -6.5592e-5 0 1 0 0 -0.6532309 0.6557198 0.3785775 0 -0.4999709 0.8660422 0 -0.4999691 0.8660433 0 -0.7660585 0.642771 0 0.4999691 -0.8660433 -1 0 0 -1 -2.16154e-7 0 -1 0 0 0.6532174 -0.37857 0.6557376 0.6532394 2.49615e-6 -0.7571514 -0.6532382 1.61812e-5 -0.7571524 -0.6532667 0.7456322 0.1314353 0.6531965 0.7115308 -0.2589561 -0.6531966 0.7115409 -0.2589285 -0.6532174 -0.37857 -0.6557376 0.6532467 -0.6557105 -0.3785665 -0.6532474 -0.6557077 -0.3785701 0.6532168 -0.3785411 -0.6557549 -0.6532474 0.6557076 -0.3785702 0.6531879 0.7571958 -2.65588e-5 0.6532467 0.6557106 -0.3785664 0 0.939693 -0.3420193 0 0.7660087 0.6428304 0.6532337 0.4866577 -0.5800431 -0.6532339 0.4866583 -0.5800424 0 0.1736381 -0.9848096 1 0 0 -0.6532012 0.5800605 0.4866806 0.6532676 0.745634 0.1314205 0 -0.1736526 0.984807 0.653186 0.1314671 -0.7456973 -0.6531859 0.131466 -0.7456976 0 -0.939693 -0.3420192 -0.6532355 0.258906 0.7115132 0.6532006 0.5800608 0.4866811 -1 1.38342e-5 0 -0.6531863 -0.1314679 0.7456969 0.6532353 0.2589057 0.7115136 -0.6532481 -0.4866905 0.5799995 0.6531863 -0.131501 0.7456911 -0.6532447 -0.711493 0.2589383 0.6532472 -0.486691 0.58 -0.6532104 -0.7456864 -0.1314077 0.6532456 -0.7114935 0.2589348 -0.6532186 -0.5800661 -0.4866507 0.6532099 -0.7456888 -0.131397 -0.6532105 -0.2589628 -0.7115155 0.6532199 -0.5800668 -0.486648 0.6532097 -0.2589644 -0.7115157 0.6532352 0.7456559 0.1314578 -0.6531815 0.580146 0.4866054 0.6531851 0.5800526 0.4867116 0 0.7660596 -0.6427696 0 -0.1736525 -0.9848071 1 2.06995e-7 0 1 1.51493e-7 0 -1 -2.17004e-4 0 -1 -2.17116e-4 0 -1 -2.17016e-4 0 1 2.2188e-7 0 0 0.1736438 0.9848086 -0.6532252 0.2589201 -0.7115176 0.6532337 -0.1314938 -0.7456509 -0.6532334 -0.1314995 -0.7456502 0 0.5000122 0.8660184 -0.6532336 0.4866487 0.5800508 0.6531963 0.7115364 0.2589413 -0.6531963 0.7115361 0.2589423 1 0 0 -1 -1.35105e-7 0 -0.6532367 -0.7115017 -0.258935 0.6532106 -0.7456865 0.131406 -0.6532102 -0.7456867 0.1314072 -0.6532352 -0.2589063 0.7115135 0.6531863 0.1314942 0.7456923 -0.6531865 0.131454 0.7456992 -0.6531932 -0.5800264 0.4867319 0.6532354 -0.2589064 0.7115132 0.6531926 -0.5800094 0.4867531 0 0.5000119 -0.8660187 -0.653192 -0.4867499 -0.5800127 0.6532368 -0.7115108 -0.2589092 0.6531913 -0.4867495 -0.5800139 -0.6532175 0.6557533 -0.3785427 0 -0.1736527 -0.984807 0 -0.500011 -0.8660191 1 0 0 1 0 0 -1 8.95784e-5 0 0.6532168 0.6557538 -0.378543 0 0.5000131 0.8660179 0 0.7660574 0.6427722 0 -0.9396919 0.3420225 -1 -2.76683e-5 0 1 -4.32331e-7 0 0.653222 0.6557268 0.3785809 -0.6531964 0.6557569 0.378573 0.6532363 0.7571541 1.62643e-5 -0.6532351 0.7571551 -2.0332e-5 -0.653245 0.7114804 -0.258972 0.6532464 0.4867292 -0.579969 -0.6532473 0.486738 -0.5799606 -0.6531908 -0.6557529 -0.3785893 0.6532351 -0.7571551 -2.0332e-5 -0.6532363 -0.7571541 1.62643e-5 0.6531922 -0.6557517 -0.3785891 0.6531866 0.1314676 -0.7456967 -0.6531865 0.1314677 -0.7456967 0 0.1736528 -0.984807 0 0.9396851 -0.342041 0.6532096 -0.2589638 -0.7115161 -0.6532105 -0.2589637 -0.7115153 0 -0.766037 -0.6427965 -1 2.68726e-4 0 1 -1.51548e-7 0 1 4.13944e-7 0 1 2.18689e-7 0 -1 1.13596e-4 0 -0.65324 -0.757151 1.50747e-5 0.6532225 -0.6557264 0.3785806 -0.653222 -0.6557268 0.3785809 0 0.7660605 0.6427686 0.6532187 -0.5800644 -0.4866526 -0.6532174 -0.5800654 -0.4866532 0 -0.1736528 -0.984807 0 -0.766061 0.6427679 -0.653211 0.7456862 0.1314057 0.6532458 0.7114917 -0.2589394 -1 1.62128e-7 0 -1 0 0 -0.6532185 0.5800479 0.4866725 0.6532106 0.7456865 0.1314061 -0.6532105 0.2589628 0.7115156 0.6532198 0.5800653 0.48665 -0.6531866 -0.1314681 0.7456967 0.6532096 0.2589633 0.7115162 -0.6532482 -0.4866925 0.5799977 0.6531865 -0.131468 0.7456968 -0.6532442 -0.7114983 0.2589251 0.6532472 -0.4867311 0.5799663 -0.653212 -0.7456848 -0.1314094 0.653245 -0.7114934 0.2589367 0.6532115 -0.7456852 -0.1314095 -0.6532096 0.2589638 -0.7115161 0.6531865 -0.1314677 -0.7456967 -0.6531866 -0.1314676 -0.7456967 -0.6532187 0.5800644 -0.4866526 0.6532105 0.2589637 -0.7115153 0 0.7660368 -0.6427968 0.6532473 -0.486738 -0.5799606 -0.6532464 -0.4867292 -0.579969 0 -0.9396851 -0.342041 -1 1.77492e-4 0 1 4.14044e-7 0 1 -4.14053e-7 0 0.6532225 0.6557264 -0.3785806 0 0.9396917 0.342023 0.653245 -0.7114804 -0.258972 -0.6532458 -0.7114917 -0.2589394 -0.6531919 -0.7571924 -2.12455e-5 0 -0.5000131 0.8660179 -0.6532115 0.7456852 -0.1314095 0.6532174 0.5800654 -0.4866532 -1 -1.62128e-7 0 -1 0 0 -1 2.16181e-7 0 -0.653245 0.7114934 0.2589367 0.653212 0.7456848 -0.1314094 -0.6532472 0.4867311 0.5799663 0.6532442 0.7114983 0.2589251 -0.6531865 0.131468 0.7456968 0.6532482 0.4866925 0.5799977 -0.6532096 -0.2589633 0.7115162 0.6531866 0.1314681 0.7456967 -0.6532198 -0.5800653 0.48665 0.6532105 -0.2589628 0.7115156 -0.6532106 -0.7456865 0.1314061 0.6532185 -0.5800479 0.4866725 0.653211 -0.7456862 0.1314057 0.6532486 0.486657 0.5800269 -0.6531912 0.1314597 0.7456941 0.6531895 0.1314264 0.7457014 0 -0.5000119 -0.8660187 0 0.5000114 -0.8660188 1 0 0 1 4.14053e-7 0 1 0 0 1 -4.14044e-7 0 -1 -5.67957e-5 0 -0.6532168 -0.6557538 -0.378543 0.6532387 -0.757152 1.50101e-5 0 0.9396863 0.3420376 0 -0.1736434 0.9848086 -0.6531922 0.6557517 -0.3785891 0.6532175 -0.6557533 -0.3785427 -1 0 0 0.6531908 0.6557529 -0.3785893 0.6531966 0.6557566 0.3785732 0.6532334 -0.7456561 -0.1314657 -0.6532335 -0.745654 -0.1314768 -0.6532338 -0.4866685 0.580034 0.6531865 -0.131454 0.7456992 -0.6531863 -0.1314942 0.7456923 0 -0.7660596 -0.6427696 0 0.1736525 -0.9848071 0 0.1736527 0.984807 0 -0.939711 0.3419697 1 0 0 1 -2.06973e-7 0 1 0 0 1 -2.06948e-7 0 -0.6532337 0.1314938 -0.7456509 0.6532252 -0.2589201 -0.7115176 0 0.9396937 -0.3420174 0.6531963 -0.7115361 0.2589423 -0.6531963 -0.7115364 0.2589413 0 0.1736526 0.984807 -0.6531913 0.4867495 -0.5800139 0.6532334 0.1314995 -0.7456502 1 -2.16166e-7 0 -1 2.16167e-7 0 -1 2.16178e-7 0 -0.6532368 0.7115108 -0.2589092 0.653192 0.4867499 -0.5800127 -0.6532106 0.7456865 0.131406 0.6532367 0.7115017 -0.258935 -0.6531926 0.5800094 0.4867531 0.6532102 0.7456867 0.1314072 -0.6532354 0.2589064 0.7115132 0.6531932 0.5800264 0.4867319 0.6532352 0.2589063 0.7115135 0.6532363 -0.7571541 -1.62643e-5 0.6532336 -0.4866487 0.5800508 -0.6532337 -0.4866577 -0.5800431 0.6531966 -0.7115409 -0.2589285 -0.6531965 -0.7115308 -0.2589561 0 -0.939693 -0.3420193 0 -0.1736373 -0.9848096 0.6532667 -0.7456322 0.1314353 -0.6532676 -0.745634 0.1314205 0 0.7660576 -0.6427719 1 0 0 1 0 0 1 2.06954e-7 0 -1 5.67951e-5 0 -0.653186 -0.1314671 -0.7456973 0.6532339 -0.4866583 -0.5800424 0.6532218 0.6557079 -0.3786139 -0.6532415 0.7571497 -1.33795e-5 0.6532012 -0.5800605 0.4866806 -0.6532006 -0.5800608 0.4866811 -0.6532097 0.2589644 -0.7115157 0.6531859 -0.131466 -0.7456976 1 0 0 -1 -1.38342e-5 0 -1 -2.16177e-7 0 -1 -2.16159e-7 0 -0.6532199 0.5800668 -0.486648 0.6532105 0.2589628 -0.7115155 -0.6532099 0.7456888 -0.131397 0.6532186 0.5800661 -0.4866507 -0.6532456 0.7114935 0.2589348 0.6532104 0.7456864 -0.1314077 -0.6532472 0.486691 0.58 0.6532447 0.711493 0.2589383 -0.6531863 0.131501 0.7456911 0.6532481 0.4866905 0.5799995 -0.6532353 -0.2589057 0.7115136 0.6531863 0.1314679 0.7456969 0.6532355 -0.258906 0.7115132 -0.6532473 -0.486738 0.5799606 0.6531866 -0.1314676 0.7456967 -0.6531865 -0.1314677 0.7456967 0 -0.9396851 0.342041 0.6532096 0.2589638 0.7115161 -1 2.3719e-4 0 -1 2.37165e-4 0 -1 2.37202e-4 0 1 0 0 1 0 0 0.6532464 -0.4867292 0.579969 0 -0.4999691 -0.8660433 0.6532395 0.4866475 -0.5800452 -0.6531569 0.7115862 -0.258904 0.6531988 0.7115094 -0.2590091 0 -0.4999709 -0.8660422 0 0.4999709 0.8660422 -1 2.16154e-7 0 -1 0 0 -0.6532358 0.378533 -0.6557407 0.6532382 -1.61812e-5 -0.7571524 -0.6532394 -2.49615e-6 -0.7571514 -0.6532227 0.6557271 -0.3785791 0.6532394 -2.49615e-6 0.7571514 -0.6532382 -1.61812e-5 0.7571524 0.6532776 -0.4866322 0.580015 -0.6531965 -0.7115344 0.2589462 0.6531977 -0.7115133 0.2590015 -0.6532174 0.37857 0.6557376 0.6532257 0.6557239 0.3785796 -0.6532551 0.6557042 0.3785628 0.6532168 0.3785411 0.6557549 0 -0.9397067 0.3419818 0.6531926 -0.1315241 0.7456815 -0.653276 -0.4866811 0.5799759 0 -0.1736446 0.9848084 -0.6532295 -0.7456617 -0.1314526 0.6532696 -0.74563 -0.1314337 0.6532347 -0.7456552 0.1314644 -0.653279 -0.7114624 -0.2589361 0.6531972 -0.7115344 -0.2589444 1 -8.95856e-5 0 1 2.18743e-7 0 -1 -8.95859e-5 0 0 0.939708 0.3419781 0.6532081 0.2589377 0.7115268 -0.653232 -0.1315129 0.745649 1.14355e-5 -0.7661141 0.6427047 0 0.9396878 0.3420338 0 -0.9396897 -0.3420282 -1 -2.76675e-5 0 -1 -1.48614e-7 0 0.6532239 0.5800286 0.4866881 -0.6532506 0.2589506 0.7114831 0.6532115 0.7456845 0.1314139 -0.6532603 0.5800562 0.4866065 0.6532097 0.711501 -0.2590049 -0.6532136 0.7456793 0.1314322 0.6532506 0.4866818 -0.5800039 -0.6532083 0.7115237 -0.2589461 0.6531895 0.1314612 -0.7456954 -0.6532502 0.4867289 -0.5799649 0.6532393 -0.2589226 -0.7115038 -0.6531887 0.131474 -0.7456938 0.6532043 -0.580022 -0.4867223 -0.6532391 -0.2588939 -0.7115144 0 0.7660952 -0.6427271 0 -0.7660952 0.6427271 0 0.1736553 0.9848065 0 -0.9397253 -0.3419304 -1 -5.29924e-5 0 -1 -1.13611e-4 0 0 -0.1736618 -0.9848054 0.6531968 0.4867101 0.5800408 -0.6532763 0.1314023 0.7456297 0.6532356 0.1314647 0.7456544 0.6532264 -0.5799978 0.4867215 -0.6532754 -0.7456147 0.1314916 -0.6532304 -0.2589826 0.7114901 0.6531885 -0.2589062 0.7115563 1 1.38345e-4 0 -1 -6.91745e-5 0 -1 -8.99254e-5 0 0.6532374 0.7115032 0.258929 -0.6531957 0.4867714 0.5799905 0.6532127 0.7456761 -0.1314551 -0.6532372 0.711503 0.25893 0.6531952 0.5800169 -0.4867406 -0.6532133 0.7456846 -0.1314039 0.6532371 0.258957 -0.7114932 -0.6532356 0.5799997 -0.486707 -0.6532339 0.2588647 -0.7115297 0 0.9396897 0.3420282 -0.6532802 -0.4866176 -0.5800244 0 -0.5000829 0.8659777 0 0.5000807 0.865979 -1 -1.35775e-4 0 -1 1.93997e-4 0 -1 -2.11907e-4 0 0 -0.500033 -0.8660064 -0.6532471 -0.7114879 0.2589465 0.6532489 -0.7114663 0.2590015 1 5.53384e-5 0 0.6532272 0.6557089 -0.3786029 -0.6531202 0.7572543 3.00916e-5 0.6532415 0.7571497 -1.99588e-5 0 0.9397054 -0.341985 0.6532139 0.2589896 0.7115027 -0.65323 -0.131454 0.7456611 0.6532247 0.5800309 0.4866846 -0.6532131 0.2590773 0.7114714 0 0.766039 0.6427942 0.6532425 -0.7571488 4.94829e-5 -0.6531955 -0.6557931 -0.3785117 0.6531972 -0.6557209 -0.3786336 0.653213 -0.2589626 0.7115133 -0.6532199 -0.5800473 0.4866713 0.6532186 -0.5800714 0.4866442 1 0 0 -1 -2.68725e-4 0 3.59667e-6 -0.7660955 -0.6427268 -0.6533058 0.5799276 0.4866987 0 0.7660955 -0.6427268 0.6531879 -0.7571958 -2.66159e-5 1 -2.76699e-5 0 -1 -5.53426e-5 0 1 2.76695e-5 0 0.6532676 -0.745634 -0.1314205 0.6532514 0.4867309 -0.5799617 -0.6532464 0.7114908 -0.2589402 0.6531889 0.1314616 -0.7456958 -0.6532511 0.4867792 -0.5799216 0.6532143 -0.258983 -0.7115047 -0.6532287 0.1314603 -0.7456611 -0.6532151 -0.2590662 -0.7114737 -0.6532148 -0.7456909 -0.1313607 0 -0.939704 -0.3419891 0.6532127 0.7456821 -0.1314202 -0.6532487 0.7114837 0.2589538 0.6532474 0.7114728 0.2589869 -0.6532098 -0.2589922 0.7115055 0 -0.7660422 0.6427902 -1 1.55151e-4 0 -1 -1.55151e-4 0 -1 5.5377e-5 0 -1 5.54211e-5 0 -1 5.53496e-5 0 -1 -1.79197e-4 0 0 0.1736713 0.9848037 0.6532292 -0.6557108 0.3785962 -0.653157 -0.7572225 3.01543e-5 0.653238 -0.7571526 -2.7804e-5 0 -0.1736718 -0.9848036 0 0.1736707 -0.9848038 -0.653249 0.4867313 0.5799641 -1 5.53423e-5 0 1 -5.53419e-5 0 -1 2.76698e-5 0 1 -2.76692e-5 0 -0.6532133 0.7456843 -0.1314054 0.6531888 -0.1314684 -0.7456947 -0.6532516 0.2589749 -0.7114734 0.6532489 -0.4866808 -0.5800067 -0.6531885 -0.1315349 -0.7456832 0.6532481 -0.7114871 -0.2589461 -0.6532494 -0.4866807 -0.5800063 0.653214 -0.7456738 0.131461 -0.6533304 -0.7114205 -0.2589215 -0.6532139 -0.745682 0.1314156 0 -0.5000303 -0.8660081 0 0.5000811 0.8659787 0 -0.5000811 0.8659787 -1 3.35569e-4 0 -1 3.35569e-4 0 -1 3.35569e-4 0 -1 8.8383e-5 0 -1 8.8414e-5 0 -1 8.84331e-5 0 -1 -3.35569e-4 0 -1 -3.35569e-4 0 -1 -3.35569e-4 0 -0.6532322 -0.3786083 -0.6557008 0.6532297 -0.3785417 -0.6557417 0.6532477 0.3785468 0.6557208 -0.6531958 -5.92082e-5 0.757189 0.6531947 -3.43367e-5 0.7571901 0.6532196 0.6557164 0.3786028 -0.6532083 0.3786425 0.6557049 -0.6532179 0.6557691 0.3785148 0.6531857 0.2588897 0.7115648 -0.6532379 -0.1314978 0.7456464 0.653236 -0.131457 0.7456554 1 2.76683e-5 0 -1 -1.10677e-4 0 -0.6532739 -0.3786365 0.6556428 0.6532732 -0.378564 0.6556855 0.6532481 0.3785986 -0.6556904 -0.6532246 0.6557549 -0.3785277 0.6531958 3.39691e-6 -0.757189 -0.6532511 0.3786455 -0.6556605 -0.6531947 2.82683e-5 -0.7571901 0.6531915 0.7571928 -2.14575e-5 -0.6532295 0.6557129 -0.3785918 -0.6531921 0.7571923 1.41771e-5 0 0.7660962 0.6427259 0.6532338 -0.6556766 0.3786475 -0.6531205 -0.757254 2.93413e-5 -0.653194 -0.6557388 0.3786085 0 -0.7660933 -0.6427296 0 0.9397253 -0.3419304 0 0.1736622 -0.9848054 0 -0.1736556 0.9848064 1 -2.18743e-7 0 1 -2.2188e-7 0 -1 -3.10356e-4 0 -1 1.5521e-4 0 -1 8.83664e-5 0 -1 8.82774e-5 0 -1 8.82915e-5 0 -1 4.47902e-5 0 0 -0.9397046 0.3419873 0.6532139 -0.2589602 0.7115134 -0.6532204 -0.5800663 0.486648 0.6532338 0.4866685 0.580034 -0.6532488 -0.7114876 -0.258943 0 -0.9396849 0.3420413 0.6532354 0.4866528 0.5800455 -0.6531932 0.1315144 0.7456827 0.6531916 0.1314578 0.745694 -1 -2.24875e-4 0 -1 -2.24897e-4 0 -1 -2.24883e-4 0 -1 -2.76694e-5 0 0.6532383 -0.7114892 0.2589651 -0.6532146 -0.7456777 -0.1314364 0.6532127 -0.7456843 -0.131408 0.6532371 -0.2589169 -0.7115079 -0.6532279 0.1313369 -0.7456836 0.6531873 0.1314496 -0.7456993 0.653199 -0.5800124 -0.4867409 -0.6532371 -0.2590008 -0.7114773 -0.6532006 -0.5800523 -0.4866911 0.6532034 0.5800247 -0.4867203 -0.6532296 0.7456561 -0.131484 0.6532678 0.7456217 -0.1314899 0.6531968 -0.486694 0.5800542 -0.6531979 -0.7115472 0.2589075 -0.6531956 -0.4867078 0.580044 -0.6531974 0.7115575 0.2588806 0.6531969 0.7115362 0.2589402 0 -0.1736714 0.9848037 0.6532388 0.2589561 -0.7114919 -0.6531617 0.5801095 -0.4866753 -0.6532372 0.4867027 0.5800014 0 0.1736446 0.9848084 -1 8.96028e-5 0 -1 -1.55196e-4 0 -1 1.55157e-4 0 -1 -1.31173e-4 0 1 0 0 0 -0.9397053 -0.3419855 0 0.9396878 -0.3420338 0 -0.9396884 0.3420319 0 0.7660126 -0.6428256 0.6532457 0.3785711 0.6557089 -0.653225 0.6557531 0.3785302 -0.6532307 0.3785445 0.6557391 -1 -1.10682e-4 0 -1 1.10674e-4 0 -1 0 0 0.6531887 -0.1314743 -0.7456938 -0.6532354 0.2589272 -0.7115057 0.6532501 -0.4866908 -0.5799969 -0.6531894 -0.1314494 -0.7456974 0.653249 -0.7114906 -0.2589341 -0.6532506 -0.4867305 -0.579963 0.6532102 -0.7456772 0.1314612 -0.6532505 -0.7115116 -0.2588729 0.6532244 -0.5800034 0.4867177 -0.6532102 -0.7456869 0.1314058 0.6532111 -0.258963 0.711515 -0.6532225 -0.5800517 0.4866628 -0.6532527 -0.2590416 0.7114482 0 0.4999803 -0.8660368 0 -0.4999803 -0.8660368 0 0.500032 0.8660069 1 0 0 -1 -1.55171e-4 0 -1 1.55126e-4 0 -1 -2.69983e-4 0 -1 -2.69966e-4 0 -1 -2.69991e-4 0 0 -0.5000303 0.8660081 0.6532433 -7.34132e-6 -0.7571481 -0.6532232 0.3785546 -0.6557407 0.6532239 0.3785344 -0.6557518 0.6532236 0.6557399 0.3785554 -0.6532381 0.7571526 1.88996e-5 0.6532376 0.7571532 1.15854e-5 -0.6532463 0.655707 -0.3785732 0.6532312 0.6557318 -0.3785563 0.6532703 0.7456183 0.1314966 -0.6532065 0.5800313 0.4867081 0.6532016 0.5800044 0.486747 -1 0 0 -1 1.66006e-4 0 -1 2.76692e-5 0 0.6532211 -0.3785774 -0.6557297 -0.6532408 3.81568e-6 -0.7571502 -0.6532205 -0.3785352 -0.6557545 -0.6532419 2.24252e-5 0.7571493 0.6532418 -2.90348e-5 0.7571494 0.6532385 0.4866541 -0.5800408 -0.6531966 0.7115226 -0.2589785 0.6531977 0.7115145 -0.2589979 -0.6532176 -0.3785756 0.6557341 0 0.1736721 -0.9848036 0.6531993 -0.6557074 0.3786537 -0.6532411 -0.75715 2.00485e-5 0.6532414 -0.7571497 1.99588e-5 0.653189 0.1314962 -0.7456896 -0.6532779 0.4866772 -0.5799771 0 0.1736608 -0.9848056 -0.6532278 0.7456666 0.131434 0.6532356 0.7456514 -0.1314812 -0.6531992 0.7115519 0.2588917 0.6531978 0.711538 0.258933 1.14359e-5 0.7660962 0.6427259 0.6532149 -0.2589851 -0.7115034 -0.6531887 0.131529 -0.7456841 0 0.7660962 -0.6427259 0 -0.7660126 0.6428256 0 -0.7660952 -0.6427271 -1 0 0 -1 2.76674e-5 0 1 -6.91712e-6 0 1 -1.10682e-4 0 0.653223 -0.5800313 -0.4866861 -0.6532147 -0.2590003 -0.7114981 0.6532104 -0.7456848 -0.1314166 -0.6532235 -0.5800433 -0.4866712 0.6532101 -0.7115005 0.2590054 -0.6532123 -0.7456873 -0.1313934 0.6532508 -0.4866825 0.5800031 -0.6532484 -0.7114889 0.2589404 -0.6532504 -0.4867509 0.5799462 -0.6532399 0.2589329 0.7114995 0 -0.7660921 0.6427308 0 -0.1736553 -0.9848065 0 0.9397246 0.3419322 -1 5.30089e-5 0 -1 -5.29893e-5 0 0 0.1736618 0.9848054 0.6531958 -0.4867161 -0.5800368 -0.6532759 -0.1314367 -0.7456239 0.6532354 -0.1314647 -0.7456544 -0.6532362 0.7456538 -0.1314648 0.6532384 0.4866496 0.5800447 -0.6531878 0.1315729 0.7456771 0.6531878 0.1314738 0.7456946 -0.653227 0.2588658 -0.7115357 0 -0.7660107 0.6428279 -1 6.91744e-5 0 -1 -2.07519e-5 0 0.6532387 -0.7115122 -0.2589011 -0.6531947 -0.4867691 -0.5799936 -0.6532384 -0.7115104 -0.2589066 0.6532377 -0.258953 0.7114942 -0.6531953 -0.5800433 0.4867091 -0.6532338 -0.2589821 0.7114872 0 -0.9396895 -0.3420287 -0.6532797 0.4865772 0.5800589 0 -0.5000312 0.8660075 1 0 0 -1 1.5517e-4 0 -1 -1.93998e-4 0 -1 2.11909e-4 0 -1 -8.9603e-5 0 1 0 0 0 0.5000312 0.8660075 0.6531929 -0.6557207 -0.3786415 0.653249 0.4866833 -0.5800043 -0.653247 0.7114881 -0.2589461 0.6532487 0.7114785 -0.2589686 -0.6532216 0.6557571 -0.378529 1 -5.53386e-5 0 -0.65319 -0.6557675 -0.3785656 -0.6532078 0.3786319 0.6557115 0.6532474 0.3785469 0.6557211 0.6532728 -0.3785346 0.6557029 -0.6531976 -0.6557531 0.3785773 -0.6532737 -0.3786121 0.6556573 -0.653224 -0.5800502 0.4866622 0 -0.9397042 0.3419887 0.6532136 -0.2589899 -0.7115028 -0.6532299 0.1314203 -0.7456671 0.6531912 0.1315214 -0.7456832 -0.6532126 -0.2590779 -0.7114717 0 -0.7660422 -0.6427902 0.6532262 0.2589253 -0.7115148 0.6532335 0.745654 -0.1314768 1 0 0 1 0 0 -1 1.02791e-4 0 -1 1.02863e-4 0 -1 1.02809e-4 0 -1 8.82774e-5 0 -1 8.83665e-5 0 -1 8.82915e-5 0 -1 -7.76096e-5 0 -1 -2.68789e-4 0 0 0.7660955 0.6427268 -0.6532487 0.486753 -0.5799464 0 -0.173672 -0.9848036 4.1585e-6 -0.7660955 0.6427268 0.6531964 -0.6557569 0.378573 1 -2.76695e-5 0 0.6532498 -0.7114645 0.2590041 -0.6532162 -0.7456774 -0.1314302 0.6532494 -0.4866807 0.5800063 -0.6532481 -0.7114871 0.2589461 0.6531895 -0.131464 0.7456949 -0.6532085 -0.486799 0.5799529 0.6532152 0.2589891 0.7115017 -0.6532294 -0.1314579 0.7456609 0.6532219 0.5800304 0.4866889 -0.653215 0.2590503 0.7114796 0.653213 0.7456837 0.1314105 -0.6533037 0.5799272 0.4867021 -0.6532149 0.7456777 0.1314351 -0.6531913 -0.1315216 -0.7456831 0.6531897 -0.13146 -0.7456954 0 0.9397053 0.3419855 0.6532227 -0.3785791 -0.655727 -0.6532222 -0.3785805 -0.6557269 -0.6532094 0.2589921 -0.711506 0 0.766039 -0.6427942 -1 -1.55153e-4 0 -1 1.55152e-4 0 -1 -5.54023e-5 0 -1 -5.54465e-5 0 -1 -5.53749e-5 0 -1 -1.70396e-4 0 -0.6531879 0.7571958 2.65588e-5 0 0.1736546 0.9848067 0 0.1736713 -0.9848037 0.653222 -0.6557256 -0.378583 0 0.766037 0.6427965 1 5.53423e-5 0 -1 -2.76699e-5 0 1 2.7669e-5 0 0.6532227 -0.6557271 0.378579 0.6532262 0.3785662 -0.655731 0.6531887 0.1314615 0.745696 -0.6532502 -0.2589307 0.7114908 0.6532511 0.4866833 0.5800021 -0.6531893 0.1315232 0.7456846 0.6532464 0.7114951 0.2589285 -0.6532514 0.4867309 0.5799617 0.6532118 0.745683 -0.1314201 -0.6533289 0.7114024 0.2589752 -0.6532116 0.7456853 -0.1314082 1 0 0 1 0 0 -1 -8.83999e-5 0 -1 -8.84308e-5 0 -1 -8.845e-5 0 -1 5.68014e-5 0 -0.6532325 0.3786057 0.6557019 0.6532299 0.3785283 0.6557492 0.6532472 -0.3785455 -0.6557221 -0.6531954 4.55335e-5 -0.7571894 0.6531944 1.77939e-5 -0.7571903 0.6532222 -0.655725 -0.3785838 -0.6532076 -0.3786427 -0.6557055 -0.6532199 -0.655788 -0.3784785 -0.6532377 0.1314856 -0.7456488 0.6532357 0.1314686 -0.7456535 -0.6532739 0.3786094 -0.6556586 0.6532731 0.3785319 -0.6557041 0.6532481 -0.378569 0.6557077 -0.6532269 -0.6557574 0.3785196 0.6531954 -1.70715e-5 0.7571894 -0.6532508 -0.3786441 0.6556615 -0.6531944 1.77939e-5 0.7571903 0 0.9397059 -0.3419836 0.6532343 0.6556754 -0.3786487 -0.6531205 0.7572542 -1.33804e-5 -0.6531946 0.6557546 -0.37858 0 0.7660952 0.6427271 0 -0.9397246 0.3419322 0 -0.1736622 0.9848054 0 0.1736556 -0.9848064 1 -2.18689e-7 0 -1 3.10355e-4 0 -1 -1.55215e-4 0 -1 5.54407e-5 0 -1 5.55678e-5 0 -1 5.55478e-5 0 -1 -2.52218e-4 0 -1 -2.52253e-4 0 -1 -2.52162e-4 0 0.6532396 -0.4866496 0.5800433 -0.6531565 -0.7115867 0.2589038 0.6531987 -0.7115062 0.2590184 0.6531878 -0.131462 0.7456967 -0.6532389 -0.4867083 0.5799949 0.6532353 -0.7456538 -0.131469 -0.6532246 -0.5800384 -0.4866756 -0.6532373 -0.7456557 -0.131449 0.6532378 -0.4866544 -0.5800414 -0.6531883 -0.1315217 -0.7456856 0.6531887 -0.131467 -0.745695 -1 1.10678e-4 0 0.6532371 0.7114914 -0.2589619 -0.6532147 0.7456776 0.1314364 0.6532129 0.7456862 0.1313968 0.6532391 0.2589254 0.7115029 -0.6531878 -0.1315232 0.7456858 0.6531962 0.5800076 0.4867505 -0.6532388 0.2589423 0.711497 -0.6531987 0.5800547 0.4866909 0.6532025 -0.5800244 0.4867219 -0.6532304 -0.7456645 0.1314332 0.6532704 -0.7456248 0.1314591 0.6531982 0.4866961 -0.5800509 -0.6531966 0.7115457 -0.2589151 -0.6531972 0.4867327 -0.5800213 -0.653198 -0.7115557 -0.258884 0.6531971 -0.7115405 -0.2589282 0 -0.1736714 -0.9848037 0.6532391 -0.2589285 0.7115017 -0.6531631 -0.5801281 0.4866514 -0.6532385 -0.4867019 -0.5800006 0 -0.1736615 -0.9848054 1 -1.2811e-7 0 -1 1.55199e-4 0 -1 -1.55154e-4 0 1 0 0 -1 -8.95796e-5 0 0 0.9397067 -0.3419818 0 0.7660147 0.6428232 0.6532476 0.6556885 0.3786029 -0.6532485 0.6557062 0.3785709 0 -0.7660126 -0.6428256 0.6532244 -0.6557242 -0.3785812 -0.6532256 -0.3785705 -0.6557292 0.6532274 -0.3785482 -0.6557403 1 0 0 -1 -1.10682e-4 0 -1 -1.10674e-4 0 0.6531887 0.1314662 0.7456951 -0.6532351 -0.2589204 0.7115084 0.6532503 0.4866809 0.5800051 -0.6531886 0.1315395 0.7456823 0.6532484 0.7114911 0.2589342 -0.6532509 0.4867296 0.5799635 0.6532112 0.7456765 -0.1314599 -0.6532499 0.7115058 0.2588902 0.6532189 0.5800442 -0.4866764 -0.653212 0.7456871 -0.1313965 0.6532139 0.2589643 -0.7115119 -0.6532202 0.580051 -0.4866665 -0.6532106 0.258987 -0.7115066 0 -0.5000267 0.8660101 0 0.5000303 0.8660081 -1 1.55172e-4 0 -1 -1.55129e-4 0 -1 6.5592e-5 0 -1 -5.68004e-5 0 0 0.4999822 -0.8660358 0.6532431 7.40453e-6 0.7571482 -0.6532239 -0.3785681 0.6557323 0.6532243 -0.3785345 0.6557513 0.6532387 -0.7571521 1.39521e-5 -0.6532269 -0.6557399 -0.3785499 0.6532229 -0.6557222 0.3785874 -0.6532392 -0.7571516 2.89697e-5 -0.6532242 -0.6557545 0.378529 -0.6531674 -0.5800967 -0.486683 1 -1.66015e-4 0 -1 2.21341e-4 0 -1 -5.5335e-5 0 -1 -8.30072e-5 0 1 1.10671e-4 0 0.6532397 0.378535 0.6557356 -0.6532407 -1.74798e-5 0.7571503 -0.6532257 0.3785654 0.6557321 -0.6532421 -9.92844e-6 -0.7571491 0.6532421 2.78079e-5 -0.7571491 0 0.9396919 -0.3420225 0.6532188 0.3785521 -0.6557465 0.6532142 0.6556991 -0.378642 -0.6532171 0.3785758 -0.6557344 -0.6531883 0.2589083 0.7115557 -0.6531566 0.7457268 0.1314465 -0.6532387 0.4866974 -0.5800042 0 -0.5000126 -0.8660182 0 -0.7660585 -0.642771 0 -0.7659853 -0.6428582 0 -0.1736396 0.9848093 0 0.4999691 0.8660433 0 -0.1736528 0.984807 0 0.1736528 -0.984807 0 0.4999808 -0.8660365 0 0.9396904 0.3420264 0 0.939711 0.3419698 0 0.4999709 -0.8660423 0 -0.7660369 0.6427966 0 0.7660576 0.642772 0 0.1736399 0.9848093 0 -0.1736528 0.984807 0 0.9396737 -0.3420724 0 0.7660574 -0.6427722 0 -0.1736373 0.9848096 0 0.9396863 -0.3420377 0 -0.7660107 -0.6428279 0 -0.9396929 0.3420193 0 0.5000121 -0.8660184 0 0.9396936 0.3420174 -1 5.53402e-5 0 0 -0.7660595 0.6427698 0 -0.939711 -0.3419698 0 0.1736525 0.984807 0 -0.1736434 -0.9848086 0 0.5000114 0.8660188 0 -0.5000131 -0.866018 -1 -2.83966e-5 0 1 0 0 0 -0.766061 -0.6427679 0 0.1736528 0.984807 0 0.7660605 -0.6427686 0 0.9396851 0.342041 -1 8.95816e-5 0 -1 -1.79206e-4 0 -1 -2.21983e-4 0 -1 -2.21972e-4 0 -1 -2.21943e-4 0 0 -0.9396918 -0.3420226 0 0.5000131 -0.866018 1 -5.53421e-5 0 0 -0.500011 0.8660191 0 -0.9396849 -0.3420414 0 0.1736438 -0.9848086 2.64475e-6 -0.9396733 0.3420733 0 0.7660595 0.6427698 0 -0.1736525 0.984807 0 0.9397103 -0.3419716 -1 -8.95873e-5 0 0 -0.939693 0.3420193 0 0.9396929 0.3420193 0 0.1736381 0.9848096 0 0.7660087 -0.6428304 0 -0.7660576 0.642772 0 -0.5000121 0.8660184 0 -0.7660576 -0.642772 -1 8.95714e-5 0 0 -0.4999709 0.8660423 0 -0.4999691 0.8660433 0 -0.7660574 0.6427722 0 0.4999691 -0.8660433 0 0.9396929 -0.3420193 0 0.7660107 0.6428279 0 0.1736373 -0.9848096 0 -0.9396936 -0.3420174 0 0.7660595 -0.6427698 0 -0.1736525 -0.984807 1 -1.24791e-7 0 0 0.1736434 0.9848086 0 0.5000126 0.8660182 0 -0.1736528 -0.984807 0 -0.5000114 -0.8660188 -1 7.83929e-5 0 1 0 0 1 0 0 -1 -1.31172e-4 0 0 0.5000131 0.866018 0 0.7660585 0.642771 0 -0.9396917 0.342023 -1 1.10674e-4 0 0 0.1736528 -0.984807 0 0.9396851 -0.342041 0 -0.7660366 -0.642797 1 -2.56221e-7 0 0 0.766061 0.6427679 0 -0.1736528 -0.984807 0 -0.7660605 0.6427686 -1 0 0 0 0.7660369 -0.6427966 0 -0.9396851 -0.342041 -1 -2.27191e-4 0 0 0.9396918 0.3420226 0 -0.5000131 0.866018 -1 0 0 0 0.500011 -0.8660191 -1 -1.79201e-4 0 -1 8.95832e-5 0 -1 2.27169e-4 0 1 0 0 0 0.9396849 0.3420414 0 -0.1736438 0.9848086 0 -0.7660595 -0.6427698 0 0.1736525 -0.984807 0 0.1736528 0.984807 0 -0.9397103 0.3419716 0 0.939693 -0.3420193 0 -0.9396929 -0.3420193 0 -0.1736381 -0.9848096 0 0.7660576 -0.642772 -1 -2.27171e-4 0 -1 1.10682e-4 0 0 -0.9396851 0.342041 -1 8.95912e-5 0 -1 -2.83999e-5 0 0 -0.4999691 -0.8660433 0 -0.4999709 -0.8660423 0 0.4999709 0.8660423 0 -0.9396741 0.342071 0 -0.1736292 0.9848111 1 6.55896e-5 0 1 -2.56182e-7 0 -1 6.55894e-5 0 0 0.9396755 0.3420673 0 -0.7659853 0.6428582 0 0.9396721 0.3420765 -5.19915e-6 -0.9396728 -0.3420746 0 0.7660402 -0.6427927 0 -0.7659863 0.642857 0 0.1736395 0.9848093 0 -0.9397091 -0.341975 1 0 0 -1 -2.52192e-4 0 -1 -2.52238e-4 0 -1 -2.52139e-4 0 0 -0.1736299 -0.984811 1 2.58059e-4 0 1 2.57984e-4 0 1 2.58047e-4 0 0 0.9396737 0.3420724 0 -0.499983 0.8660352 0 0.4999812 0.8660362 -1 -8.95904e-5 0 0 -0.499983 -0.8660352 0 0.9396741 -0.342071 0 0.7659839 0.6428597 -1 2.83966e-5 0 4.15892e-6 -0.7660405 -0.6427924 1 5.53422e-5 0 0 -0.939673 -0.3420742 0 -0.7659873 0.6428558 -1 1.79208e-4 0 -3.59645e-6 0.1736385 0.9848095 0 -0.1736396 -0.9848093 0 0.1736385 -0.9848095 -1 -5.53421e-5 0 0 -0.4999812 -0.8660362 0 0.4999812 -0.8660362 0 -0.4999803 0.8660368 1 0 0 -1 1.79206e-4 0 0 0.7659853 0.6428582 0 -0.7660372 -0.6427963 0 0.9397091 -0.341975 0 0.1736295 -0.984811 0 -0.1736392 0.9848093 1 2.56182e-7 0 1 1.24791e-7 0 -1 7.32685e-5 0 -1 7.32495e-5 0 -1 7.31929e-5 0 0 -0.9396897 0.3420282 0 -0.9396863 0.3420377 -1 -2.16175e-7 0 -1 5.53382e-5 0 0 0.1736285 0.9848113 -1 8.95848e-5 0 1 0 0 0 -0.9396755 -0.3420673 -5.19936e-6 0.9396669 -0.3420912 0 0.7659597 -0.6428887 -1 2.16175e-7 0 -1 0 0 0 0.4999322 -0.8660646 0 -0.4999305 -0.8660656 0 0.4999305 0.8660656 -1 -8.9591e-5 0 0 -0.4999305 0.8660656 -1 -1.10677e-4 0 0 0.1736406 -0.9848091 0 0.1736285 -0.9848113 0 0.7659863 0.642857 0 0.7660413 -0.6427915 0 -0.7659575 0.6428911 0 -0.7660402 -0.6427927 -1 0 0 0 -0.7660382 0.6427951 0 0.7659863 -0.642857 0 -0.1736395 -0.9848093 0 -0.9396736 -0.3420729 0 0.9396942 0.3420159 0 0.1736299 0.984811 0 -0.7660087 0.6428304 2.07966e-6 -0.9396733 -0.3420733 1 1.38677e-7 0 1 2.16159e-7 0 0 -0.9396728 0.3420746 0 -0.7659873 -0.6428558 1 -1.38677e-7 0 0 0.7660402 0.6427927 3.59438e-6 -0.7660405 0.6427924 0 0.9396743 0.3420705 0 0.7659839 -0.6428597 -1 -8.95822e-5 0 -1 2.27192e-4 0 1 0 0 0 0.1736385 0.9848095 0 0.7660366 0.642797 -1 5.53419e-5 0 1 0 0 -1 -1.13602e-4 0 1 -2.16159e-7 0 0 0.9396761 -0.3420655 0 -0.9396942 0.3420159 0 -0.1736295 0.984811 0 0.1736392 -0.9848093 1 2.56221e-7 0 -1 -1.70406e-4 0 0 -0.1736392 -0.9848093 0 -0.1736285 -0.9848113 1 0 0 1 0 0 -1 1.31174e-4 0 0 0.9396768 -0.3420637 0 0.7659575 0.6428911 0 -0.7659575 -0.6428911 0 0.4999322 0.8660646 0 -0.4999268 -0.8660677 -1 -8.95695e-5 0 -1 5.6799e-5 0 0 0.4999305 -0.8660656 1 1.10677e-4 0 0 0.9396917 -0.342023 0.9951848 -0.09801751 0 0.9569407 -0.2902839 0 0.8819211 -0.4713973 0 0.7730097 -0.6343943 0 0.6343935 -0.7730104 0 0.4713967 -0.8819214 0 0.2902847 -0.9569404 0 0.09801739 -0.9951848 0 -0.09801739 -0.9951847 0 -0.2902853 -0.9569402 0 -0.4713886 -0.8819257 0 -0.6343932 -0.7730106 1.47894e-6 -0.7730115 -0.6343921 1.09003e-6 -0.88192 -0.4713991 -2.44748e-7 -0.9569414 -0.2902814 -1.07465e-6 -0.9951847 -0.09801799 3.02928e-7 -0.995185 0.09801477 -1.05586e-6 -0.9569401 0.2902859 6.82727e-7 -0.881922 0.4713954 -2.15222e-6 -0.7730092 0.6343948 -3.59501e-7 -0.634397 0.7730074 0 -0.4713908 0.8819246 0 -0.2902824 0.956941 0 0.2902872 0.9569396 0 0.4713971 0.8819211 0 0.6343936 0.7730102 0 0.7730105 0.6343933 0 0.8819211 0.4713971 0 0.9569407 0.2902837 1.53141e-6 0.9951845 0.09801983 6.35711e-7 0 0 1 0 0 1 0 0.650787 0.7592604 0 -0.857541 0.5144157 0 0.4539929 0.8910054 7.559e-6 0.6772717 0.735733 0 -0.8581492 -0.5134004 0 0.4016998 -0.9157714 0 0.7071067 0.707107 0 0.7071072 0.7071065 0 0.7071062 0.7071075 0 0.707107 0.7071066 0 -0.8910046 0.4539945 -3.37316e-7 -0.8910056 0.4539926 -5.64463e-6 0.7071025 -0.707111 -8.80935e-6 0.4539901 -0.8910068 0 0.1564335 -0.9876886 0 0.1564345 0.9876884 0 0.4539914 0.8910062 0 -0.6772782 -0.7357271 -2.73456e-7 0.7891355 -0.6142192 0 0.7891362 -0.6142185 0.9951847 -0.09801787 0 0.9951847 -0.09801739 0 0.9951848 -0.09801691 -5.00498e-7 0.9569405 -0.2902843 0 0.95694 -0.2902858 0 0.9569404 -0.2902845 0 0.8819216 -0.4713962 0 0.8819205 -0.4713982 0 0.8819234 -0.471393 -9.46778e-7 0.7730101 -0.6343937 0 0.7730101 -0.6343939 -6.94341e-7 0.7730104 -0.6343933 0 0.6343932 -0.7730106 3.83551e-7 0.634395 -0.7730091 0 0.6343943 -0.7730097 -1.93494e-6 0.4713968 -0.8819213 4.13841e-7 0.4713969 -0.8819212 0 0.2902845 -0.9569404 2.75828e-7 0.2902829 -0.9569409 0 0.2902842 -0.9569405 9.48467e-7 0.09801751 -0.9951848 0 -0.09801751 -0.9951848 0 -0.2902843 -0.9569405 0 -0.290284 -0.9569405 0 -0.2902851 -0.9569402 0 -0.4713964 -0.8819215 0 -0.4713968 -0.8819213 0 -0.4714009 -0.881919 0 -0.634393 -0.7730107 0 -0.6343949 -0.7730091 0 -0.7730059 -0.6343989 0 -0.7730091 -0.6343949 -6.64135e-7 -0.7730115 -0.634392 0 -0.8819206 -0.4713981 0 -0.8819209 -0.4713976 0 -0.8819314 -0.471378 0 -0.956938 -0.2902925 0 -0.9569407 -0.290284 1.00503e-6 -0.9569428 -0.2902767 0 -0.9951849 -0.09801632 0 -0.9951883 -0.09798139 0 -0.9951847 -0.09801793 -1.48782e-7 -0.9951853 0.09801232 0 -0.9951851 0.09801399 -5.56493e-7 -0.9951846 0.09801959 0 -0.9951846 0.09801852 -3.04828e-7 -0.956952 0.2902464 0 -0.9569419 0.2902798 1.03296e-6 -0.9569397 0.2902867 0 -0.8819199 0.4713991 0 -0.8819221 0.4713952 -6.46147e-7 -0.8819196 0.4714 0 -0.7730125 0.634391 0 -0.7730121 0.6343913 0 -0.7730135 0.6343897 0 -0.6343924 0.7730112 0 -0.6343912 0.7730122 0 -0.6343924 0.7730113 1.8158e-7 -0.6343958 0.7730084 0 -0.4713962 0.8819217 0 -0.4713966 0.8819215 -9.55112e-7 0.4713903 0.8819247 0 0.4713956 0.881922 -9.5511e-7 0.4713979 0.8819207 0 0.6343922 0.7730114 0 0.6343937 0.7730101 1.06381e-6 0.7730106 0.6343932 0 0.7730093 0.6343948 0 0.7730128 0.6343905 0 0.7730093 0.6343947 0 0.7730131 0.6343901 0 0.881922 0.4713954 0 0.8819231 0.4713935 0 0.9569406 0.2902837 0 0.9569397 0.290287 0 0.9569405 0.2902846 -3.41363e-7 0.9569402 0.2902851 0 0.995185 0.09801417 0 0.9951847 0.09801763 -1.49092e-7 0.9951848 0.09801697 0 5.62809e-7 0 1 -8.05231e-6 0 1 5.85974e-6 0 1</float_array>
          <technique_common>
            <accessor source="#straight_003-mesh-normals-array" count="2412" stride="3">
              <param name="X" type="float"/>
              <param name="Y" type="float"/>
              <param name="Z" type="float"/>
            </accessor>
          </technique_common>
        </source>
        <source id="straight_003-mesh-map-0">
          <float_array id="straight_003-mesh-map-0-array" count="22644">-35.09441 -10.30465 -30.48 0 -36.576 0 35.09441 -10.30465 30.48 0 28.9882 -9.418838 30.76969 19.77448 28.9882 9.418838 35.09441 10.30465 23.95219 27.6423 24.65884 17.91569 30.76969 19.77448 15.19422 -33.2707 17.91569 -24.65884 9.418838 -28.9882 -9.418838 -28.9882 -15.19422 -33.2707 -5.205308 -36.20371 -9.418838 -28.9882 -5.205308 -36.20371 0 -30.48 0 -30.48 -5.205308 -36.20371 5.205308 -36.20371 0 -30.48 5.205308 -36.20371 9.418838 -28.9882 9.418838 -28.9882 5.205308 -36.20371 15.19422 -33.2707 -15.19422 -33.2707 -17.91569 -24.65884 -23.95219 -27.6423 -23.95219 -27.6423 -24.65884 -17.91569 -30.76969 -19.77448 -30.76969 -19.77448 -28.9882 -9.418838 -35.09441 -10.30465 35.09441 10.30465 30.48 0 36.576 0 35.09441 -10.30465 30.48 0 28.9882 -9.418838 -30.76969 19.77448 -28.9882 9.418838 -24.65884 17.91569 -23.95219 27.6423 -24.65884 17.91569 -17.91569 24.65884 9.418838 28.9882 15.19422 33.2707 5.205308 36.20371 9.418838 28.9882 5.205308 36.20371 0 30.48 0 30.48 5.205308 36.20371 -5.205308 36.20371 0 30.48 -5.205308 36.20371 -9.418838 28.9882 -9.418838 28.9882 -5.205308 36.20371 -15.19422 33.2707 -15.19422 33.2707 -17.91569 24.65884 -9.418838 28.9882 -17.91569 24.65884 -22.04859 17.1611 -15.28173 23.39043 30.76969 -19.77448 28.9882 -9.418838 24.65884 -17.91569 -30.48 0 -35.09441 10.30465 -36.576 0 35.09441 -10.30465 30.48 0 28.9882 -9.418838 -26.42613 9.072103 -24.65884 17.91569 -28.9882 9.418838 -23.95219 27.6423 -24.65884 17.91569 -17.91569 24.65884 -15.19422 33.2707 -17.91569 24.65884 -9.418838 28.9882 9.418838 28.9882 15.19422 33.2707 5.205308 36.20371 9.418838 28.9882 5.205308 36.20371 0 30.48 0 30.48 5.205308 36.20371 -5.205308 36.20371 0 30.48 -5.205308 36.20371 -9.418838 28.9882 -9.418838 28.9882 -5.205308 36.20371 -15.19422 33.2707 15.19422 33.2707 17.91569 24.65884 23.95219 27.6423 -23.95219 27.6423 -24.65884 17.91569 -17.91569 24.65884 30.76969 -19.77448 28.9882 -9.418838 24.65884 -17.91569 -35.09441 10.30465 -30.48 0 -28.9882 9.418838 -35.09441 -10.30465 -30.48 0 -36.576 0 30.76969 19.77448 28.9882 9.418838 35.09441 10.30465 23.95219 -27.6423 24.65884 -17.91569 17.91569 -24.65884 -15.19422 -33.2707 -17.91569 -24.65884 -23.95219 -27.6423 -9.418838 -28.9882 -15.19422 -33.2707 -5.205308 -36.20371 -9.418838 -28.9882 -5.205308 -36.20371 0 -30.48 0 -30.48 -5.205308 -36.20371 5.205308 -36.20371 0 -30.48 5.205308 -36.20371 9.418838 -28.9882 9.418838 -28.9882 5.205308 -36.20371 15.19422 -33.2707 17.91569 24.65884 15.19422 33.2707 9.418838 28.9882 -23.95219 -27.6423 -24.65884 -17.91569 -30.76969 -19.77448 -30.76969 -19.77448 -28.9882 -9.418838 -35.09441 -10.30465 -399.238 19.15115 -199.619 28.72672 -399.238 28.72672 -399.238 -76.60459 -199.619 -67.02902 -399.238 -67.02902 0 -104.4608 1.27 -94.01473 0 -94.01473 -0.6350001 -38.3023 0 -28.72672 -0.6350001 -28.72672 -975.4145 67.02902 -974.4409 68.16369 -998.095 67.02902 -798.476 76.60459 -945.4579 69.55398 -945.0651 69.25581 -0.6350001 -19.15115 0 -9.575574 -0.6350001 -9.575574 -0.6350001 -28.72672 0 -19.15115 -0.6350001 -19.15115 0 -31.33824 1.27 -20.89216 0 -20.89216 0 -41.78432 1.27 -31.33824 0 -31.33824 0 -52.23041 1.27 -41.78432 0 -41.78432 0 -62.67649 1.27 -52.23041 0 -52.23041 -399.238 -67.02902 -199.619 -57.45344 -399.238 -57.45344 200 13.85938 0 4.619795 200 4.619795 -0.6350001 19.15115 0 28.72672 -0.6350001 28.72672 0 41.78432 1.27 52.23041 0 52.23041 -199.619 -38.3023 -1.905 -28.72672 -199.619 -28.72672 0 20.89216 1.27 31.33824 0 31.33824 0 94.01473 1.27 104.4608 0 104.4608 0 73.12257 1.27 83.56865 0 83.56865 400 -60.05733 600 -50.81774 400 -50.81774 -0.6350001 76.60459 0 86.18017 -0.6350001 86.18017 -0.6350001 67.02902 0 76.60459 -0.6350001 76.60459 -0.6350001 -57.45344 0 -47.87787 -0.6350001 -47.87787 -0.6350001 -67.02902 0 -57.45344 -0.6350001 -57.45344 -0.6350001 -76.60459 0 -67.02902 -0.6350001 -67.02902 -0.6350001 -86.18017 0 -76.60459 -0.6350001 -76.60459 -0.6350001 -95.75575 0 -86.18017 -0.6350001 -86.18017 -199.619 28.72672 -1.905 38.3023 -199.619 38.3023 -199.619 38.3023 -1.905 47.87787 -199.619 47.87787 -199.619 86.18017 -1.905 95.75575 -199.619 95.75575 -199.619 19.15115 -1.905 28.72672 -199.619 28.72672 -0.6350001 47.87787 0 57.45344 -0.6350001 57.45344 -0.6350001 38.3023 0 47.87787 -0.6350001 47.87787 -0.6350001 28.72672 0 38.3023 -0.6350001 38.3023 -199.619 -9.575574 -1.905 0 -199.619 0 -199.619 0 -1.905 9.575574 -199.619 9.575574 0 10.44608 1.27 20.89216 0 20.89216 -199.619 -95.75575 -1.905 -86.18017 -199.619 -86.18017 -0.6350001 86.18017 0 95.75575 -0.6350001 95.75575 -199.619 -57.45344 -1.905 -47.87787 -199.619 -47.87787 -199.619 47.87787 -1.905 57.45344 -199.619 57.45344 -399.238 38.3023 -199.619 47.87787 -399.238 47.87787 -598.8571 86.18017 -399.238 95.75575 -598.8571 95.75575 200 23.09897 0 13.85938 200 13.85938 -199.619 9.575574 -1.905 19.15115 -199.619 19.15115 -798.476 -86.18017 -998.095 -95.75575 -798.476 -95.75575 -798.476 95.75575 -998.095 86.18017 -798.476 86.18017 -798.476 -67.02902 -998.095 -76.60459 -798.476 -76.60459 -798.476 -76.60459 -998.095 -86.18017 -798.476 -86.18017 -199.619 -76.60459 -1.905 -67.02902 -199.619 -67.02902 -199.619 -47.87787 -1.905 -38.3023 -199.619 -38.3023 -399.238 86.18017 -199.619 95.75575 -399.238 95.75575 -399.238 -47.87787 -199.619 -38.3023 -399.238 -38.3023 -399.238 47.87787 -199.619 57.45344 -399.238 57.45344 -199.619 -86.18017 -1.905 -76.60459 -199.619 -76.60459 600 -23.09897 800 -13.85938 600 -13.85938 0 -62.67649 -1.27 -73.12257 0 -73.12257 -798.476 86.18017 -998.095 76.60459 -798.476 76.60459 -798.476 -57.45344 -998.095 -67.02902 -798.476 -67.02902 -798.476 -47.87787 -998.095 -57.45344 -798.476 -57.45344 -798.476 -38.3023 -998.095 -47.87787 -798.476 -47.87787 -798.476 -28.72672 -998.095 -38.3023 -798.476 -38.3023 -998.095 9.575574 -798.476 9.575574 -798.476 19.15115 -798.476 -9.575574 -998.095 -19.15115 -798.476 -19.15115 -798.476 0 -998.095 -9.575574 -798.476 -9.575574 -798.476 9.575574 -998.095 0 -798.476 0 -972.1832 20.39412 -998.095 19.15115 -970.5457 19.15115 -945.0651 21.39643 -798.476 19.15115 -944.7979 21.70777 -979.6506 29.61148 -998.095 28.72672 -979.0064 28.72672 -938.0037 30.86727 -798.476 28.72672 -937.6436 31.62653 -983.7941 38.98831 -998.095 38.3023 -983.5894 38.3023 -934.1822 40.97475 -798.476 38.3023 -934.1438 41.36999 -998.095 47.87787 -984.7015 47.87787 -984.639 48.52334 -798.476 47.87787 -934.1643 50.94457 -933.8673 47.87787 -998.095 57.45344 -982.1706 57.45344 -981.7999 58.2351 -798.476 67.02902 -936.3983 57.45344 -798.476 57.45344 -698.6665 -95.75574 -598.8571 -86.18017 -698.6665 -86.18016 -698.6665 -9.575573 -598.8571 0 -698.6665 0 -698.6665 86.18016 -598.8571 76.60459 -598.8571 86.18017 -399.238 -57.45344 -199.619 -47.87787 -399.238 -47.87787 600 -41.57815 800 -32.33856 600 -32.33856 -598.8571 -38.3023 -399.238 -28.72672 -598.8571 -28.72672 -399.238 0 -199.619 9.575574 -399.238 9.575574 -399.238 -9.575574 -199.619 0 -399.238 0 -399.238 -19.15115 -199.619 -9.575574 -399.238 -9.575574 -399.238 -28.72672 -199.619 -19.15115 -399.238 -19.15115 -399.238 -38.3023 -199.619 -28.72672 -399.238 -28.72672 -399.238 9.575574 -199.619 19.15115 -399.238 19.15115 0 0 -1.27 -10.44608 0 -10.44608 -698.6665 76.60459 -598.8571 67.02902 -598.8571 76.60459 -598.8571 -95.75575 -399.238 -86.18017 -598.8571 -86.18017 -598.8571 9.575574 -399.238 19.15115 -598.8571 19.15115 -598.8571 76.60459 -399.238 86.18017 -598.8571 86.18017 -598.8571 67.02902 -399.238 76.60459 -598.8571 76.60459 0 -31.33824 -1.27 -41.78432 0 -41.78432 -399.238 -95.75575 -199.619 -86.18017 -399.238 -86.18017 300 69.29692 400 78.53651 300 78.53652 600 -13.85938 800 -4.619795 600 -4.619795 -598.8571 47.87787 -399.238 57.45344 -598.8571 57.45344 -598.8571 -9.575574 -399.238 0 -598.8571 0 -598.8571 0 -399.238 9.575574 -598.8571 9.575574 -698.6665 -28.72672 -598.8571 -19.15115 -698.6665 -19.15115 -598.8571 -19.15115 -399.238 -9.575574 -598.8571 -9.575574 -598.8571 -28.72672 -399.238 -19.15115 -598.8571 -19.15115 -598.8571 -57.45344 -399.238 -47.87787 -598.8571 -47.87787 -598.8571 -47.87787 -399.238 -38.3023 -598.8571 -38.3023 200 -4.619795 0 -13.85938 200 -13.85938 -598.8571 -67.02902 -399.238 -57.45344 -598.8571 -57.45344 -399.238 28.72672 -199.619 38.3023 -399.238 38.3023 0 10.44608 -1.27 0 0 0 200 78.53651 0 69.29692 200 69.29692 300 78.53652 400 87.7761 300 87.7761 -598.8571 -76.60459 -399.238 -67.02902 -598.8571 -67.02902 0 -104.4608 -1.27 -114.9069 0 -114.9069 -598.8571 57.45344 -399.238 67.02902 -598.8571 67.02902 -698.6665 47.87788 -598.8571 57.45344 -698.6665 57.45344 -698.6665 0 -598.8571 9.575574 -698.6664 9.575573 -598.8571 28.72672 -399.238 38.3023 -598.8571 38.3023 -698.6664 9.575573 -598.8571 19.15115 -698.6665 19.15115 -698.6665 -57.45344 -598.8571 -47.87787 -698.6665 -47.87787 -698.6665 -67.02902 -598.8571 -57.45344 -698.6665 -57.45344 -698.6665 -67.02902 -598.8571 -76.60459 -598.8571 -67.02902 -698.6666 -76.60459 -598.8571 -86.18017 -598.8571 -76.60459 600 69.29692 800 78.53651 600 78.53651 -598.8571 -86.18017 -399.238 -76.60459 -598.8571 -76.60459 -698.6665 19.15115 -598.8571 28.72672 -698.6665 28.72673 -28.9882 -9.418838 -27.94 0 -30.48 0 800 -60.05733 1000 -64.67713 1000 -55.43753 -24.65884 -17.91569 -26.42613 -9.072103 -28.9882 -9.418838 -17.91569 -24.65884 -22.04859 -17.1611 -24.65884 -17.91569 -17.91569 24.65884 -15.28173 23.39043 -9.418838 28.9882 -9.418838 28.9882 -15.28173 23.39043 -6.858865 27.08504 -9.418838 28.9882 -6.858865 27.08504 0 30.48 0 30.48 -6.858865 27.08504 2.307267 27.84457 0 30.48 2.307267 27.84457 9.418838 28.9882 9.418838 28.9882 2.307267 27.84457 11.22337 25.58671 9.418838 28.9882 11.22337 25.58671 17.91569 24.65884 17.91569 24.65884 11.22337 25.58671 18.92325 20.55613 17.91569 24.65884 18.92325 20.55613 24.65884 17.91569 24.65884 17.91569 18.92325 20.55613 24.5725 13.29797 24.65884 17.91569 24.5725 13.29797 28.9882 9.418838 28.9882 9.418838 24.5725 13.29797 27.55894 4.598773 28.9882 9.418838 27.55894 4.598773 30.48 0 30.48 0 27.55894 4.598773 27.55894 -4.598773 30.48 0 27.55894 -4.598773 28.9882 -9.418838 28.9882 -9.418838 27.55894 -4.598773 24.5725 -13.29797 28.9882 -9.418838 24.5725 -13.29797 24.65884 -17.91569 24.65884 -17.91569 24.5725 -13.29797 18.92325 -20.55613 24.65884 -17.91569 18.92325 -20.55613 17.91569 -24.65884 17.91569 -24.65884 18.92325 -20.55613 11.22337 -25.58671 17.91569 -24.65884 11.22337 -25.58671 9.418838 -28.9882 9.418838 -28.9882 11.22337 -25.58671 2.307267 -27.84457 9.418838 -28.9882 2.307267 -27.84457 0 -30.48 0 -30.48 2.307267 -27.84457 -6.858865 -27.08504 0 -30.48 -6.858865 -27.08504 -9.418838 -28.9882 -9.418838 -28.9882 -6.858865 -27.08504 -15.28173 -23.39043 -9.418838 -28.9882 -15.28173 -23.39043 -17.91569 -24.65884 -15.19422 -33.2707 -17.91569 -24.65884 -23.95219 -27.6423 23.95219 -27.6423 24.65884 -17.91569 17.91569 -24.65884 -30.48 0 -35.09441 -10.30465 -28.9882 -9.418838 -35.09441 -10.30465 -30.48 0 -36.576 0 28.9882 9.418838 30.76969 19.77448 24.65884 17.91569 -24.65884 17.91569 -23.95219 27.6423 -30.76969 19.77448 15.19422 33.2707 17.91569 24.65884 23.95219 27.6423 -9.418838 -28.9882 -15.19422 -33.2707 -5.205308 -36.20371 -9.418838 -28.9882 -5.205308 -36.20371 0 -30.48 0 -30.48 -5.205308 -36.20371 5.205308 -36.20371 0 -30.48 5.205308 -36.20371 9.418838 -28.9882 9.418838 -28.9882 5.205308 -36.20371 15.19422 -33.2707 15.19422 -33.2707 17.91569 -24.65884 9.418838 -28.9882 24.65884 17.91569 23.95219 27.6423 17.91569 24.65884 -30.76969 -19.77448 -28.9882 -9.418838 -35.09441 -10.30465 35.09441 -10.30465 30.48 0 28.9882 -9.418838 35.09441 10.30465 30.48 0 36.576 0 -28.9882 -9.418838 -30.76969 -19.77448 -24.65884 -17.91569 24.65884 -17.91569 23.95219 -27.6423 30.76969 -19.77448 -17.91569 -24.65884 -15.19422 -33.2707 -9.418838 -28.9882 9.418838 28.9882 15.19422 33.2707 5.205308 36.20371 9.418838 28.9882 5.205308 36.20371 0 30.48 0 30.48 5.205308 36.20371 -5.205308 36.20371 0 30.48 -5.205308 36.20371 -9.418838 28.9882 -9.418838 28.9882 -5.205308 36.20371 -15.19422 33.2707 15.19422 33.2707 17.91569 24.65884 23.95219 27.6423 -24.65884 -17.91569 -23.95219 -27.6423 -17.91569 -24.65884 -30.76969 19.77448 -28.9882 9.418838 -24.65884 17.91569 300 -32.33856 400 -23.09897 300 -23.09897 0 104.4608 1.27 114.9069 0 114.9069 0 31.33824 -1.27 20.89216 0 20.89216 0 73.12257 -1.27 62.67649 0 62.67649 300 23.09897 400 13.85938 400 23.09897 0 94.01473 -1.27 83.56865 0 83.56865 0 104.4608 -1.27 94.01473 0 94.01473 15.17176 -41.57815 15.23867 -40.87415 0 -41.57815 200 -32.33856 66.25948 -41.57815 200 -41.57815 200 -78.53651 0 -87.7761 200 -87.7761 0 -60.05733 21.78145 -60.05733 21.05377 -59.08469 200 -60.05733 61.7852 -57.20298 59.64978 -60.05733 200 50.81774 0 41.57815 200 41.57815 0 -114.9069 1.27 -104.4608 0 -104.4608 600 4.619795 800 13.85938 600 13.85938 0 -52.23041 -1.27 -62.67649 0 -62.67649 0 -41.78432 -1.27 -52.23041 0 -52.23041 31.57932 -69.29692 29.43168 -67.93724 0 -69.29692 200 -69.29692 53.52466 -66.82419 50.51006 -69.02432 0 -20.89216 -1.27 -31.33824 0 -31.33824 600 60.05733 800 69.29692 600 69.29692 400 69.29692 600 78.53651 400 78.53651 600 23.09897 800 32.33856 600 32.33856 600 41.57815 800 50.81774 600 50.81774 0 -94.01473 -1.27 -104.4608 0 -104.4608 35.09441 10.30465 30.48 0 36.576 0 -35.09441 10.30465 -30.48 0 -28.9882 9.418838 30.76969 -19.77448 28.9882 -9.418838 24.65884 -17.91569 -23.95219 -27.6423 -24.65884 -17.91569 -30.76969 -19.77448 15.19422 -33.2707 17.91569 -24.65884 9.418838 -28.9882 15.19422 -33.2707 9.418838 -28.9882 5.205308 -36.20371 5.205308 -36.20371 9.418838 -28.9882 0 -30.48 5.205308 -36.20371 0 -30.48 -5.205308 -36.20371 -5.205308 -36.20371 0 -30.48 -9.418838 -28.9882 -5.205308 -36.20371 -9.418838 -28.9882 -15.19422 -33.2707 17.91569 -24.65884 15.19422 -33.2707 23.95219 -27.6423 23.95219 27.6423 24.65884 17.91569 30.76969 19.77448 28.9882 -9.418838 30.76969 -19.77448 35.09441 -10.30465 -28.9882 9.418838 -27.94 0 -26.42613 9.072103 35.09441 10.30465 30.48 0 36.576 0 -30.76969 19.77448 -28.9882 9.418838 -24.65884 17.91569 23.95219 -27.6423 24.65884 -17.91569 17.91569 -24.65884 -15.19422 33.2707 -17.91569 24.65884 -9.418838 28.9882 -15.19422 33.2707 -9.418838 28.9882 -5.205308 36.20371 -5.205308 36.20371 -9.418838 28.9882 0 30.48 -5.205308 36.20371 0 30.48 5.205308 36.20371 5.205308 36.20371 0 30.48 9.418838 28.9882 5.205308 36.20371 9.418838 28.9882 15.19422 33.2707 -17.91569 24.65884 -15.19422 33.2707 -23.95219 27.6423 23.95219 27.6423 24.65884 17.91569 30.76969 19.77448 -28.9882 9.418838 -30.76969 19.77448 -35.09441 10.30465 800 -78.53651 1000 -83.15631 1000 -73.91672 1000 0 800 4.619795 800 -4.619795 800 78.53651 1000 83.15631 800 87.7761 30.76969 19.77448 28.9882 9.418838 35.09441 10.30465 1000 9.239589 800 4.619795 1000 0 1000 -27.71877 800 -32.33856 1000 -36.95836 800 -50.81774 1000 -46.19795 800 -41.57815 800 50.81774 1000 46.19795 1000 55.43753 1000 -55.43753 800 -50.81774 800 -60.05733 800 23.09897 1000 27.71877 800 32.33856 800 69.29692 1000 73.91672 800 78.53651 800 -4.619795 1000 -9.239589 1000 0 1000 -83.15631 800 -87.7761 1000 -92.39589 800 -41.57815 1000 -36.95836 800 -32.33856 800 13.85938 1000 18.47918 800 23.09897 800 -23.09897 1000 -27.71877 1000 -18.47918 1000 55.43753 800 60.05733 800 50.81774 800 41.57815 1000 36.95836 1000 46.19795 800 -69.29692 1000 -73.91672 1000 -64.67713 1000 36.95836 800 32.33856 1000 27.71877 800 60.05733 1000 64.67713 800 69.29692 800 -13.85938 1000 -18.47918 1000 -9.239589 -199.619 57.45344 -1.905 67.02902 -199.619 67.02902 200 32.33856 0 23.09897 200 23.09897 300 -87.7761 400 -78.53651 300 -78.5365 17.22756 -31.54268 16.9581 -32.33856 17.06973 -31.89697 200 -23.09897 63.25651 -29.41624 64.36151 -31.89697 21.82053 -23.09897 22.33837 -22.06698 0 -23.09897 200 -13.85938 58.0009 -20.41945 58.8134 -21.51002 200 69.29692 0 60.05733 200 60.05733 200 4.619795 0 -4.619795 200 -4.619795 600 13.85938 800 23.09897 600 23.09897 200 60.05733 0 50.81774 200 50.81774 -399.238 57.45344 -199.619 67.02902 -399.238 67.02902 200 41.57815 0 32.33856 200 32.33856 0 0 1.27 10.44608 0 10.44608 0 41.78432 -1.27 31.33824 0 31.33824 600 32.33856 800 41.57815 600 41.57815 300 41.57815 400 32.33856 400 41.57815 400 60.05733 600 69.29692 400 69.29692 400 41.57815 600 50.81774 400 50.81774 600 78.53651 800 87.7761 600 87.7761 400 -78.53651 600 -69.29692 400 -69.29692 -399.238 -86.18017 -199.619 -76.60459 -399.238 -76.60459 400 50.81774 600 60.05733 400 60.05733 -199.619 -28.72672 -1.905 -19.15115 -199.619 -19.15115 400 32.33856 600 41.57815 400 41.57815 300 60.05733 400 69.29692 300 69.29692 400 13.85938 600 23.09897 400 23.09897 400 78.53651 600 87.7761 400 87.7761 0 114.9069 -1.27 104.4608 0 104.4608 0 62.67649 -1.27 52.23041 0 52.23041 0 -83.56865 -1.27 -94.01473 0 -94.01473 0 -10.44608 -1.27 -20.89216 0 -20.89216 400 -69.29692 600 -60.05733 400 -60.05733 400 -4.619795 600 4.619795 400 4.619795 300 50.81774 400 41.57815 400 50.81774 400 -23.09897 600 -13.85938 400 -13.85938 400 -32.33856 600 -23.09897 400 -23.09897 400 -41.57815 600 -32.33856 400 -32.33856 400 -87.7761 600 -78.53651 400 -78.53651 300 4.619795 400 -4.619795 400 4.619795 0 38.3023 -0.6350001 28.72672 0 28.72672 0 -86.18017 -0.6350001 -95.75575 0 -95.75575 0 28.72672 -0.6350001 19.15115 0 19.15115 300 -60.05733 400 -50.81774 300 -50.81775 0 19.15115 -0.6350001 9.575574 0 9.575574 0 -67.02902 -0.6350001 -76.60459 0 -76.60459 0 9.575574 -0.6350001 0 0 0 300 -78.5365 400 -69.29692 300 -69.29692 600 -78.53651 800 -69.29692 600 -69.29692 -199.619 67.02902 -1.905 76.60459 -199.619 76.60459 -598.8571 19.15115 -399.238 28.72672 -598.8571 28.72672 300 -13.85938 400 -4.619795 300 -4.619795 400 -13.85938 600 -4.619795 400 -4.619795 400 4.619795 600 13.85938 400 13.85938 300 -41.57815 400 -32.33856 300 -32.33856 400 -50.81774 600 -41.57815 400 -41.57815 0 -10.44608 1.27 0 0 0 0 0 -0.6350001 -9.575574 0 -9.575574 0 95.75575 -0.6350001 86.18017 0 86.18017 0 -83.56865 1.27 -73.12257 0 -73.12257 400 23.09897 600 32.33856 400 32.33856 0 -38.3023 -0.6350001 -47.87787 0 -47.87787 0 47.87787 -0.6350001 38.3023 0 38.3023 0 57.45344 -0.6350001 47.87787 0 47.87787 0 76.60459 -0.6350001 67.02902 0 67.02902 0 86.18017 -0.6350001 76.60459 0 76.60459 600 -60.05733 800 -50.81774 600 -50.81774 -0.6350001 9.575574 0 19.15115 -0.6350001 19.15115 0 -57.45344 -0.6350001 -67.02902 0 -67.02902 0 -47.87787 -0.6350001 -57.45344 0 -57.45344 0 -28.72672 -0.6350001 -38.3023 0 -38.3023 0 -19.15115 -0.6350001 -28.72672 0 -28.72672 0 -9.575574 -0.6350001 -19.15115 0 -19.15115 -28.9882 -9.418838 -27.94 0 -30.48 0 -28.9882 9.418838 -27.94 0 -26.42613 9.072103 -24.65884 17.91569 -26.42613 9.072103 -22.04859 17.1611 -22.04859 -17.1611 -17.91569 -24.65884 -15.28173 -23.39043 -15.28173 -23.39043 -17.91569 -24.65884 -9.418838 -28.9882 -15.28173 -23.39043 -9.418838 -28.9882 -6.858865 -27.08504 -6.858865 -27.08504 -9.418838 -28.9882 0 -30.48 -6.858865 -27.08504 0 -30.48 2.307267 -27.84457 2.307267 -27.84457 0 -30.48 9.418838 -28.9882 2.307267 -27.84457 9.418838 -28.9882 11.22337 -25.58671 11.22337 -25.58671 9.418838 -28.9882 17.91569 -24.65884 11.22337 -25.58671 17.91569 -24.65884 18.92325 -20.55613 18.92325 -20.55613 17.91569 -24.65884 24.65884 -17.91569 18.92325 -20.55613 24.65884 -17.91569 24.5725 -13.29797 24.5725 -13.29797 24.65884 -17.91569 28.9882 -9.418838 24.5725 -13.29797 28.9882 -9.418838 27.55894 -4.598773 27.55894 -4.598773 28.9882 -9.418838 30.48 0 27.55894 -4.598773 30.48 0 27.55894 4.598773 27.55894 4.598773 30.48 0 28.9882 9.418838 27.55894 4.598773 28.9882 9.418838 24.5725 13.29797 24.5725 13.29797 28.9882 9.418838 24.65884 17.91569 24.5725 13.29797 24.65884 17.91569 18.92325 20.55613 18.92325 20.55613 24.65884 17.91569 17.91569 24.65884 18.92325 20.55613 17.91569 24.65884 11.22337 25.58671 11.22337 25.58671 17.91569 24.65884 9.418838 28.9882 11.22337 25.58671 9.418838 28.9882 2.307267 27.84457 2.307267 27.84457 9.418838 28.9882 0 30.48 2.307267 27.84457 0 30.48 -6.858865 27.08504 -6.858865 27.08504 0 30.48 -9.418838 28.9882 -6.858865 27.08504 -9.418838 28.9882 -15.28173 23.39043 -15.28173 23.39043 -9.418838 28.9882 -17.91569 24.65884 -22.04859 17.1611 -17.91569 24.65884 -24.65884 17.91569 -26.42613 -9.072103 -24.65884 -17.91569 -22.04859 -17.1611 0 83.56865 1.27 94.01473 0 94.01473 -399.238 76.60459 -199.619 86.18017 -399.238 86.18017 0 62.67649 1.27 73.12257 0 73.12257 -798.476 -19.15115 -998.095 -28.72672 -798.476 -28.72672 0 -73.12257 1.27 -62.67649 0 -62.67649 0 -20.89216 1.27 -10.44608 0 -10.44608 -199.619 76.60459 -1.905 86.18017 -199.619 86.18017 -0.6350001 -47.87787 0 -38.3023 -0.6350001 -38.3023 0 -94.01473 1.27 -83.56865 0 -83.56865 600 -50.81774 800 -41.57815 600 -41.57815 0 -73.12257 -1.27 -83.56865 0 -83.56865 0 -78.53651 200 -78.53651 200 -69.29692 -35.09441 10.30465 -30.48 0 -28.9882 9.418838 -199.619 -67.02902 -1.905 -57.45344 -199.619 -57.45344 600 -32.33856 800 -23.09897 600 -23.09897 -598.8571 38.3023 -399.238 47.87787 -598.8571 47.87787 200 87.7761 0 78.53651 200 78.53651 0 67.02902 -0.6350001 57.45344 0 57.45344 0 20.89216 -1.27 10.44608 0 10.44608 0 52.23041 -1.27 41.78432 0 41.78432 0 -76.60459 -0.6350001 -86.18017 0 -86.18017 600 -87.7761 800 -78.53651 600 -78.53651 600 -4.619795 800 4.619795 600 4.619795 0 52.23041 1.27 62.67649 0 62.67649 -0.6350001 0 0 9.575574 -0.6350001 9.575574 600 50.81774 800 60.05733 600 60.05733 -698.6665 -47.87787 -598.8571 -38.3023 -698.6666 -38.3023 -698.6666 -38.3023 -598.8571 -28.72672 -698.6665 -28.72672 -698.6665 -19.15115 -598.8571 -9.575574 -698.6665 -9.575573 -698.6665 28.72673 -598.8571 38.3023 -698.6665 38.3023 0 31.33824 1.27 41.78432 0 41.78432 -698.6665 38.3023 -598.8571 47.87787 -698.6665 47.87788 -698.6665 57.45344 -598.8571 67.02902 -698.6665 67.02902 -399.238 67.02902 -199.619 76.60459 -399.238 76.60459 300 -69.29692 400 -60.05733 300 -60.05733 300 -50.81775 400 -41.57815 300 -41.57815 300 32.33856 400 23.09897 400 32.33856 300 -23.09897 400 -13.85938 300 -13.85938 300 13.85938 400 4.619795 400 13.85938 300 50.81774 400 60.05733 300 60.05733 0 83.56865 -1.27 73.12257 0 73.12257 600 -69.29692 800 -60.05733 600 -60.05733 -698.6665 86.18016 -598.8571 95.75575 -698.6665 95.75574 -199.619 -19.15115 -1.905 -9.575574 -199.619 -9.575574 0 -50.81774 16.72433 -50.81773 16.49501 -50.0557 200 -50.81774 65.61919 -47.78627 64.7069 -50.81773 -0.6350001 57.45344 0 67.02902 -0.6350001 67.02902 -0.6350001 -9.575574 0 0 -0.6350001 0 -723.6189 95.75574 -698.6665 86.18016 -698.6665 95.75574 -723.6188 67.02902 -698.6665 57.45344 -698.6665 67.02902 -723.6188 47.87788 -698.6665 38.3023 -698.6665 47.87788 -723.6189 38.3023 -698.6665 28.72673 -698.6665 38.3023 -723.6188 -19.15115 -698.6665 -9.575573 -723.6189 -9.575573 -723.6189 -38.3023 -698.6665 -28.72672 -723.619 -28.72673 -723.6189 -47.87787 -698.6666 -38.3023 -723.6189 -38.3023 -723.6189 28.72673 -698.6665 19.15115 -698.6665 28.72673 -723.6188 -76.60458 -698.6665 -86.18016 -698.6666 -76.60459 -723.6188 -76.60458 -698.6665 -67.02902 -723.619 -67.02902 -723.619 -67.02902 -698.6665 -57.45344 -723.6189 -57.45344 -723.6189 -57.45344 -698.6665 -47.87787 -723.6189 -47.87787 -723.6188 9.575573 -698.6665 19.15115 -723.6188 19.15115 -723.6188 0 -698.6664 9.575573 -723.6188 9.575573 -723.6189 57.45344 -698.6665 47.87788 -698.6665 57.45344 -723.619 -28.72673 -698.6665 -19.15115 -723.6188 -19.15115 -723.6189 76.60459 -698.6665 67.02902 -698.6665 76.60459 -723.619 86.18016 -698.6665 76.60459 -698.6665 86.18016 -723.6189 -9.575573 -698.6665 0 -723.6188 0 -723.6189 -86.18016 -698.6665 -95.75574 -698.6665 -86.18016 275 60.05733 300 50.81774 300 60.05733 275 13.85938 300 4.619795 300 13.85938 275 -23.09897 300 -13.85938 275 -13.85938 275 32.33856 300 23.09897 300 32.33856 275 -50.81775 300 -41.57815 275 -41.57815 275 -69.29692 300 -60.05733 275 -60.05734 275 -41.57815 300 -32.33856 275 -32.33855 275 -4.619795 300 -13.85938 300 -4.619795 275 -78.5365 300 -69.29692 275 -69.29692 275 -60.05734 300 -50.81775 275 -50.81775 275 4.619795 300 -4.619795 300 4.619795 275 50.81775 300 41.57815 300 50.81774 275 69.29692 300 60.05733 300 69.29692 275 41.57815 300 32.33856 300 41.57815 275 -87.7761 300 -78.5365 275 -78.5365 275 23.09897 300 13.85938 300 23.09897 275 -32.33855 300 -23.09897 275 -23.09897 275 78.53652 300 87.7761 275 87.7761 275 69.29692 300 78.53652 275 78.53652 -761.0475 -86.18016 -748.5712 -95.75573 -748.5713 -86.18016 -761.0475 0 -748.5714 -9.575573 -748.5713 0 -761.0475 86.18016 -748.5713 76.60459 -748.5713 86.18016 -761.0475 76.60459 -748.5713 67.02902 -748.5713 76.60459 -761.0475 -28.72672 -748.5713 -19.15115 -761.0475 -19.15115 -761.0475 57.45344 -748.5713 47.87788 -748.5714 57.45345 -761.0475 0 -748.5712 9.575573 -761.0474 9.575573 -761.0474 9.575573 -748.5712 19.15115 -761.0475 19.15115 -761.0475 -57.45344 -748.5713 -47.87787 -761.0475 -47.87787 -761.0475 -57.45344 -748.5713 -67.02902 -748.5713 -57.45345 -761.0475 -67.02902 -748.5713 -76.60459 -748.5713 -67.02902 -761.0475 -76.60459 -748.5713 -86.18016 -748.5713 -76.60459 -761.0475 19.15115 -748.5714 28.72673 -761.0476 28.72673 -761.0475 -47.87787 -748.5713 -38.3023 -761.0475 -38.3023 -761.0475 -38.3023 -748.5713 -28.72672 -761.0475 -28.72672 -761.0475 -19.15115 -748.5714 -9.575573 -761.0475 -9.575573 -761.0476 28.72673 -748.5713 38.3023 -761.0475 38.3023 -761.0475 38.3023 -748.5713 47.87788 -761.0475 47.87788 -761.0475 67.02902 -748.5714 57.45345 -748.5713 67.02902 -761.0475 95.75574 -748.5713 86.18016 -748.5713 95.75574 237.5 69.29692 250 78.53652 237.5 78.53652 237.5 78.53652 250 87.7761 237.5 87.7761 237.5 -23.09897 250 -32.33856 250 -23.09897 237.5 23.09897 250 13.85938 250 23.09897 237.5 -87.7761 250 -78.5365 237.5 -78.5365 237.5 32.33856 250 41.57815 237.5 41.57815 237.5 60.05734 250 69.29692 237.5 69.29692 237.5 41.57815 250 50.81775 237.5 50.81776 237.5 4.619795 250 -4.619795 250 4.619795 237.5 -60.05734 250 -50.81775 237.5 -50.81775 237.5 -78.5365 250 -69.29692 237.5 -69.29692 237.5 -4.619795 250 -13.85939 250 -4.619795 237.5 -32.33856 250 -41.57815 250 -32.33856 237.5 -69.29692 250 -60.05734 237.5 -60.05734 237.5 -50.81775 250 -41.57815 237.5 -41.57815 237.5 32.33856 250 23.09897 250 32.33856 237.5 -13.85938 250 -23.09897 250 -13.85939 237.5 13.85938 250 4.619795 250 13.85938 237.5 50.81776 250 60.05733 237.5 60.05734 262.5 69.29692 275 78.53652 262.5 78.53652 262.5 78.53652 275 87.7761 262.5 87.7761 262.5 -32.33855 275 -23.09897 262.5 -23.09897 262.5 23.09897 275 13.85938 275 23.09897 262.5 -87.7761 275 -78.5365 262.5 -78.5365 262.5 41.57815 275 32.33856 275 41.57815 262.5 60.05734 275 69.29692 262.5 69.29692 262.5 50.81775 275 41.57815 275 50.81775 262.5 4.619795 275 -4.619795 275 4.619795 262.5 -60.05735 275 -50.81775 262.5 -50.81775 262.5 -78.5365 275 -69.29692 262.5 -69.29692 262.5 -4.619795 275 -13.85938 275 -4.619795 262.5 -41.57815 275 -32.33855 262.5 -32.33855 262.5 -69.29692 275 -60.05734 262.5 -60.05735 262.5 -50.81775 275 -41.57815 262.5 -41.57815 262.5 32.33856 275 23.09897 275 32.33856 262.5 -13.85938 275 -23.09897 275 -13.85938 262.5 13.85938 275 4.619795 275 13.85938 262.5 60.05734 275 50.81775 275 60.05733 -736.0951 -95.75574 -723.6189 -86.18016 -736.0951 -86.18016 -736.0951 0 -723.6189 -9.575573 -723.6188 0 -736.0951 76.60459 -723.619 86.18016 -736.0951 86.18016 -736.0951 67.02902 -723.6189 76.60459 -736.0951 76.60459 -736.0951 -28.72673 -723.6188 -19.15115 -736.0951 -19.15115 -736.0951 57.45344 -723.6188 47.87788 -723.6189 57.45344 -736.0951 0 -723.6188 9.575573 -736.095 9.575573 -736.095 9.575573 -723.6188 19.15115 -736.095 19.15115 -736.0951 -57.45344 -723.6189 -47.87787 -736.0951 -47.87787 -736.0952 -67.02902 -723.6189 -57.45344 -736.0951 -57.45344 -736.0951 -76.60459 -723.619 -67.02902 -736.0952 -67.02902 -736.0951 -86.18016 -723.6188 -76.60458 -736.0951 -76.60459 -736.0951 28.72673 -723.6188 19.15115 -723.6189 28.72673 -736.0951 -47.87787 -723.6189 -38.3023 -736.0951 -38.3023 -736.0951 -38.3023 -723.619 -28.72673 -736.0951 -28.72673 -736.0951 -19.15115 -723.6189 -9.575573 -736.0951 -9.575573 -736.0951 38.3023 -723.6189 28.72673 -723.6189 38.3023 -736.0951 47.87788 -723.6189 38.3023 -723.6188 47.87788 -736.0951 67.02902 -723.6189 57.45344 -723.6188 67.02902 -736.0951 86.18016 -723.6189 95.75574 -736.0951 95.75574 200 50.81774 225 60.05734 200 60.05733 200 13.85938 225 4.619795 225 13.85938 200 -13.85938 225 -23.09897 225 -13.85938 200 23.09897 225 32.33856 200 32.33856 200 -41.57815 225 -50.81774 225 -41.57815 200 -60.05733 225 -69.29692 225 -60.05733 200 -32.33856 225 -41.57815 225 -32.33856 200 -4.619795 225 -13.85938 225 -4.619794 200 -69.29692 225 -78.5365 225 -69.29692 200 -50.81774 225 -60.05733 225 -50.81774 200 4.619795 225 -4.619794 225 4.619795 200 41.57815 225 50.81775 200 50.81774 200 60.05733 225 69.29692 200 69.29692 200 32.33856 225 41.57815 200 41.57815 200 -78.53651 225 -87.7761 225 -78.5365 200 13.85938 225 23.09897 200 23.09897 200 -23.09897 225 -32.33856 225 -23.09897 200 87.7761 225 78.53652 225 87.7761 200 69.29692 225 78.53652 200 78.53651 -798.476 86.18017 -773.5237 95.75574 -798.476 95.75575 -798.476 57.45344 -773.5238 67.02902 -798.476 67.02902 -798.476 38.3023 -773.5237 47.87788 -798.476 47.87787 -798.476 28.72672 -773.5236 38.3023 -798.476 38.3023 -798.476 -19.15115 -773.5237 -9.575573 -798.476 -9.575574 -798.476 -38.3023 -773.5237 -28.72672 -798.476 -28.72672 -798.476 -47.87787 -773.5238 -38.3023 -798.476 -38.3023 -798.476 19.15115 -773.5238 28.72673 -798.476 28.72672 -798.476 -76.60459 -773.5237 -86.18016 -773.5237 -76.60459 -798.476 -67.02902 -773.5237 -76.60459 -773.5237 -67.02902 -798.476 -67.02902 -773.5237 -57.45344 -798.476 -57.45344 -798.476 -57.45344 -773.5238 -47.87787 -798.476 -47.87787 -798.476 9.575574 -773.5237 19.15115 -798.476 19.15115 -798.476 9.575574 -773.5237 0 -773.5236 9.575573 -798.476 47.87787 -773.5237 57.45344 -798.476 57.45344 -798.476 -28.72672 -773.5238 -19.15115 -798.476 -19.15115 -798.476 67.02902 -773.5238 76.60459 -798.476 76.60459 -798.476 76.60459 -773.5237 86.18016 -798.476 86.18017 -798.476 -9.575574 -773.5237 0 -798.476 0 -798.476 -86.18017 -773.5236 -95.75573 -773.5237 -86.18016 -773.5237 86.18016 -761.0475 95.75574 -773.5237 95.75574 -773.5237 57.45344 -761.0475 67.02902 -773.5238 67.02902 -773.5236 38.3023 -761.0475 47.87788 -773.5237 47.87788 -773.5238 28.72673 -761.0475 38.3023 -773.5236 38.3023 -773.5238 -19.15115 -761.0475 -9.575573 -773.5237 -9.575573 -773.5238 -38.3023 -761.0475 -28.72672 -773.5237 -28.72672 -773.5238 -47.87787 -761.0475 -38.3023 -773.5238 -38.3023 -773.5237 19.15115 -761.0476 28.72673 -773.5238 28.72673 -773.5237 -76.60459 -761.0475 -86.18016 -761.0475 -76.60459 -773.5237 -67.02902 -761.0475 -76.60459 -761.0475 -67.02902 -773.5237 -67.02902 -761.0475 -57.45344 -773.5237 -57.45344 -773.5237 -57.45344 -761.0475 -47.87787 -773.5238 -47.87787 -773.5236 9.575573 -761.0475 19.15115 -773.5237 19.15115 -773.5236 9.575573 -761.0475 0 -761.0474 9.575573 -773.5237 47.87788 -761.0475 57.45344 -773.5237 57.45344 -773.5237 -28.72672 -761.0475 -19.15115 -773.5238 -19.15115 -773.5238 67.02902 -761.0475 76.60459 -773.5238 76.60459 -773.5238 76.60459 -761.0475 86.18016 -773.5237 86.18016 -773.5237 -9.575573 -761.0475 0 -773.5237 0 -773.5237 -86.18016 -761.0474 -95.75573 -761.0475 -86.18016 225 50.81775 237.5 60.05734 225 60.05734 225 13.85938 237.5 4.619795 237.5 13.85938 225 -13.85938 237.5 -23.09897 237.5 -13.85938 225 23.09897 237.5 32.33856 225 32.33856 225 -41.57815 237.5 -50.81775 237.5 -41.57815 225 -69.29692 237.5 -60.05734 225 -60.05733 225 -32.33856 237.5 -41.57815 237.5 -32.33856 225 -4.619794 237.5 -13.85938 237.5 -4.619795 225 -78.5365 237.5 -69.29692 225 -69.29692 225 -50.81774 237.5 -60.05734 237.5 -50.81775 225 4.619795 237.5 -4.619795 237.5 4.619795 225 41.57815 237.5 50.81776 225 50.81775 225 60.05734 237.5 69.29692 225 69.29692 225 32.33856 237.5 41.57815 225 41.57815 225 -87.7761 237.5 -78.5365 225 -78.5365 225 23.09897 237.5 13.85938 237.5 23.09897 225 -23.09897 237.5 -32.33856 237.5 -23.09897 225 78.53652 237.5 87.7761 225 87.7761 225 69.29692 237.5 78.53652 225 78.53652 -742.3332 86.18016 -736.0951 95.75574 -742.3331 95.75574 -742.3332 57.45344 -736.0951 67.02902 -742.3331 67.02902 -742.3332 47.87788 -736.0951 38.3023 -736.0951 47.87788 -742.3333 38.3023 -736.0951 28.72673 -736.0951 38.3023 -742.3333 -9.575573 -736.0951 -19.15115 -736.0951 -9.575573 -742.3332 -38.3023 -736.0951 -28.72673 -742.3331 -28.72672 -742.3332 -47.87787 -736.0951 -38.3023 -742.3332 -38.3023 -742.3333 28.72673 -736.095 19.15115 -736.0951 28.72673 -742.3332 -86.18016 -736.0951 -76.60459 -742.3332 -76.60459 -742.3332 -76.60459 -736.0952 -67.02902 -742.3333 -67.02902 -742.3333 -67.02902 -736.0951 -57.45344 -742.3333 -57.45345 -742.3333 -57.45345 -736.0951 -47.87787 -742.3332 -47.87787 -742.3331 9.575573 -736.095 19.15115 -742.3331 19.15115 -742.3331 9.575573 -736.0951 0 -736.095 9.575573 -742.3332 57.45344 -736.0951 47.87788 -736.0951 57.45344 -742.3331 -28.72672 -736.0951 -19.15115 -742.3332 -19.15115 -742.3331 67.02902 -736.0951 76.60459 -742.3332 76.60459 -742.3332 76.60459 -736.0951 86.18016 -742.3332 86.18016 -742.3332 0 -736.0951 -9.575573 -736.0951 0 -742.3331 -95.75574 -736.0951 -86.18016 -742.3332 -86.18016 256.25 50.81775 262.5 60.05734 256.25 60.05734 256.25 13.85938 262.5 4.619795 262.5 13.85938 256.25 -13.85938 262.5 -23.09897 262.5 -13.85938 256.25 32.33856 262.5 23.09897 262.5 32.33856 256.25 -50.81775 262.5 -41.57815 256.25 -41.57815 256.25 -69.29692 262.5 -60.05735 256.25 -60.05734 256.25 -41.57815 262.5 -32.33855 256.25 -32.33856 256.25 -4.619795 262.5 -13.85938 262.5 -4.619795 256.25 -78.5365 262.5 -69.29692 256.25 -69.29692 256.25 -60.05734 262.5 -50.81775 256.25 -50.81775 256.25 4.619795 262.5 -4.619795 262.5 4.619795 256.25 50.81775 262.5 41.57815 262.5 50.81775 256.25 60.05734 262.5 69.29692 256.25 69.29692 256.25 41.57815 262.5 32.33856 262.5 41.57815 256.25 -87.7761 262.5 -78.5365 256.25 -78.5365 256.25 23.09897 262.5 13.85938 262.5 23.09897 256.25 -23.09897 262.5 -32.33855 262.5 -23.09897 256.25 78.53652 262.5 87.7761 256.25 87.7761 256.25 69.29692 262.5 78.53652 256.25 78.53652 -748.5713 -86.18016 -742.3331 -95.75574 -742.3332 -86.18016 -748.5713 0 -742.3333 -9.575573 -742.3332 0 -748.5713 86.18016 -742.3332 76.60459 -742.3332 86.18016 -748.5713 76.60459 -742.3331 67.02902 -742.3332 76.60459 -748.5713 -28.72672 -742.3332 -19.15115 -748.5713 -19.15115 -748.5714 57.45345 -742.3332 47.87788 -742.3332 57.45344 -748.5713 0 -742.3331 9.575573 -748.5712 9.575573 -748.5712 9.575573 -742.3331 19.15115 -748.5712 19.15115 -748.5713 -47.87787 -742.3333 -57.45345 -742.3332 -47.87787 -748.5713 -67.02902 -742.3333 -57.45345 -748.5713 -57.45345 -748.5713 -67.02902 -742.3332 -76.60459 -742.3333 -67.02902 -748.5713 -86.18016 -742.3332 -76.60459 -748.5713 -76.60459 -748.5712 19.15115 -742.3333 28.72673 -748.5714 28.72673 -748.5713 -47.87787 -742.3332 -38.3023 -748.5713 -38.3023 -748.5713 -38.3023 -742.3331 -28.72672 -748.5713 -28.72672 -748.5714 -9.575573 -742.3332 -19.15115 -742.3333 -9.575573 -748.5714 28.72673 -742.3333 38.3023 -748.5713 38.3023 -748.5713 38.3023 -742.3332 47.87788 -748.5713 47.87788 -748.5713 67.02902 -742.3332 57.45344 -742.3331 67.02902 -748.5713 95.75574 -742.3332 86.18016 -742.3331 95.75574 250 69.29692 256.25 78.53652 250 78.53652 250 78.53652 256.25 87.7761 250 87.7761 250 -23.09897 256.25 -32.33856 256.25 -23.09897 250 23.09897 256.25 13.85938 256.25 23.09897 250 -87.7761 256.25 -78.5365 250 -78.5365 250 41.57815 256.25 32.33856 256.25 41.57815 250 60.05733 256.25 69.29692 250 69.29692 250 50.81775 256.25 41.57815 256.25 50.81775 250 4.619795 256.25 -4.619795 256.25 4.619795 250 -60.05734 256.25 -50.81775 250 -50.81775 250 -78.5365 256.25 -69.29692 250 -69.29692 250 -4.619795 256.25 -13.85938 256.25 -4.619795 250 -41.57815 256.25 -32.33856 250 -32.33856 250 -69.29692 256.25 -60.05734 250 -60.05734 250 -50.81775 256.25 -41.57815 250 -41.57815 250 32.33856 256.25 23.09897 256.25 32.33856 250 -13.85939 256.25 -23.09897 256.25 -13.85938 250 13.85938 256.25 4.619795 256.25 13.85938 250 50.81775 256.25 60.05734 250 60.05733 -35.09441 -10.30465 -28.9882 -9.418838 -30.48 0 35.09441 -10.30465 36.576 0 30.48 0 30.76969 19.77448 24.65884 17.91569 28.9882 9.418838 23.95219 27.6423 17.91569 24.65884 24.65884 17.91569 15.19422 -33.2707 23.95219 -27.6423 17.91569 -24.65884 -15.19422 -33.2707 -9.418838 -28.9882 -17.91569 -24.65884 -23.95219 -27.6423 -17.91569 -24.65884 -24.65884 -17.91569 -30.76969 -19.77448 -24.65884 -17.91569 -28.9882 -9.418838 35.09441 10.30465 28.9882 9.418838 30.48 0 35.09441 -10.30465 36.576 0 30.48 0 -30.76969 19.77448 -35.09441 10.30465 -28.9882 9.418838 -23.95219 27.6423 -30.76969 19.77448 -24.65884 17.91569 -15.19422 33.2707 -23.95219 27.6423 -17.91569 24.65884 -17.91569 24.65884 -24.65884 17.91569 -22.04859 17.1611 30.76969 -19.77448 35.09441 -10.30465 28.9882 -9.418838 -30.48 0 -28.9882 9.418838 -35.09441 10.30465 35.09441 -10.30465 36.576 0 30.48 0 -26.42613 9.072103 -22.04859 17.1611 -24.65884 17.91569 -23.95219 27.6423 -30.76969 19.77448 -24.65884 17.91569 -15.19422 33.2707 -23.95219 27.6423 -17.91569 24.65884 15.19422 33.2707 9.418838 28.9882 17.91569 24.65884 -23.95219 27.6423 -30.76969 19.77448 -24.65884 17.91569 30.76969 -19.77448 35.09441 -10.30465 28.9882 -9.418838 -35.09441 10.30465 -36.576 0 -30.48 0 -35.09441 -10.30465 -28.9882 -9.418838 -30.48 0 30.76969 19.77448 24.65884 17.91569 28.9882 9.418838 23.95219 -27.6423 30.76969 -19.77448 24.65884 -17.91569 -15.19422 -33.2707 -9.418838 -28.9882 -17.91569 -24.65884 17.91569 24.65884 23.95219 27.6423 15.19422 33.2707 -23.95219 -27.6423 -17.91569 -24.65884 -24.65884 -17.91569 -30.76969 -19.77448 -24.65884 -17.91569 -28.9882 -9.418838 -399.238 19.15115 -199.619 19.15115 -199.619 28.72672 -399.238 -76.60459 -199.619 -76.60459 -199.619 -67.02902 0 -104.4608 1.27 -104.4608 1.27 -94.01473 -0.6350001 -38.3023 0 -38.3023 0 -28.72672 -998.095 76.60459 -964.2776 74.6827 -959.2844 75.38106 -0.6350001 -19.15115 0 -19.15115 0 -9.575574 -0.6350001 -28.72672 0 -28.72672 0 -19.15115 0 -31.33824 1.27 -31.33824 1.27 -20.89216 0 -41.78432 1.27 -41.78432 1.27 -31.33824 0 -52.23041 1.27 -52.23041 1.27 -41.78432 0 -62.67649 1.27 -62.67649 1.27 -52.23041 -399.238 -67.02902 -199.619 -67.02902 -199.619 -57.45344 200 13.85938 0 13.85938 0 4.619795 -0.6350001 19.15115 0 19.15115 0 28.72672 0 41.78432 1.27 41.78432 1.27 52.23041 -199.619 -38.3023 -1.905 -38.3023 -1.905 -28.72672 0 20.89216 1.27 20.89216 1.27 31.33824 0 94.01473 1.27 94.01473 1.27 104.4608 0 73.12257 1.27 73.12257 1.27 83.56865 400 -60.05733 600 -60.05733 600 -50.81774 -0.6350001 76.60459 0 76.60459 0 86.18017 -0.6350001 67.02902 0 67.02902 0 76.60459 -0.6350001 -57.45344 0 -57.45344 0 -47.87787 -0.6350001 -67.02902 0 -67.02902 0 -57.45344 -0.6350001 -76.60459 0 -76.60459 0 -67.02902 -0.6350001 -86.18017 0 -86.18017 0 -76.60459 -0.6350001 -95.75575 0 -95.75575 0 -86.18017 -199.619 28.72672 -1.905 28.72672 -1.905 38.3023 -199.619 38.3023 -1.905 38.3023 -1.905 47.87787 -199.619 86.18017 -1.905 86.18017 -1.905 95.75575 -199.619 19.15115 -1.905 19.15115 -1.905 28.72672 -0.6350001 47.87787 0 47.87787 0 57.45344 -0.6350001 38.3023 0 38.3023 0 47.87787 -0.6350001 28.72672 0 28.72672 0 38.3023 -199.619 -9.575574 -1.905 -9.575574 -1.905 0 -199.619 0 -1.905 0 -1.905 9.575574 0 10.44608 1.27 10.44608 1.27 20.89216 -199.619 -95.75575 -1.905 -95.75575 -1.905 -86.18017 -0.6350001 86.18017 0 86.18017 0 95.75575 -199.619 -57.45344 -1.905 -57.45344 -1.905 -47.87787 -199.619 47.87787 -1.905 47.87787 -1.905 57.45344 -399.238 38.3023 -199.619 38.3023 -199.619 47.87787 -598.8571 86.18017 -399.238 86.18017 -399.238 95.75575 200 23.09897 0 23.09897 0 13.85938 -199.619 9.575574 -1.905 9.575574 -1.905 19.15115 -798.476 -86.18017 -998.095 -86.18017 -998.095 -95.75575 -798.476 95.75575 -998.095 95.75575 -998.095 86.18017 -798.476 -67.02902 -998.095 -67.02902 -998.095 -76.60459 -798.476 -76.60459 -998.095 -76.60459 -998.095 -86.18017 -199.619 -76.60459 -1.905 -76.60459 -1.905 -67.02902 -199.619 -47.87787 -1.905 -47.87787 -1.905 -38.3023 -399.238 86.18017 -199.619 86.18017 -199.619 95.75575 -399.238 -47.87787 -199.619 -47.87787 -199.619 -38.3023 -399.238 47.87787 -199.619 47.87787 -199.619 57.45344 -199.619 -86.18017 -1.905 -86.18017 -1.905 -76.60459 600 -23.09897 800 -23.09897 800 -13.85938 0 -62.67649 -1.27 -62.67649 -1.27 -73.12257 -798.476 86.18017 -998.095 86.18017 -998.095 76.60459 -798.476 -57.45344 -998.095 -57.45344 -998.095 -67.02902 -798.476 -47.87787 -998.095 -47.87787 -998.095 -57.45344 -798.476 -38.3023 -998.095 -38.3023 -998.095 -47.87787 -798.476 -28.72672 -998.095 -28.72672 -998.095 -38.3023 -998.095 9.575574 -950.1697 16.96098 -968.3991 16.96098 -798.476 -9.575574 -998.095 -9.575574 -998.095 -19.15115 -798.476 0 -998.095 0 -998.095 -9.575574 -798.476 9.575574 -998.095 9.575574 -998.095 0 -998.095 19.15115 -973.5038 21.39643 -977.3822 25.9164 -939.5625 28.72672 -944.7979 21.70777 -798.476 28.72672 -980.5652 30.86728 -982.9303 35.8539 -998.095 28.72672 -934.9794 38.3023 -937.6436 31.62653 -798.476 38.3023 -984.3867 40.97474 -984.8786 46.05102 -998.095 38.3023 -933.8673 47.87787 -934.1438 41.36999 -798.476 47.87787 -798.476 57.45344 -935.6386 56.00849 -934.1821 51.1273 -998.095 47.87787 -984.639 48.52334 -984.3867 51.1273 -798.476 67.02902 -941.1867 65.20915 -938.0037 60.83834 -981.7999 58.2351 -980.5652 60.83834 -998.095 67.02902 -698.6665 -95.75574 -598.8571 -95.75575 -598.8571 -86.18017 -698.6665 -9.575573 -598.8571 -9.575574 -598.8571 0 -698.6665 86.18016 -698.6665 76.60459 -598.8571 76.60459 -399.238 -57.45344 -199.619 -57.45344 -199.619 -47.87787 600 -41.57815 800 -41.57815 800 -32.33856 -598.8571 -38.3023 -399.238 -38.3023 -399.238 -28.72672 -399.238 0 -199.619 0 -199.619 9.575574 -399.238 -9.575574 -199.619 -9.575574 -199.619 0 -399.238 -19.15115 -199.619 -19.15115 -199.619 -9.575574 -399.238 -28.72672 -199.619 -28.72672 -199.619 -19.15115 -399.238 -38.3023 -199.619 -38.3023 -199.619 -28.72672 -399.238 9.575574 -199.619 9.575574 -199.619 19.15115 0 0 -1.27 0 -1.27 -10.44608 -698.6665 76.60459 -698.6665 67.02902 -598.8571 67.02902 -598.8571 -95.75575 -399.238 -95.75575 -399.238 -86.18017 -598.8571 9.575574 -399.238 9.575574 -399.238 19.15115 -598.8571 76.60459 -399.238 76.60459 -399.238 86.18017 -598.8571 67.02902 -399.238 67.02902 -399.238 76.60459 0 -31.33824 -1.27 -31.33824 -1.27 -41.78432 -399.238 -95.75575 -199.619 -95.75575 -199.619 -86.18017 300 69.29692 400 69.29692 400 78.53651 600 -13.85938 800 -13.85938 800 -4.619795 -598.8571 47.87787 -399.238 47.87787 -399.238 57.45344 -598.8571 -9.575574 -399.238 -9.575574 -399.238 0 -598.8571 0 -399.238 0 -399.238 9.575574 -698.6665 -28.72672 -598.8571 -28.72672 -598.8571 -19.15115 -598.8571 -19.15115 -399.238 -19.15115 -399.238 -9.575574 -598.8571 -28.72672 -399.238 -28.72672 -399.238 -19.15115 -598.8571 -57.45344 -399.238 -57.45344 -399.238 -47.87787 -598.8571 -47.87787 -399.238 -47.87787 -399.238 -38.3023 200 -4.619795 0 -4.619795 0 -13.85938 -598.8571 -67.02902 -399.238 -67.02902 -399.238 -57.45344 -399.238 28.72672 -199.619 28.72672 -199.619 38.3023 0 10.44608 -1.27 10.44608 -1.27 0 200 78.53651 0 78.53651 0 69.29692 300 78.53652 400 78.53651 400 87.7761 -598.8571 -76.60459 -399.238 -76.60459 -399.238 -67.02902 0 -104.4608 -1.27 -104.4608 -1.27 -114.9069 -598.8571 57.45344 -399.238 57.45344 -399.238 67.02902 -698.6665 47.87788 -598.8571 47.87787 -598.8571 57.45344 -698.6665 0 -598.8571 0 -598.8571 9.575574 -598.8571 28.72672 -399.238 28.72672 -399.238 38.3023 -698.6664 9.575573 -598.8571 9.575574 -598.8571 19.15115 -698.6665 -57.45344 -598.8571 -57.45344 -598.8571 -47.87787 -698.6665 -67.02902 -598.8571 -67.02902 -598.8571 -57.45344 -698.6665 -67.02902 -698.6666 -76.60459 -598.8571 -76.60459 -698.6666 -76.60459 -698.6665 -86.18016 -598.8571 -86.18017 600 69.29692 800 69.29692 800 78.53651 -598.8571 -86.18017 -399.238 -86.18017 -399.238 -76.60459 -698.6665 19.15115 -598.8571 19.15115 -598.8571 28.72672 -28.9882 -9.418838 -26.42613 -9.072103 -27.94 0 800 -60.05733 800 -69.29692 1000 -64.67713 -24.65884 -17.91569 -22.04859 -17.1611 -26.42613 -9.072103 -17.91569 -24.65884 -15.28173 -23.39043 -22.04859 -17.1611 -15.19422 -33.2707 -9.418838 -28.9882 -17.91569 -24.65884 23.95219 -27.6423 30.76969 -19.77448 24.65884 -17.91569 -30.48 0 -36.576 0 -35.09441 -10.30465 -35.09441 -10.30465 -28.9882 -9.418838 -30.48 0 28.9882 9.418838 35.09441 10.30465 30.76969 19.77448 -24.65884 17.91569 -17.91569 24.65884 -23.95219 27.6423 15.19422 33.2707 9.418838 28.9882 17.91569 24.65884 15.19422 -33.2707 23.95219 -27.6423 17.91569 -24.65884 24.65884 17.91569 30.76969 19.77448 23.95219 27.6423 -30.76969 -19.77448 -24.65884 -17.91569 -28.9882 -9.418838 35.09441 -10.30465 36.576 0 30.48 0 35.09441 10.30465 28.9882 9.418838 30.48 0 -28.9882 -9.418838 -35.09441 -10.30465 -30.76969 -19.77448 24.65884 -17.91569 17.91569 -24.65884 23.95219 -27.6423 -17.91569 -24.65884 -23.95219 -27.6423 -15.19422 -33.2707 15.19422 33.2707 9.418838 28.9882 17.91569 24.65884 -24.65884 -17.91569 -30.76969 -19.77448 -23.95219 -27.6423 -30.76969 19.77448 -35.09441 10.30465 -28.9882 9.418838 300 -32.33856 400 -32.33856 400 -23.09897 0 104.4608 1.27 104.4608 1.27 114.9069 0 31.33824 -1.27 31.33824 -1.27 20.89216 0 73.12257 -1.27 73.12257 -1.27 62.67649 300 23.09897 300 13.85938 400 13.85938 0 94.01473 -1.27 94.01473 -1.27 83.56865 0 104.4608 -1.27 104.4608 -1.27 94.01473 65.96983 -38.53048 64.47314 -32.33856 65.81796 -36.93268 0 -41.57815 15.23867 -40.87415 15.61328 -36.93269 200 -78.53651 0 -78.53651 0 -87.7761 0 -60.05733 19.43488 -56.92074 17.06973 -52.06676 200 -50.81774 64.36151 -52.06676 61.99635 -56.92074 200 50.81774 0 50.81774 0 41.57815 0 -114.9069 1.27 -114.9069 1.27 -104.4608 600 4.619795 800 4.619795 800 13.85938 0 -52.23041 -1.27 -52.23041 -1.27 -62.67649 0 -41.78432 -1.27 -41.78432 -1.27 -52.23041 22.61783 -61.44887 21.78145 -60.05733 0 -69.29692 200 -60.05733 58.8134 -61.44887 54.93495 -65.79492 0 -20.89216 -1.27 -20.89216 -1.27 -31.33824 600 60.05733 800 60.05733 800 69.29692 400 69.29692 600 69.29692 600 78.53651 600 23.09897 800 23.09897 800 32.33856 600 41.57815 800 41.57815 800 50.81774 0 -94.01473 -1.27 -94.01473 -1.27 -104.4608 35.09441 10.30465 28.9882 9.418838 30.48 0 -35.09441 10.30465 -36.576 0 -30.48 0 30.76969 -19.77448 35.09441 -10.30465 28.9882 -9.418838 -23.95219 -27.6423 -17.91569 -24.65884 -24.65884 -17.91569 15.19422 -33.2707 23.95219 -27.6423 17.91569 -24.65884 17.91569 -24.65884 9.418838 -28.9882 15.19422 -33.2707 23.95219 27.6423 17.91569 24.65884 24.65884 17.91569 28.9882 -9.418838 24.65884 -17.91569 30.76969 -19.77448 -28.9882 9.418838 -30.48 0 -27.94 0 35.09441 10.30465 28.9882 9.418838 30.48 0 -30.76969 19.77448 -35.09441 10.30465 -28.9882 9.418838 23.95219 -27.6423 30.76969 -19.77448 24.65884 -17.91569 -15.19422 33.2707 -23.95219 27.6423 -17.91569 24.65884 -17.91569 24.65884 -9.418838 28.9882 -15.19422 33.2707 23.95219 27.6423 17.91569 24.65884 24.65884 17.91569 -28.9882 9.418838 -24.65884 17.91569 -30.76969 19.77448 800 -78.53651 800 -87.7761 1000 -83.15631 800 78.53651 1000 73.91672 1000 83.15631 30.76969 19.77448 24.65884 17.91569 28.9882 9.418838 1000 9.239589 800 13.85938 800 4.619795 800 -50.81774 1000 -55.43753 1000 -46.19795 800 50.81774 800 41.57815 1000 46.19795 800 23.09897 1000 18.47918 1000 27.71877 800 69.29692 1000 64.67713 1000 73.91672 800 -4.619795 800 -13.85938 1000 -9.239589 800 -41.57815 1000 -46.19795 1000 -36.95836 800 13.85938 1000 9.239589 1000 18.47918 800 -23.09897 800 -32.33856 1000 -27.71877 800 41.57815 800 32.33856 1000 36.95836 800 -69.29692 800 -78.53651 1000 -73.91672 800 60.05733 1000 55.43753 1000 64.67713 800 -13.85938 800 -23.09897 1000 -18.47918 -199.619 57.45344 -1.905 57.45344 -1.905 67.02902 200 32.33856 0 32.33856 0 23.09897 300 -87.7761 400 -87.7761 400 -78.53651 63.25651 -29.41624 59.61071 -23.09897 61.99635 -26.58721 19.43488 -26.58721 0 -23.09897 17.22756 -31.54268 55.64981 -17.26371 200 -13.85938 0 -13.85938 200 69.29692 0 69.29692 0 60.05733 200 4.619795 0 4.619795 0 -4.619795 600 13.85938 800 13.85938 800 23.09897 200 60.05733 0 60.05733 0 50.81774 -399.238 57.45344 -199.619 57.45344 -199.619 67.02902 200 41.57815 0 41.57815 0 32.33856 0 0 1.27 0 1.27 10.44608 0 41.78432 -1.27 41.78432 -1.27 31.33824 600 32.33856 800 32.33856 800 41.57815 300 41.57815 300 32.33856 400 32.33856 400 60.05733 600 60.05733 600 69.29692 400 41.57815 600 41.57815 600 50.81774 600 78.53651 800 78.53651 800 87.7761 400 -78.53651 600 -78.53651 600 -69.29692 -399.238 -86.18017 -199.619 -86.18017 -199.619 -76.60459 400 50.81774 600 50.81774 600 60.05733 -199.619 -28.72672 -1.905 -28.72672 -1.905 -19.15115 400 32.33856 600 32.33856 600 41.57815 300 60.05733 400 60.05733 400 69.29692 400 13.85938 600 13.85938 600 23.09897 400 78.53651 600 78.53651 600 87.7761 0 114.9069 -1.27 114.9069 -1.27 104.4608 0 62.67649 -1.27 62.67649 -1.27 52.23041 0 -83.56865 -1.27 -83.56865 -1.27 -94.01473 0 -10.44608 -1.27 -10.44608 -1.27 -20.89216 400 -69.29692 600 -69.29692 600 -60.05733 400 -4.619795 600 -4.619795 600 4.619795 300 50.81774 300 41.57815 400 41.57815 400 -23.09897 600 -23.09897 600 -13.85938 400 -32.33856 600 -32.33856 600 -23.09897 400 -41.57815 600 -41.57815 600 -32.33856 400 -87.7761 600 -87.7761 600 -78.53651 300 4.619795 300 -4.619795 400 -4.619795 0 38.3023 -0.6350001 38.3023 -0.6350001 28.72672 0 -86.18017 -0.6350001 -86.18017 -0.6350001 -95.75575 0 28.72672 -0.6350001 28.72672 -0.6350001 19.15115 300 -60.05733 400 -60.05733 400 -50.81774 0 19.15115 -0.6350001 19.15115 -0.6350001 9.575574 0 -67.02902 -0.6350001 -67.02902 -0.6350001 -76.60459 0 9.575574 -0.6350001 9.575574 -0.6350001 0 300 -78.5365 400 -78.53651 400 -69.29692 600 -78.53651 800 -78.53651 800 -69.29692 -199.619 67.02902 -1.905 67.02902 -1.905 76.60459 -598.8571 19.15115 -399.238 19.15115 -399.238 28.72672 300 -13.85938 400 -13.85938 400 -4.619795 400 -13.85938 600 -13.85938 600 -4.619795 400 4.619795 600 4.619795 600 13.85938 300 -41.57815 400 -41.57815 400 -32.33856 400 -50.81774 600 -50.81774 600 -41.57815 0 -10.44608 1.27 -10.44608 1.27 0 0 0 -0.6350001 0 -0.6350001 -9.575574 0 95.75575 -0.6350001 95.75575 -0.6350001 86.18017 0 -83.56865 1.27 -83.56865 1.27 -73.12257 400 23.09897 600 23.09897 600 32.33856 0 -38.3023 -0.6350001 -38.3023 -0.6350001 -47.87787 0 47.87787 -0.6350001 47.87787 -0.6350001 38.3023 0 57.45344 -0.6350001 57.45344 -0.6350001 47.87787 0 76.60459 -0.6350001 76.60459 -0.6350001 67.02902 0 86.18017 -0.6350001 86.18017 -0.6350001 76.60459 600 -60.05733 800 -60.05733 800 -50.81774 -0.6350001 9.575574 0 9.575574 0 19.15115 0 -57.45344 -0.6350001 -57.45344 -0.6350001 -67.02902 0 -47.87787 -0.6350001 -47.87787 -0.6350001 -57.45344 0 -28.72672 -0.6350001 -28.72672 -0.6350001 -38.3023 0 -19.15115 -0.6350001 -19.15115 -0.6350001 -28.72672 0 -9.575574 -0.6350001 -9.575574 -0.6350001 -19.15115 -28.9882 -9.418838 -26.42613 -9.072103 -27.94 0 -28.9882 9.418838 -30.48 0 -27.94 0 -24.65884 17.91569 -28.9882 9.418838 -26.42613 9.072103 -22.04859 -17.1611 -24.65884 -17.91569 -17.91569 -24.65884 -22.04859 17.1611 -15.28173 23.39043 -17.91569 24.65884 -26.42613 -9.072103 -28.9882 -9.418838 -24.65884 -17.91569 0 83.56865 1.27 83.56865 1.27 94.01473 -399.238 76.60459 -199.619 76.60459 -199.619 86.18017 0 62.67649 1.27 62.67649 1.27 73.12257 -798.476 -19.15115 -998.095 -19.15115 -998.095 -28.72672 0 -73.12257 1.27 -73.12257 1.27 -62.67649 0 -20.89216 1.27 -20.89216 1.27 -10.44608 -199.619 76.60459 -1.905 76.60459 -1.905 86.18017 -0.6350001 -47.87787 0 -47.87787 0 -38.3023 0 -94.01473 1.27 -94.01473 1.27 -83.56865 600 -50.81774 800 -50.81774 800 -41.57815 0 -73.12257 -1.27 -73.12257 -1.27 -83.56865 0 -78.53651 47.73101 -70.65488 33.70022 -70.65487 -35.09441 10.30465 -36.576 0 -30.48 0 -199.619 -67.02902 -1.905 -67.02902 -1.905 -57.45344 600 -32.33856 800 -32.33856 800 -23.09897 -598.8571 38.3023 -399.238 38.3023 -399.238 47.87787 200 87.7761 0 87.7761 0 78.53651 0 67.02902 -0.6350001 67.02902 -0.6350001 57.45344 0 20.89216 -1.27 20.89216 -1.27 10.44608 0 52.23041 -1.27 52.23041 -1.27 41.78432 0 -76.60459 -0.6350001 -76.60459 -0.6350001 -86.18017 600 -87.7761 800 -87.7761 800 -78.53651 600 -4.619795 800 -4.619795 800 4.619795 0 52.23041 1.27 52.23041 1.27 62.67649 -0.6350001 0 0 0 0 9.575574 600 50.81774 800 50.81774 800 60.05733 -698.6665 -47.87787 -598.8571 -47.87787 -598.8571 -38.3023 -698.6666 -38.3023 -598.8571 -38.3023 -598.8571 -28.72672 -698.6665 -19.15115 -598.8571 -19.15115 -598.8571 -9.575574 -698.6665 28.72673 -598.8571 28.72672 -598.8571 38.3023 0 31.33824 1.27 31.33824 1.27 41.78432 -698.6665 38.3023 -598.8571 38.3023 -598.8571 47.87787 -698.6665 57.45344 -598.8571 57.45344 -598.8571 67.02902 -399.238 67.02902 -199.619 67.02902 -199.619 76.60459 300 -69.29692 400 -69.29692 400 -60.05733 300 -50.81775 400 -50.81774 400 -41.57815 300 32.33856 300 23.09897 400 23.09897 300 -23.09897 400 -23.09897 400 -13.85938 300 13.85938 300 4.619795 400 4.619795 300 50.81774 400 50.81774 400 60.05733 0 83.56865 -1.27 83.56865 -1.27 73.12257 600 -69.29692 800 -69.29692 800 -60.05733 -698.6665 86.18016 -598.8571 86.18017 -598.8571 95.75575 -199.619 -19.15115 -1.905 -19.15115 -1.905 -9.575574 15.61328 -47.12574 15.12149 -42.09259 0 -41.57815 200 -41.57815 66.30975 -42.09258 65.81796 -47.12574 -0.6350001 57.45344 0 57.45344 0 67.02902 -0.6350001 -9.575574 0 -9.575574 0 0 -723.6189 95.75574 -723.619 86.18016 -698.6665 86.18016 -723.6188 67.02902 -723.6189 57.45344 -698.6665 57.45344 -723.6188 47.87788 -723.6189 38.3023 -698.6665 38.3023 -723.6189 38.3023 -723.6189 28.72673 -698.6665 28.72673 -723.6188 -19.15115 -698.6665 -19.15115 -698.6665 -9.575573 -723.6189 -38.3023 -698.6666 -38.3023 -698.6665 -28.72672 -723.6189 -47.87787 -698.6665 -47.87787 -698.6666 -38.3023 -723.6189 28.72673 -723.6188 19.15115 -698.6665 19.15115 -723.6188 -76.60458 -723.6189 -86.18016 -698.6665 -86.18016 -723.6188 -76.60458 -698.6666 -76.60459 -698.6665 -67.02902 -723.619 -67.02902 -698.6665 -67.02902 -698.6665 -57.45344 -723.6189 -57.45344 -698.6665 -57.45344 -698.6665 -47.87787 -723.6188 9.575573 -698.6664 9.575573 -698.6665 19.15115 -723.6188 0 -698.6665 0 -698.6664 9.575573 -723.6189 57.45344 -723.6188 47.87788 -698.6665 47.87788 -723.619 -28.72673 -698.6665 -28.72672 -698.6665 -19.15115 -723.6189 76.60459 -723.6188 67.02902 -698.6665 67.02902 -723.619 86.18016 -723.6189 76.60459 -698.6665 76.60459 -723.6189 -9.575573 -698.6665 -9.575573 -698.6665 0 -723.6189 -86.18016 -723.6189 -95.75574 -698.6665 -95.75574 275 60.05733 275 50.81775 300 50.81774 275 13.85938 275 4.619795 300 4.619795 275 -23.09897 300 -23.09897 300 -13.85938 275 32.33856 275 23.09897 300 23.09897 275 -50.81775 300 -50.81775 300 -41.57815 275 -69.29692 300 -69.29692 300 -60.05733 275 -41.57815 300 -41.57815 300 -32.33856 275 -4.619795 275 -13.85938 300 -13.85938 275 -78.5365 300 -78.5365 300 -69.29692 275 -60.05734 300 -60.05733 300 -50.81775 275 4.619795 275 -4.619795 300 -4.619795 275 50.81775 275 41.57815 300 41.57815 275 69.29692 275 60.05733 300 60.05733 275 41.57815 275 32.33856 300 32.33856 275 -87.7761 300 -87.7761 300 -78.5365 275 23.09897 275 13.85938 300 13.85938 275 -32.33855 300 -32.33856 300 -23.09897 275 78.53652 300 78.53652 300 87.7761 275 69.29692 300 69.29692 300 78.53652 -761.0475 -86.18016 -761.0474 -95.75573 -748.5712 -95.75573 -761.0475 0 -761.0475 -9.575573 -748.5714 -9.575573 -761.0475 86.18016 -761.0475 76.60459 -748.5713 76.60459 -761.0475 76.60459 -761.0475 67.02902 -748.5713 67.02902 -761.0475 -28.72672 -748.5713 -28.72672 -748.5713 -19.15115 -761.0475 57.45344 -761.0475 47.87788 -748.5713 47.87788 -761.0475 0 -748.5713 0 -748.5712 9.575573 -761.0474 9.575573 -748.5712 9.575573 -748.5712 19.15115 -761.0475 -57.45344 -748.5713 -57.45345 -748.5713 -47.87787 -761.0475 -57.45344 -761.0475 -67.02902 -748.5713 -67.02902 -761.0475 -67.02902 -761.0475 -76.60459 -748.5713 -76.60459 -761.0475 -76.60459 -761.0475 -86.18016 -748.5713 -86.18016 -761.0475 19.15115 -748.5712 19.15115 -748.5714 28.72673 -761.0475 -47.87787 -748.5713 -47.87787 -748.5713 -38.3023 -761.0475 -38.3023 -748.5713 -38.3023 -748.5713 -28.72672 -761.0475 -19.15115 -748.5713 -19.15115 -748.5714 -9.575573 -761.0476 28.72673 -748.5714 28.72673 -748.5713 38.3023 -761.0475 38.3023 -748.5713 38.3023 -748.5713 47.87788 -761.0475 67.02902 -761.0475 57.45344 -748.5714 57.45345 -761.0475 95.75574 -761.0475 86.18016 -748.5713 86.18016 237.5 69.29692 250 69.29692 250 78.53652 237.5 78.53652 250 78.53652 250 87.7761 237.5 -23.09897 237.5 -32.33856 250 -32.33856 237.5 23.09897 237.5 13.85938 250 13.85938 237.5 -87.7761 250 -87.7761 250 -78.5365 237.5 32.33856 250 32.33856 250 41.57815 237.5 60.05734 250 60.05733 250 69.29692 237.5 41.57815 250 41.57815 250 50.81775 237.5 4.619795 237.5 -4.619795 250 -4.619795 237.5 -60.05734 250 -60.05734 250 -50.81775 237.5 -78.5365 250 -78.5365 250 -69.29692 237.5 -4.619795 237.5 -13.85938 250 -13.85939 237.5 -32.33856 237.5 -41.57815 250 -41.57815 237.5 -69.29692 250 -69.29692 250 -60.05734 237.5 -50.81775 250 -50.81775 250 -41.57815 237.5 32.33856 237.5 23.09897 250 23.09897 237.5 -13.85938 237.5 -23.09897 250 -23.09897 237.5 13.85938 237.5 4.619795 250 4.619795 237.5 50.81776 250 50.81775 250 60.05733 262.5 69.29692 275 69.29692 275 78.53652 262.5 78.53652 275 78.53652 275 87.7761 262.5 -32.33855 275 -32.33855 275 -23.09897 262.5 23.09897 262.5 13.85938 275 13.85938 262.5 -87.7761 275 -87.7761 275 -78.5365 262.5 41.57815 262.5 32.33856 275 32.33856 262.5 60.05734 275 60.05733 275 69.29692 262.5 50.81775 262.5 41.57815 275 41.57815 262.5 4.619795 262.5 -4.619795 275 -4.619795 262.5 -60.05735 275 -60.05734 275 -50.81775 262.5 -78.5365 275 -78.5365 275 -69.29692 262.5 -4.619795 262.5 -13.85938 275 -13.85938 262.5 -41.57815 275 -41.57815 275 -32.33855 262.5 -69.29692 275 -69.29692 275 -60.05734 262.5 -50.81775 275 -50.81775 275 -41.57815 262.5 32.33856 262.5 23.09897 275 23.09897 262.5 -13.85938 262.5 -23.09897 275 -23.09897 262.5 13.85938 262.5 4.619795 275 4.619795 262.5 60.05734 262.5 50.81775 275 50.81775 -736.0951 -95.75574 -723.6189 -95.75574 -723.6189 -86.18016 -736.0951 0 -736.0951 -9.575573 -723.6189 -9.575573 -736.0951 76.60459 -723.6189 76.60459 -723.619 86.18016 -736.0951 67.02902 -723.6188 67.02902 -723.6189 76.60459 -736.0951 -28.72673 -723.619 -28.72673 -723.6188 -19.15115 -736.0951 57.45344 -736.0951 47.87788 -723.6188 47.87788 -736.0951 0 -723.6188 0 -723.6188 9.575573 -736.095 9.575573 -723.6188 9.575573 -723.6188 19.15115 -736.0951 -57.45344 -723.6189 -57.45344 -723.6189 -47.87787 -736.0952 -67.02902 -723.619 -67.02902 -723.6189 -57.45344 -736.0951 -76.60459 -723.6188 -76.60458 -723.619 -67.02902 -736.0951 -86.18016 -723.6189 -86.18016 -723.6188 -76.60458 -736.0951 28.72673 -736.095 19.15115 -723.6188 19.15115 -736.0951 -47.87787 -723.6189 -47.87787 -723.6189 -38.3023 -736.0951 -38.3023 -723.6189 -38.3023 -723.619 -28.72673 -736.0951 -19.15115 -723.6188 -19.15115 -723.6189 -9.575573 -736.0951 38.3023 -736.0951 28.72673 -723.6189 28.72673 -736.0951 47.87788 -736.0951 38.3023 -723.6189 38.3023 -736.0951 67.02902 -736.0951 57.45344 -723.6189 57.45344 -736.0951 86.18016 -723.619 86.18016 -723.6189 95.75574 200 50.81774 225 50.81775 225 60.05734 200 13.85938 200 4.619795 225 4.619795 200 -13.85938 200 -23.09897 225 -23.09897 200 23.09897 225 23.09897 225 32.33856 200 -41.57815 200 -50.81774 225 -50.81774 200 -60.05733 200 -69.29692 225 -69.29692 200 -32.33856 200 -41.57815 225 -41.57815 200 -4.619795 200 -13.85938 225 -13.85938 200 -69.29692 200 -78.53651 225 -78.5365 200 -50.81774 200 -60.05733 225 -60.05733 200 4.619795 200 -4.619795 225 -4.619794 200 41.57815 225 41.57815 225 50.81775 200 60.05733 225 60.05734 225 69.29692 200 32.33856 225 32.33856 225 41.57815 200 -78.53651 200 -87.7761 225 -87.7761 200 13.85938 225 13.85938 225 23.09897 200 -23.09897 200 -32.33856 225 -32.33856 200 87.7761 200 78.53651 225 78.53652 200 69.29692 225 69.29692 225 78.53652 -798.476 86.18017 -773.5237 86.18016 -773.5237 95.75574 -798.476 57.45344 -773.5237 57.45344 -773.5238 67.02902 -798.476 38.3023 -773.5236 38.3023 -773.5237 47.87788 -798.476 28.72672 -773.5238 28.72673 -773.5236 38.3023 -798.476 -19.15115 -773.5238 -19.15115 -773.5237 -9.575573 -798.476 -38.3023 -773.5238 -38.3023 -773.5237 -28.72672 -798.476 -47.87787 -773.5238 -47.87787 -773.5238 -38.3023 -798.476 19.15115 -773.5237 19.15115 -773.5238 28.72673 -798.476 -76.60459 -798.476 -86.18017 -773.5237 -86.18016 -798.476 -67.02902 -798.476 -76.60459 -773.5237 -76.60459 -798.476 -67.02902 -773.5237 -67.02902 -773.5237 -57.45344 -798.476 -57.45344 -773.5237 -57.45344 -773.5238 -47.87787 -798.476 9.575574 -773.5236 9.575573 -773.5237 19.15115 -798.476 9.575574 -798.476 0 -773.5237 0 -798.476 47.87787 -773.5237 47.87788 -773.5237 57.45344 -798.476 -28.72672 -773.5237 -28.72672 -773.5238 -19.15115 -798.476 67.02902 -773.5238 67.02902 -773.5238 76.60459 -798.476 76.60459 -773.5238 76.60459 -773.5237 86.18016 -798.476 -9.575574 -773.5237 -9.575573 -773.5237 0 -798.476 -86.18017 -798.476 -95.75575 -773.5236 -95.75573 -773.5237 86.18016 -761.0475 86.18016 -761.0475 95.75574 -773.5237 57.45344 -761.0475 57.45344 -761.0475 67.02902 -773.5236 38.3023 -761.0475 38.3023 -761.0475 47.87788 -773.5238 28.72673 -761.0476 28.72673 -761.0475 38.3023 -773.5238 -19.15115 -761.0475 -19.15115 -761.0475 -9.575573 -773.5238 -38.3023 -761.0475 -38.3023 -761.0475 -28.72672 -773.5238 -47.87787 -761.0475 -47.87787 -761.0475 -38.3023 -773.5237 19.15115 -761.0475 19.15115 -761.0476 28.72673 -773.5237 -76.60459 -773.5237 -86.18016 -761.0475 -86.18016 -773.5237 -67.02902 -773.5237 -76.60459 -761.0475 -76.60459 -773.5237 -67.02902 -761.0475 -67.02902 -761.0475 -57.45344 -773.5237 -57.45344 -761.0475 -57.45344 -761.0475 -47.87787 -773.5236 9.575573 -761.0474 9.575573 -761.0475 19.15115 -773.5236 9.575573 -773.5237 0 -761.0475 0 -773.5237 47.87788 -761.0475 47.87788 -761.0475 57.45344 -773.5237 -28.72672 -761.0475 -28.72672 -761.0475 -19.15115 -773.5238 67.02902 -761.0475 67.02902 -761.0475 76.60459 -773.5238 76.60459 -761.0475 76.60459 -761.0475 86.18016 -773.5237 -9.575573 -761.0475 -9.575573 -761.0475 0 -773.5237 -86.18016 -773.5236 -95.75573 -761.0474 -95.75573 225 50.81775 237.5 50.81776 237.5 60.05734 225 13.85938 225 4.619795 237.5 4.619795 225 -13.85938 225 -23.09897 237.5 -23.09897 225 23.09897 237.5 23.09897 237.5 32.33856 225 -41.57815 225 -50.81774 237.5 -50.81775 225 -69.29692 237.5 -69.29692 237.5 -60.05734 225 -32.33856 225 -41.57815 237.5 -41.57815 225 -4.619794 225 -13.85938 237.5 -13.85938 225 -78.5365 237.5 -78.5365 237.5 -69.29692 225 -50.81774 225 -60.05733 237.5 -60.05734 225 4.619795 225 -4.619794 237.5 -4.619795 225 41.57815 237.5 41.57815 237.5 50.81776 225 60.05734 237.5 60.05734 237.5 69.29692 225 32.33856 237.5 32.33856 237.5 41.57815 225 -87.7761 237.5 -87.7761 237.5 -78.5365 225 23.09897 225 13.85938 237.5 13.85938 225 -23.09897 225 -32.33856 237.5 -32.33856 225 78.53652 237.5 78.53652 237.5 87.7761 225 69.29692 237.5 69.29692 237.5 78.53652 -742.3332 86.18016 -736.0951 86.18016 -736.0951 95.75574 -742.3332 57.45344 -736.0951 57.45344 -736.0951 67.02902 -742.3332 47.87788 -742.3333 38.3023 -736.0951 38.3023 -742.3333 38.3023 -742.3333 28.72673 -736.0951 28.72673 -742.3333 -9.575573 -742.3332 -19.15115 -736.0951 -19.15115 -742.3332 -38.3023 -736.0951 -38.3023 -736.0951 -28.72673 -742.3332 -47.87787 -736.0951 -47.87787 -736.0951 -38.3023 -742.3333 28.72673 -742.3331 19.15115 -736.095 19.15115 -742.3332 -86.18016 -736.0951 -86.18016 -736.0951 -76.60459 -742.3332 -76.60459 -736.0951 -76.60459 -736.0952 -67.02902 -742.3333 -67.02902 -736.0952 -67.02902 -736.0951 -57.45344 -742.3333 -57.45345 -736.0951 -57.45344 -736.0951 -47.87787 -742.3331 9.575573 -736.095 9.575573 -736.095 19.15115 -742.3331 9.575573 -742.3332 0 -736.0951 0 -742.3332 57.45344 -742.3332 47.87788 -736.0951 47.87788 -742.3331 -28.72672 -736.0951 -28.72673 -736.0951 -19.15115 -742.3331 67.02902 -736.0951 67.02902 -736.0951 76.60459 -742.3332 76.60459 -736.0951 76.60459 -736.0951 86.18016 -742.3332 0 -742.3333 -9.575573 -736.0951 -9.575573 -742.3331 -95.75574 -736.0951 -95.75574 -736.0951 -86.18016 256.25 50.81775 262.5 50.81775 262.5 60.05734 256.25 13.85938 256.25 4.619795 262.5 4.619795 256.25 -13.85938 256.25 -23.09897 262.5 -23.09897 256.25 32.33856 256.25 23.09897 262.5 23.09897 256.25 -50.81775 262.5 -50.81775 262.5 -41.57815 256.25 -69.29692 262.5 -69.29692 262.5 -60.05735 256.25 -41.57815 262.5 -41.57815 262.5 -32.33855 256.25 -4.619795 256.25 -13.85938 262.5 -13.85938 256.25 -78.5365 262.5 -78.5365 262.5 -69.29692 256.25 -60.05734 262.5 -60.05735 262.5 -50.81775 256.25 4.619795 256.25 -4.619795 262.5 -4.619795 256.25 50.81775 256.25 41.57815 262.5 41.57815 256.25 60.05734 262.5 60.05734 262.5 69.29692 256.25 41.57815 256.25 32.33856 262.5 32.33856 256.25 -87.7761 262.5 -87.7761 262.5 -78.5365 256.25 23.09897 256.25 13.85938 262.5 13.85938 256.25 -23.09897 256.25 -32.33856 262.5 -32.33855 256.25 78.53652 262.5 78.53652 262.5 87.7761 256.25 69.29692 262.5 69.29692 262.5 78.53652 -748.5713 -86.18016 -748.5712 -95.75573 -742.3331 -95.75574 -748.5713 0 -748.5714 -9.575573 -742.3333 -9.575573 -748.5713 86.18016 -748.5713 76.60459 -742.3332 76.60459 -748.5713 76.60459 -748.5713 67.02902 -742.3331 67.02902 -748.5713 -28.72672 -742.3331 -28.72672 -742.3332 -19.15115 -748.5714 57.45345 -748.5713 47.87788 -742.3332 47.87788 -748.5713 0 -742.3332 0 -742.3331 9.575573 -748.5712 9.575573 -742.3331 9.575573 -742.3331 19.15115 -748.5713 -47.87787 -748.5713 -57.45345 -742.3333 -57.45345 -748.5713 -67.02902 -742.3333 -67.02902 -742.3333 -57.45345 -748.5713 -67.02902 -748.5713 -76.60459 -742.3332 -76.60459 -748.5713 -86.18016 -742.3332 -86.18016 -742.3332 -76.60459 -748.5712 19.15115 -742.3331 19.15115 -742.3333 28.72673 -748.5713 -47.87787 -742.3332 -47.87787 -742.3332 -38.3023 -748.5713 -38.3023 -742.3332 -38.3023 -742.3331 -28.72672 -748.5714 -9.575573 -748.5713 -19.15115 -742.3332 -19.15115 -748.5714 28.72673 -742.3333 28.72673 -742.3333 38.3023 -748.5713 38.3023 -742.3333 38.3023 -742.3332 47.87788 -748.5713 67.02902 -748.5714 57.45345 -742.3332 57.45344 -748.5713 95.75574 -748.5713 86.18016 -742.3332 86.18016 250 69.29692 256.25 69.29692 256.25 78.53652 250 78.53652 256.25 78.53652 256.25 87.7761 250 -23.09897 250 -32.33856 256.25 -32.33856 250 23.09897 250 13.85938 256.25 13.85938 250 -87.7761 256.25 -87.7761 256.25 -78.5365 250 41.57815 250 32.33856 256.25 32.33856 250 60.05733 256.25 60.05734 256.25 69.29692 250 50.81775 250 41.57815 256.25 41.57815 250 4.619795 250 -4.619795 256.25 -4.619795 250 -60.05734 256.25 -60.05734 256.25 -50.81775 250 -78.5365 256.25 -78.5365 256.25 -69.29692 250 -4.619795 250 -13.85939 256.25 -13.85938 250 -41.57815 256.25 -41.57815 256.25 -32.33856 250 -69.29692 256.25 -69.29692 256.25 -60.05734 250 -50.81775 256.25 -50.81775 256.25 -41.57815 250 32.33856 250 23.09897 256.25 23.09897 250 -13.85939 250 -23.09897 256.25 -23.09897 250 13.85938 250 4.619795 256.25 4.619795 250 50.81775 256.25 50.81775 256.25 60.05734 0.07347196 0.052917 0 0 0.07347196 0 0.07347196 0.052917 0 0 0.07347196 0 -0.02645796 0.02498698 0 0.04997396 -0.02645796 0.04997396 0.07347196 0.052917 0 0 0.07347196 0 -0.02645796 -0.02498698 0 0 -0.02645796 0 0 0.052917 -0.07347196 0 0 0 0 0.052917 -0.07347196 0 0 0 0.07347196 0.052917 0 0 0.07347196 0 0.07347196 0.052917 0 0 0.07347196 0 -0.02645796 -0.074961 0 -0.04997396 -0.02645796 -0.04997396 0.02645796 0 0 -0.02498698 0.02645796 -0.02498698 0.07347196 0.052917 0 0 0.07347196 0 0.02645796 0.124935 0 0.09994798 0.02645796 0.09994798 0.02645796 -0.074961 0 -0.09994798 0.02645796 -0.09994798 0.02645796 0.09994798 0 0.074961 0.02645796 0.074961 0 0.052917 -0.07347196 0 0 0 0.02645796 -0.074961 0 -0.09994798 0.02645796 -0.09994798 0 0.052917 -0.07347196 0 0 0 -0.02645796 -0.02498698 0 0 -0.02645796 0 0.07347196 0.052917 0 0 0.07347196 0 0.02645796 0.09994798 0 0.074961 0.02645796 0.074961 -0.02645796 0 0 0.02498698 -0.02645796 0.02498698 -0.02645796 -0.02498698 0 0 -0.02645796 0 0.07347196 0.052917 0 0 0.07347196 0 0.07347196 0.052917 0 0 0.07347196 0 0.07347196 0.052917 0 0 0.07347196 0 0 0.052917 -0.07347196 0 0 0 0.07347196 0.052917 0 0 0.07347196 0 -0.02645796 -0.02498698 0 0 -0.02645796 0 -0.02645796 0.09994798 0 0.124935 -0.02645796 0.124935 0 0 -0.07347196 0.052917 -0.07347196 0 0.02645796 0.074961 0 0.04997396 0.02645796 0.04997396 0.02645796 -0.04997396 0 -0.074961 0.02645796 -0.074961 -0.02645796 -0.074961 0 -0.04997396 -0.02645796 -0.04997396 0.02645796 0.149922 0 0.124935 0.02645796 0.124935 0.02645796 -0.074961 0 -0.09994798 0.02645796 -0.09994798 0.02645796 -0.09994798 0 -0.124935 0.02645796 -0.124935 0.02645796 0.149922 0 0.124935 0.02645796 0.124935 0.07347196 0.052917 0 0 0.07347196 0 0.07347196 0.052917 0 0 0.07347196 0 0.07347196 0.052917 0 0 0.07347196 0 -0.02645796 0.124935 0 0.149922 -0.02645796 0.149922 -0.02645796 -0.02498698 0 0 -0.02645796 0 -0.02645796 0 0 0.02498698 -0.02645796 0.02498698 0.07347196 0.052917 0 0 0.07347196 0 0.07347196 0.052917 0 0 0.07347196 0 0.02645796 0 0 -0.02498698 0.02645796 -0.02498698 0.07347196 0.052917 0 0 0.07347196 0 -0.02645796 0.02498698 0 0.04997396 -0.02645796 0.04997396 0.07347196 0.052917 0 0 0.07347196 0 0.07347196 0.052917 0 0 0.07347196 0 -0.02645796 -0.074961 0 -0.04997396 -0.02645796 -0.04997396 -0.06362897 -0.03673595 0 -0.07347196 -0.06362897 0.03673595 0 -0.07347196 0 0.07347196 -0.06362897 0.03673595 0 0.07347196 0.06362897 -0.03673595 0.06362897 0.03673595 0 0.07347196 0 -0.07347196 0.06362897 -0.03673595 0 -0.07347196 -0.06362897 0.03673595 -0.06362897 -0.03673595 0.06362897 -0.03673595 0.06362897 0.03673595 0 0.07347196 -0.02645796 -0.09994798 0 -0.074961 -0.02645796 -0.074961 -0.02645796 -0.124935 0 -0.09994798 -0.02645796 -0.09994798 -0.02645796 -0.149922 0 -0.124935 -0.02645796 -0.124935 -0.02645796 0.124935 0 0.149922 -0.02645796 0.149922 -0.02645796 0.09994798 0 0.124935 -0.02645796 0.124935 -0.02645796 0.074961 0 0.09994798 -0.02645796 0.09994798 -0.02645796 0.04997396 0 0.074961 -0.02645796 0.074961 -0.02645796 -0.02498698 0 0 -0.02645796 0 0.07347196 0.052917 0 0 0.07347196 0 0.07347196 0.052917 0 0 0.07347196 0 -0.02645796 -0.09994798 0 -0.074961 -0.02645796 -0.074961 0.07347196 0.052917 0 0 0.07347196 0 0.04132795 0.02386099 -0.04132795 0.02386099 0.04772198 0 0.04132795 -0.02386099 -0.04132795 0.02386099 -0.04772198 0 -0.02386099 0.04132795 0.04132795 0.02386099 0.02386099 0.04132795 -0.02386099 0.04132795 0.02386099 0.04132795 0 0.04772198 0.02386099 -0.04132795 -0.04132795 -0.02386099 -0.02386099 -0.04132795 0.02386099 -0.04132795 -0.02386099 -0.04132795 0 -0.04772198 0.04132795 0.02386099 -0.04132795 0.02386099 0.04772198 0 0.04132795 -0.02386099 -0.04132795 0.02386099 -0.04772198 0 0.04132795 0.02386099 -0.04132795 0.02386099 0.04772198 0 -0.02386099 0.04132795 0.04132795 0.02386099 0.02386099 0.04132795 -0.02386099 0.04132795 0.02386099 0.04132795 0 0.04772198 0.02386099 -0.04132795 -0.04132795 -0.02386099 -0.02386099 -0.04132795 0.02386099 -0.04132795 -0.02386099 -0.04132795 0 -0.04772198 -0.02645796 -0.04997396 0 -0.02498698 -0.02645796 -0.02498698 0.07347196 0.052917 0 0 0.07347196 0 -0.02645796 0.02498698 0 0.04997396 -0.02645796 0.04997396 0.07347196 0.052917 0 0 0.07347196 0 -0.02645796 -0.074961 0 -0.04997396 -0.02645796 -0.04997396 -0.06362897 -0.03673595 0 -0.07347196 -0.06362897 0.03673595 0 0.07347196 0 -0.07347196 0.06362897 -0.03673595 0 0.07347196 0.06362897 -0.03673595 0.06362897 0.03673595 0.06362897 -0.03673595 -0.06362897 0.03673595 0 -0.07347196 0 -0.07347196 -0.06362897 0.03673595 -0.06362897 -0.03673595 0.06362897 -0.03673595 0.06362897 0.03673595 0 0.07347196 -0.02645796 0.09994798 0 0.124935 -0.02645796 0.124935 -0.02645796 -0.124935 0 -0.09994798 -0.02645796 -0.09994798 -0.02645796 -0.149922 0 -0.124935 -0.02645796 -0.124935 -0.02645796 0.124935 0 0.149922 -0.02645796 0.149922 0.07347196 0.052917 0 0 0.07347196 0 -0.02645796 0.074961 0 0.09994798 -0.02645796 0.09994798 -0.02645796 0.04997396 0 0.074961 -0.02645796 0.074961 -0.02645796 -0.02498698 0 0 -0.02645796 0 0.07347196 0.052917 0 0 0.07347196 0 -0.02645796 0 0 0.02498698 -0.02645796 0.02498698 0.07347196 0.052917 0 0 0.07347196 0 -0.04132795 -0.02386099 0.04132795 -0.02386099 -0.04772198 0 -0.04132795 0.02386099 0.04132795 -0.02386099 0.04772198 0 0.02386099 -0.04132795 -0.04772198 0 -0.04132795 -0.02386099 -0.02386099 0.04132795 0.04132795 0.02386099 0.02386099 0.04132795 -0.02386099 0.04132795 0.02386099 0.04132795 0 0.04772198 0.02386099 -0.04132795 -0.04132795 -0.02386099 -0.02386099 -0.04132795 0.02386099 -0.04132795 -0.02386099 -0.04132795 0 -0.04772198 0.04132795 0.02386099 -0.04132795 0.02386099 0.04772198 0 0.04132795 -0.02386099 -0.04132795 0.02386099 -0.04772198 0 0.02386099 -0.04132795 -0.04772198 0 -0.04132795 -0.02386099 -0.02386099 0.04132795 0.04132795 0.02386099 0.02386099 0.04132795 -0.02386099 0.04132795 0.02386099 0.04132795 0 0.04772198 0.02386099 -0.04132795 -0.04132795 -0.02386099 -0.02386099 -0.04132795 0.02386099 -0.04132795 -0.02386099 -0.04132795 0 -0.04772198 -0.02645796 -0.04997396 0 -0.02498698 -0.02645796 -0.02498698 0.07347196 0.052917 0 0 0.07347196 0 -0.06362897 0.03673595 0.06362897 -0.03673595 0 0.07347196 0.02645796 -0.02498698 0 -0.04997396 0.02645796 -0.04997396 -0.02645796 0.124935 0 0.149922 -0.02645796 0.149922 -0.06362897 -0.03673595 0 -0.07347196 -0.06362897 0.03673595 0 -0.07347196 0 0.07347196 -0.06362897 0.03673595 0 0.07347196 0.06362897 -0.03673595 0.06362897 0.03673595 -0.02645796 0.02498698 0 0.04997396 -0.02645796 0.04997396 0 -0.07347196 -0.06362897 0.03673595 -0.06362897 -0.03673595 0.06362897 -0.03673595 0.06362897 0.03673595 0 0.07347196 -0.02645796 -0.09994798 0 -0.074961 -0.02645796 -0.074961 -0.02645796 -0.124935 0 -0.09994798 -0.02645796 -0.09994798 -0.02645796 -0.149922 0 -0.124935 -0.02645796 -0.124935 -0.02645796 0.074961 0 0.09994798 -0.02645796 0.09994798 -0.02645796 0.04997396 0 0.074961 -0.02645796 0.074961 0.02645796 0.04997396 0 0.02498698 0.02645796 0.02498698 -0.02386099 0.04132795 0.04772198 0 0.04132795 0.02386099 -0.04772198 0 0.04772198 0 -0.04132795 0.02386099 -0.02386099 0.04132795 0.04772198 0 0.04132795 0.02386099 -0.02386099 0.04132795 0.04132795 0.02386099 0.02386099 0.04132795 -0.02386099 0.04132795 0.02386099 0.04132795 0 0.04772198 0.02386099 -0.04132795 -0.04132795 -0.02386099 -0.02386099 -0.04132795 0.02386099 -0.04132795 -0.02386099 -0.04132795 0 -0.04772198 -0.02386099 0.04132795 0.04772198 0 0.04132795 0.02386099 -0.04772198 0 0.04772198 0 -0.04132795 0.02386099 -0.04132795 -0.02386099 0.04132795 -0.02386099 -0.04772198 0 -0.02386099 0.04132795 0.04132795 0.02386099 0.02386099 0.04132795 -0.02386099 0.04132795 0.02386099 0.04132795 0 0.04772198 0.02386099 -0.04132795 -0.04132795 -0.02386099 -0.02386099 -0.04132795 0.02386099 -0.04132795 -0.02386099 -0.04132795 0 -0.04772198 0.02645796 -0.09994798 0 -0.124935 0.02645796 -0.124935 0.07347196 0.052917 0 0 0.07347196 0 -0.02645796 0.02498698 0 0.04997396 -0.02645796 0.04997396 0.07347196 0.052917 0 0 0.07347196 0 0.07347196 0.052917 0 0 0.07347196 0 -0.02645796 -0.074961 0 -0.04997396 -0.02645796 -0.04997396 -0.06362897 -0.03673595 0 -0.07347196 -0.06362897 0.03673595 0 0.07347196 0 -0.07347196 0.06362897 -0.03673595 0 0.07347196 0.06362897 -0.03673595 0.06362897 0.03673595 0.06362897 -0.03673595 -0.06362897 0.03673595 0 -0.07347196 0 -0.07347196 -0.06362897 0.03673595 -0.06362897 -0.03673595 0.06362897 -0.03673595 0.06362897 0.03673595 0 0.07347196 -0.02645796 -0.09994798 0 -0.074961 -0.02645796 -0.074961 -0.02645796 -0.124935 0 -0.09994798 -0.02645796 -0.09994798 -0.02645796 -0.149922 0 -0.124935 -0.02645796 -0.124935 -0.02645796 0.124935 0 0.149922 -0.02645796 0.149922 -0.02645796 0.09994798 0 0.124935 -0.02645796 0.124935 -0.02645796 0.074961 0 0.09994798 -0.02645796 0.09994798 -0.02645796 0.04997396 0 0.074961 -0.02645796 0.074961 -0.02645796 -0.02498698 0 0 -0.02645796 0 -0.02645796 -0.04997396 0 -0.02498698 -0.02645796 -0.02498698 -0.02645796 0 0 0.02498698 -0.02645796 0.02498698 0.07347196 0.052917 0 0 0.07347196 0 0.04132795 0.02386099 -0.04132795 0.02386099 0.04772198 0 0.04132795 -0.02386099 -0.04132795 0.02386099 -0.04772198 0 -0.04132795 -0.02386099 0.04132795 -0.02386099 -0.04772198 0 -0.02386099 0.04132795 0.04132795 0.02386099 0.02386099 0.04132795 -0.02386099 0.04132795 0.02386099 0.04132795 0 0.04772198 0.02386099 -0.04132795 -0.04132795 -0.02386099 -0.02386099 -0.04132795 0.02386099 -0.04132795 -0.02386099 -0.04132795 0 -0.04772198 -0.04132795 -0.02386099 0.04132795 -0.02386099 -0.04772198 0 0.04132795 -0.02386099 -0.04132795 0.02386099 -0.04772198 0 -0.04132795 -0.02386099 0.04132795 -0.02386099 -0.04772198 0 -0.02386099 0.04132795 0.04132795 0.02386099 0.02386099 0.04132795 -0.02386099 0.04132795 0.02386099 0.04132795 0 0.04772198 0.02386099 -0.04132795 -0.04132795 -0.02386099 -0.02386099 -0.04132795 0.02386099 -0.04132795 -0.02386099 -0.04132795 0 -0.04772198 -0.02645796 -0.149922 0 -0.124935 -0.02645796 -0.124935 0.07347196 0.052917 0 0 0.07347196 0 -0.02645796 0.02498698 0 0.04997396 -0.02645796 0.04997396 0.07347196 0.052917 0 0 0.07347196 0 -0.02645796 -0.074961 0 -0.04997396 -0.02645796 -0.04997396 -0.06362897 -0.03673595 0 -0.07347196 -0.06362897 0.03673595 0.06362897 -0.03673595 -0.06362897 0.03673595 0 -0.07347196 0 0.07347196 0.06362897 -0.03673595 0.06362897 0.03673595 0 -0.07347196 0 0.07347196 -0.06362897 0.03673595 0 -0.07347196 -0.06362897 0.03673595 -0.06362897 -0.03673595 0.06362897 -0.03673595 0.06362897 0.03673595 0 0.07347196 -0.02645796 -0.09994798 0 -0.074961 -0.02645796 -0.074961 -0.02645796 -0.124935 0 -0.09994798 -0.02645796 -0.09994798 -0.02645796 -0.149922 0 -0.124935 -0.02645796 -0.124935 -0.02645796 0.124935 0 0.149922 -0.02645796 0.149922 -0.02645796 0.09994798 0 0.124935 -0.02645796 0.124935 -0.02645796 0.074961 0 0.09994798 -0.02645796 0.09994798 -0.02645796 0.04997396 0 0.074961 -0.02645796 0.074961 -0.02645796 -0.02498698 0 0 -0.02645796 0 0.07347196 0.052917 0 0 0.07347196 0 0.07347196 0.052917 0 0 0.07347196 0 0.06362897 -0.03673595 -0.06362897 0.03673595 0 -0.07347196 0.07347196 0.052917 0 0 0.07347196 0 0.04132795 0.02386099 -0.04132795 0.02386099 0.04772198 0 -0.04132795 0.02386099 0.04132795 -0.02386099 0.04772198 0 -0.04132795 -0.02386099 0.04132795 -0.02386099 -0.04772198 0 -0.02386099 0.04132795 0.04132795 0.02386099 0.02386099 0.04132795 -0.02386099 0.04132795 0.02386099 0.04132795 0 0.04772198 0.02386099 -0.04132795 -0.04132795 -0.02386099 -0.02386099 -0.04132795 0.02386099 -0.04132795 -0.02386099 -0.04132795 0 -0.04772198 0.04132795 0.02386099 -0.04132795 0.02386099 0.04772198 0 0.04132795 -0.02386099 -0.04132795 0.02386099 -0.04772198 0 0.02386099 -0.04132795 -0.04772198 0 -0.04132795 -0.02386099 -0.02386099 0.04132795 0.04132795 0.02386099 0.02386099 0.04132795 -0.02386099 0.04132795 0.02386099 0.04132795 0 0.04772198 0.02386099 -0.04132795 -0.04132795 -0.02386099 -0.02386099 -0.04132795 0.02386099 -0.04132795 -0.02386099 -0.04132795 0 -0.04772198 -0.02645796 -0.04997396 0 -0.02498698 -0.02645796 -0.02498698 0.07347196 0.052917 0 0 0.07347196 0 -0.02645796 0.02498698 0 0.04997396 -0.02645796 0.04997396 0.07347196 0.052917 0 0 0.07347196 0 0.07347196 0.052917 0 0 0.07347196 0 -0.02645796 -0.074961 0 -0.04997396 -0.02645796 -0.04997396 -0.06362897 -0.03673595 0 -0.07347196 -0.06362897 0.03673595 -0.02645796 0 0 0.02498698 -0.02645796 0.02498698 0 0.07347196 0.06362897 -0.03673595 0.06362897 0.03673595 0 -0.07347196 0 0.07347196 -0.06362897 0.03673595 0 -0.07347196 -0.06362897 0.03673595 -0.06362897 -0.03673595 0.06362897 -0.03673595 0.06362897 0.03673595 0 0.07347196 -0.02645796 -0.09994798 0 -0.074961 -0.02645796 -0.074961 -0.02645796 0.074961 0 0.09994798 -0.02645796 0.09994798 -0.02645796 -0.149922 0 -0.124935 -0.02645796 -0.124935 -0.02645796 0.124935 0 0.149922 -0.02645796 0.149922 -0.02645796 0.09994798 0 0.124935 -0.02645796 0.124935 0 0.052917 -0.07347196 0 0 0 -0.02645796 0 0 0.02498698 -0.02645796 0.02498698 -0.02645796 0.074961 0 0.09994798 -0.02645796 0.09994798 0.07347196 0.052917 0 0 0.07347196 0 0.07347196 0.052917 0 0 0.07347196 0 0.07347196 0.052917 0 0 0.07347196 0 0.02386099 -0.04132795 -0.04772198 0 -0.04132795 -0.02386099 -0.04772198 0 0.04772198 0 -0.04132795 0.02386099 0.02386099 -0.04132795 -0.04772198 0 -0.04132795 -0.02386099 -0.02386099 0.04132795 0.04132795 0.02386099 0.02386099 0.04132795 -0.02386099 0.04132795 0.02386099 0.04132795 0 0.04772198 0.02386099 -0.04132795 -0.04132795 -0.02386099 -0.02386099 -0.04132795 0.02386099 -0.04132795 -0.02386099 -0.04132795 0 -0.04772198 -0.04132795 -0.02386099 0.04132795 -0.02386099 -0.04772198 0 0.02386099 -0.04132795 -0.04772198 0 -0.04132795 -0.02386099 -0.02386099 0.04132795 0.04132795 0.02386099 0.02386099 0.04132795 -0.02386099 0.04132795 0.02386099 0.04132795 0 0.04772198 0.02386099 -0.04132795 -0.04132795 -0.02386099 -0.02386099 -0.04132795 0.02386099 -0.04132795 -0.02386099 -0.04132795 0 -0.04772198 -0.02645796 -0.04997396 0 -0.02498698 -0.02645796 -0.02498698 0.07347196 0.052917 0 0 0.07347196 0 -0.02645796 0.02498698 0 0.04997396 -0.02645796 0.04997396 0.07347196 0.052917 0 0 0.07347196 0 -0.02645796 -0.074961 0 -0.04997396 -0.02645796 -0.04997396 -0.06362897 -0.03673595 0 -0.07347196 -0.06362897 0.03673595 0.06362897 -0.03673595 -0.06362897 0.03673595 0 -0.07347196 0 0.07347196 0.06362897 -0.03673595 0.06362897 0.03673595 0 -0.07347196 0 0.07347196 -0.06362897 0.03673595 0 -0.07347196 -0.06362897 0.03673595 -0.06362897 -0.03673595 0.06362897 -0.03673595 0.06362897 0.03673595 0 0.07347196 -0.02645796 -0.09994798 0 -0.074961 -0.02645796 -0.074961 -0.02645796 -0.124935 0 -0.09994798 -0.02645796 -0.09994798 -0.02645796 -0.149922 0 -0.124935 -0.02645796 -0.124935 -0.02645796 0.124935 0 0.149922 -0.02645796 0.149922 -0.02645796 0.09994798 0 0.124935 -0.02645796 0.124935 0.02645796 0.02498698 0 0 0.02645796 0 -0.02645796 0.04997396 0 0.074961 -0.02645796 0.074961 0.07347196 0.052917 0 0 0.07347196 0 0.07347196 0.052917 0 0 0.07347196 0 0.07347196 0.052917 0 0 0.07347196 0 -0.02386099 0.04132795 0.04772198 0 0.04132795 0.02386099 -0.04132795 0.02386099 0.04132795 -0.02386099 0.04772198 0 -0.04132795 -0.02386099 0.04132795 -0.02386099 -0.04772198 0 -0.02386099 0.04132795 0.04132795 0.02386099 0.02386099 0.04132795 -0.02386099 0.04132795 0.02386099 0.04132795 0 0.04772198 0.02386099 -0.04132795 -0.04132795 -0.02386099 -0.02386099 -0.04132795 0.02386099 -0.04132795 -0.02386099 -0.04132795 0 -0.04772198 -0.02386099 0.04132795 0.04772198 0 0.04132795 0.02386099 -0.04132795 0.02386099 0.04132795 -0.02386099 0.04772198 0 0.02386099 -0.04132795 -0.04772198 0 -0.04132795 -0.02386099 -0.02386099 0.04132795 0.04132795 0.02386099 0.02386099 0.04132795 -0.02386099 0.04132795 0.02386099 0.04132795 0 0.04772198 0.02386099 -0.04132795 -0.04132795 -0.02386099 -0.02386099 -0.04132795 0.02386099 -0.04132795 -0.02386099 -0.04132795 0 -0.04772198 0.07347196 0.052917 0 0 0.07347196 0 0.07347196 0.052917 0 0 0.07347196 0 -0.02645796 0.04997396 0 0.02498698 0 0.04997396 -0.06362897 -0.03673595 0 -0.07347196 -0.06362897 0.03673595 0 0.07347196 0 -0.07347196 0.06362897 -0.03673595 0 0.07347196 0.06362897 -0.03673595 0.06362897 0.03673595 0 -0.07347196 0 0.07347196 -0.06362897 0.03673595 0 -0.07347196 -0.06362897 0.03673595 -0.06362897 -0.03673595 0.06362897 -0.03673595 0.06362897 0.03673595 0 0.07347196 -0.02645796 0 0 -0.02498698 0 0 0.07347196 0.052917 0 0 0.07347196 0 -0.02645796 -0.074961 0 -0.04997396 -0.02645796 -0.04997396 -0.02645796 -0.09994798 0 -0.074961 -0.02645796 -0.074961 0.07347196 0.052917 0 0 0.07347196 0 -0.04132795 -0.02386099 0.04132795 -0.02386099 -0.04772198 0 0.04132795 -0.02386099 -0.04132795 0.02386099 -0.04772198 0 -0.04132795 -0.02386099 0.04132795 -0.02386099 -0.04772198 0 -0.04132795 -0.02386099 0.04132795 -0.02386099 -0.04772198 0 -0.04132795 0.02386099 0.04132795 -0.02386099 0.04772198 0 -0.04132795 -0.02386099 0.04132795 -0.02386099 -0.04772198 0 -0.02645796 -0.04997396 0 -0.02498698 -0.02645796 -0.02498698 0.07347196 0 0 0.052917 0 0 0.07347196 0 0 0.052917 0 0 0.07347196 0.052917 0 0 0.07347196 0 0.07347196 0.052917 0 0 0.07347196 0 -0.06362897 -0.03673595 0 -0.07347196 -0.06362897 0.03673595 0 0.07347196 0 -0.07347196 0.06362897 -0.03673595 0 0.07347196 0.06362897 -0.03673595 0.06362897 0.03673595 0 -0.07347196 0 0.07347196 -0.06362897 0.03673595 0 -0.07347196 -0.06362897 0.03673595 -0.06362897 -0.03673595 0.06362897 -0.03673595 0.06362897 0.03673595 0 0.07347196 -0.02645796 -0.124935 0 -0.09994798 -0.02645796 -0.09994798 -0.02645796 0.04997396 0 0.074961 -0.02645796 0.074961 -0.02645796 -0.02498698 0 0 -0.02645796 0 -0.02645796 0.09994798 0 0.124935 -0.02645796 0.124935 -0.02645796 0.074961 0 0.09994798 -0.02645796 0.09994798 -0.02645796 -0.124935 0 -0.149922 0 -0.124935 0.07347196 0.052917 0 0 0.07347196 0 0.07347196 0.052917 0 0 0.07347196 0 -0.02645796 0 0 0.02498698 -0.02645796 0.02498698 0.07347196 0.052917 0 0 0.07347196 0 0.02386099 -0.04132795 -0.04772198 0 -0.04132795 -0.02386099 -0.04772198 0 0.04772198 0 -0.04132795 0.02386099 -0.04132795 -0.02386099 0.04132795 -0.02386099 -0.04772198 0 -0.02386099 0.04132795 0.04132795 0.02386099 0.02386099 0.04132795 -0.02386099 0.04132795 0.02386099 0.04132795 0 0.04772198 0.02386099 -0.04132795 -0.04132795 -0.02386099 -0.02386099 -0.04132795 0.02386099 -0.04132795 -0.02386099 -0.04132795 0 -0.04772198 0.04132795 0.02386099 -0.04132795 0.02386099 0.04772198 0 -0.04772198 0 0.04772198 0 -0.04132795 0.02386099 -0.02386099 0.04132795 0.04772198 0 0.04132795 0.02386099 -0.02386099 0.04132795 0.04132795 0.02386099 0.02386099 0.04132795 -0.02386099 0.04132795 0.02386099 0.04132795 0 0.04772198 0.02386099 -0.04132795 -0.04132795 -0.02386099 -0.02386099 -0.04132795 0.02386099 -0.04132795 -0.02386099 -0.04132795 0 -0.04772198 -0.02645796 -0.04997396 0 -0.02498698 -0.02645796 -0.02498698 0.07347196 0.052917 0 0 0.07347196 0 -0.02645796 0.02498698 0 0.04997396 -0.02645796 0.04997396 0.07347196 0.052917 0 0 0.07347196 0 -0.02645796 -0.074961 0 -0.04997396 -0.02645796 -0.04997396 -0.06362897 -0.03673595 0 -0.07347196 -0.06362897 0.03673595 0 0.07347196 0 -0.07347196 0.06362897 -0.03673595 0 0.07347196 0.06362897 -0.03673595 0.06362897 0.03673595 0 -0.07347196 0 0.07347196 -0.06362897 0.03673595 0 -0.07347196 -0.06362897 0.03673595 -0.06362897 -0.03673595 0.06362897 -0.03673595 0.06362897 0.03673595 0 0.07347196 -0.02645796 -0.09994798 0 -0.074961 -0.02645796 -0.074961 -0.02645796 -0.124935 0 -0.09994798 -0.02645796 -0.09994798 -0.02645796 -0.149922 0 -0.124935 -0.02645796 -0.124935 -0.02645796 0.124935 0 0.149922 -0.02645796 0.149922 -0.02645796 0.09994798 0 0.124935 -0.02645796 0.124935 -0.02645796 0.074961 0 0.09994798 -0.02645796 0.09994798 -0.02645796 0.04997396 0 0.074961 -0.02645796 0.074961 0.02645796 0.02498698 0 0 0.02645796 0 0.07347196 0.052917 0 0 0.07347196 0 0.07347196 0.052917 0 0 0.07347196 0 -0.04132795 -0.02386099 0.04132795 -0.02386099 -0.04772198 0 0.04132795 -0.02386099 -0.04132795 0.02386099 -0.04772198 0 -0.04132795 -0.02386099 0.04132795 -0.02386099 -0.04772198 0 -0.02386099 0.04132795 0.04132795 0.02386099 0.02386099 0.04132795 -0.02386099 0.04132795 0.02386099 0.04132795 0 0.04772198 0.02386099 -0.04132795 -0.04132795 -0.02386099 -0.02386099 -0.04132795 0.02386099 -0.04132795 -0.02386099 -0.04132795 0 -0.04772198 -0.04132795 -0.02386099 0.04132795 -0.02386099 -0.04772198 0 0.04772198 0 -0.04772198 0 0.04132795 -0.02386099 -0.04132795 -0.02386099 0.04132795 -0.02386099 -0.04772198 0 -0.02386099 0.04132795 0.04132795 0.02386099 0.02386099 0.04132795 -0.02386099 0.04132795 0.02386099 0.04132795 0 0.04772198 0.02386099 -0.04132795 -0.04132795 -0.02386099 -0.02386099 -0.04132795 0.02386099 -0.04132795 -0.02386099 -0.04132795 0 -0.04772198 0.07347196 0.052917 0 0 0.07347196 0 -0.02645796 0.02498698 0 0.04997396 -0.02645796 0.04997396 0.07347196 0.052917 0 0 0.07347196 0 0.07347196 0.052917 0 0 0.07347196 0 -0.02645796 -0.074961 0 -0.04997396 -0.02645796 -0.04997396 -0.06362897 -0.03673595 0 -0.07347196 -0.06362897 0.03673595 0 -0.07347196 0 0.07347196 -0.06362897 0.03673595 0 0.07347196 0.06362897 -0.03673595 0.06362897 0.03673595 0.06362897 -0.03673595 -0.06362897 0.03673595 0 -0.07347196 0 -0.07347196 -0.06362897 0.03673595 -0.06362897 -0.03673595 0.06362897 -0.03673595 0.06362897 0.03673595 0 0.07347196 -0.02645796 0.09994798 0 0.124935 -0.02645796 0.124935 -0.02645796 -0.124935 0 -0.09994798 -0.02645796 -0.09994798 -0.02645796 -0.149922 0 -0.124935 -0.02645796 -0.124935 -0.02645796 0.124935 0 0.149922 -0.02645796 0.149922 0.07347196 0.052917 0 0 0.07347196 0 -0.02645796 0.074961 0 0.09994798 -0.02645796 0.09994798 -0.02645796 0.04997396 0 0.074961 -0.02645796 0.074961 -0.02645796 -0.02498698 0 0 -0.02645796 0 0.07347196 0.052917 0 0 0.07347196 0 0.07347196 0.052917 0 0 0.07347196 0 -0.02645796 0 0 0.02498698 -0.02645796 0.02498698 0.07347196 0.052917 0 0 0.07347196 0 0.04132795 0.02386099 -0.04132795 0.02386099 0.04772198 0 -0.04132795 0.02386099 0.04132795 -0.02386099 0.04772198 0 0.02386099 -0.04132795 -0.04772198 0 -0.04132795 -0.02386099 -0.02386099 0.04132795 0.04132795 0.02386099 0.02386099 0.04132795 -0.02386099 0.04132795 0.02386099 0.04132795 0 0.04772198 0.02386099 -0.04132795 -0.04132795 -0.02386099 -0.02386099 -0.04132795 0.02386099 -0.04132795 -0.02386099 -0.04132795 0 -0.04772198 0.04132795 0.02386099 -0.04132795 0.02386099 0.04772198 0 -0.04132795 0.02386099 0.04132795 -0.02386099 0.04772198 0 -0.02386099 0.04132795 0.04772198 0 0.04132795 0.02386099 -0.02386099 0.04132795 0.04132795 0.02386099 0.02386099 0.04132795 -0.02386099 0.04132795 0.02386099 0.04132795 0 0.04772198 0.02386099 -0.04132795 -0.04132795 -0.02386099 -0.02386099 -0.04132795 0.02386099 -0.04132795 -0.02386099 -0.04132795 0 -0.04772198 -0.02645796 -0.04997396 0 -0.02498698 -0.02645796 -0.02498698 0.07347196 0.052917 0 0 0.07347196 0 -0.06362897 0.03673595 0.06362897 -0.03673595 0 0.07347196 0.07347196 0.052917 0 0 0.07347196 0 0.07347196 0.052917 0 0 0.07347196 0 -0.06362897 -0.03673595 0 -0.07347196 -0.06362897 0.03673595 0 0.07347196 0 -0.07347196 0.06362897 -0.03673595 0 0.07347196 0.06362897 -0.03673595 0.06362897 0.03673595 -0.02645796 0.02498698 0 0.04997396 -0.02645796 0.04997396 0 -0.07347196 -0.06362897 0.03673595 -0.06362897 -0.03673595 0.06362897 -0.03673595 0.06362897 0.03673595 0 0.07347196 -0.02645796 -0.09994798 0 -0.074961 -0.02645796 -0.074961 -0.02645796 -0.124935 0 -0.09994798 -0.02645796 -0.09994798 -0.02645796 -0.149922 0 -0.124935 -0.02645796 -0.124935 -0.02645796 -0.124935 0 -0.09994798 -0.02645796 -0.09994798 -0.02645796 -0.04997396 0 -0.02498698 -0.02645796 -0.02498698 -0.02645796 0.074961 0 0.09994798 -0.02645796 0.09994798 -0.02645796 0.04997396 0 0.074961 -0.02645796 0.074961 -0.02645796 -0.02498698 0 0 -0.02645796 0 0.07347196 0.052917 0 0 0.07347196 0 0.07347196 0.052917 0 0 0.07347196 0 -0.02645796 0 0 0.02498698 -0.02645796 0.02498698 0.07347196 0.052917 0 0 0.07347196 0 -0.02386099 0.04132795 0.04772198 0 0.04132795 0.02386099 -0.04772198 0 0.04772198 0 -0.04132795 0.02386099 0.02386099 -0.04132795 -0.04772198 0 -0.04132795 -0.02386099 -0.02386099 0.04132795 0.04132795 0.02386099 0.02386099 0.04132795 -0.02386099 0.04132795 0.02386099 0.04132795 0 0.04772198 0.02386099 -0.04132795 -0.04132795 -0.02386099 -0.02386099 -0.04132795 0.02386099 -0.04132795 -0.02386099 -0.04132795 0 -0.04772198 -0.02386099 0.04132795 0.04772198 0 0.04132795 0.02386099 0.04132795 -0.02386099 -0.04132795 0.02386099 -0.04772198 0 0.02386099 -0.04132795 -0.04772198 0 -0.04132795 -0.02386099 -0.02386099 0.04132795 0.04132795 0.02386099 0.02386099 0.04132795 -0.02386099 0.04132795 0.02386099 0.04132795 0 0.04772198 0.02386099 -0.04132795 -0.04132795 -0.02386099 -0.02386099 -0.04132795 0.02386099 -0.04132795 -0.02386099 -0.04132795 0 -0.04772198 -0.02645796 0.04997396 0 0.074961 -0.02645796 0.074961 0.07347196 0.052917 0 0 0.07347196 0 -0.02645796 0.02498698 0 0.04997396 -0.02645796 0.04997396 0.07347196 0.052917 0 0 0.07347196 0 0.07347196 0.052917 0 0 0.07347196 0 -0.02645796 -0.074961 0 -0.04997396 -0.02645796 -0.04997396 -0.06362897 -0.03673595 0 -0.07347196 -0.06362897 0.03673595 -0.06362897 0.03673595 0.06362897 -0.03673595 0 0.07347196 0 0.07347196 0.06362897 -0.03673595 0.06362897 0.03673595 0.06362897 -0.03673595 -0.06362897 0.03673595 0 -0.07347196 0 -0.07347196 -0.06362897 0.03673595 -0.06362897 -0.03673595 0.06362897 -0.03673595 0.06362897 0.03673595 0 0.07347196 -0.02645796 -0.09994798 0 -0.074961 -0.02645796 -0.074961 -0.02645796 -0.124935 0 -0.09994798 -0.02645796 -0.09994798 -0.02645796 -0.149922 0 -0.124935 -0.02645796 -0.124935 -0.02645796 0.124935 0 0.149922 -0.02645796 0.149922 -0.02645796 0.09994798 0 0.124935 -0.02645796 0.124935 -0.02645796 0.074961 0 0.09994798 -0.02645796 0.09994798 -0.02645796 0.04997396 0 0.074961 -0.02645796 0.074961 -0.02645796 -0.02498698 0 0 -0.02645796 0 -0.02645796 -0.04997396 0 -0.02498698 -0.02645796 -0.02498698 0.07347196 0.052917 0 0 0.07347196 0 -0.02645796 0 0 0.02498698 -0.02645796 0.02498698 0.07347196 0.052917 0 0 0.07347196 0 0.04132795 0.02386099 -0.04132795 0.02386099 0.04772198 0 0.04132795 -0.02386099 -0.04132795 0.02386099 -0.04772198 0 0.04132795 0.02386099 -0.04132795 0.02386099 0.04772198 0 -0.02386099 0.04132795 0.04132795 0.02386099 0.02386099 0.04132795 -0.02386099 0.04132795 0.02386099 0.04132795 0 0.04772198 0.02386099 -0.04132795 -0.04132795 -0.02386099 -0.02386099 -0.04132795 0.02386099 -0.04132795 -0.02386099 -0.04132795 0 -0.04772198 0.04132795 0.02386099 -0.04132795 0.02386099 0.04772198 0 -0.04132795 0.02386099 0.04132795 -0.02386099 0.04772198 0 -0.04132795 -0.02386099 0.04132795 -0.02386099 -0.04772198 0 -0.02386099 0.04132795 0.04132795 0.02386099 0.02386099 0.04132795 -0.02386099 0.04132795 0.02386099 0.04132795 0 0.04772198 0.02386099 -0.04132795 -0.04132795 -0.02386099 -0.02386099 -0.04132795 0.02386099 -0.04132795 -0.02386099 -0.04132795 0 -0.04772198 -0.02645796 0.04997396 0 0.074961 -0.02645796 0.074961 0.07347196 0.052917 0 0 0.07347196 0 -0.02645796 0.02498698 0 0.04997396 -0.02645796 0.04997396 0.02645796 -0.124935 0 -0.149922 0.02645796 -0.149922 0.07347196 0.052917 0 0 0.07347196 0 -0.02645796 -0.074961 0 -0.04997396 -0.02645796 -0.04997396 -0.06362897 -0.03673595 0 -0.07347196 -0.06362897 0.03673595 -0.06362897 0.03673595 0.06362897 -0.03673595 0 0.07347196 0 0.07347196 0.06362897 -0.03673595 0.06362897 0.03673595 0 -0.07347196 0 0.07347196 -0.06362897 0.03673595 0 -0.07347196 -0.06362897 0.03673595 -0.06362897 -0.03673595 0.06362897 -0.03673595 0.06362897 0.03673595 0 0.07347196 -0.02645796 -0.09994798 0 -0.074961 -0.02645796 -0.074961 -0.02645796 -0.124935 0 -0.09994798 -0.02645796 -0.09994798 -0.02645796 -0.149922 0 -0.124935 -0.02645796 -0.124935 -0.02645796 0.124935 0 0.149922 -0.02645796 0.149922 -0.02645796 0.09994798 0 0.124935 -0.02645796 0.124935 -0.02645796 0.074961 0 0.09994798 -0.02645796 0.09994798 -0.02645796 0.04997396 0 0.074961 -0.02645796 0.074961 0.02645796 0.02498698 0 0 0.02645796 0 0.07347196 0.052917 0 0 0.07347196 0 0.07347196 0.052917 0 0 0.07347196 0 0.06362897 -0.03673595 -0.06362897 0.03673595 0 -0.07347196 0.07347196 0.052917 0 0 0.07347196 0 -0.04132795 -0.02386099 0.04132795 -0.02386099 -0.04772198 0 -0.04132795 0.02386099 0.04132795 -0.02386099 0.04772198 0 0.04132795 0.02386099 -0.04132795 0.02386099 0.04772198 0 -0.02386099 0.04132795 0.04132795 0.02386099 0.02386099 0.04132795 -0.02386099 0.04132795 0.02386099 0.04132795 0 0.04772198 0.02386099 -0.04132795 -0.04132795 -0.02386099 -0.02386099 -0.04132795 0.02386099 -0.04132795 -0.02386099 -0.04132795 0 -0.04772198 0.04132795 0.02386099 -0.04132795 0.02386099 0.04772198 0 0.04132795 -0.02386099 -0.04132795 0.02386099 -0.04772198 0 -0.04132795 -0.02386099 0.04132795 -0.02386099 -0.04772198 0 -0.02386099 0.04132795 0.04132795 0.02386099 0.02386099 0.04132795 -0.02386099 0.04132795 0.02386099 0.04132795 0 0.04772198 0.02386099 -0.04132795 -0.04132795 -0.02386099 -0.02386099 -0.04132795 0.02386099 -0.04132795 -0.02386099 -0.04132795 0 -0.04772198 -0.02645796 -0.04997396 0 -0.02498698 -0.02645796 -0.02498698 0.07347196 0.052917 0 0 0.07347196 0 -0.02645796 0.02498698 0 0.04997396 -0.02645796 0.04997396 0.07347196 0.052917 0 0 0.07347196 0 0.07347196 0.052917 0 0 0.07347196 0 -0.02645796 -0.074961 0 -0.04997396 -0.02645796 -0.04997396 -0.06362897 -0.03673595 0 -0.07347196 -0.06362897 0.03673595 -0.02645796 0 0 0.02498698 -0.02645796 0.02498698 0 0.07347196 0.06362897 -0.03673595 0.06362897 0.03673595 0 -0.07347196 -0.06362897 0.03673595 -0.06362897 -0.03673595 0.06362897 -0.03673595 0.06362897 0.03673595 0 0.07347196 -0.02645796 -0.09994798 0 -0.074961 -0.02645796 -0.074961 -0.02645796 0.074961 0 0.09994798 -0.02645796 0.09994798 -0.02645796 -0.149922 0 -0.124935 -0.02645796 -0.124935 -0.02645796 0.124935 0 0.149922 -0.02645796 0.149922 -0.02645796 0.09994798 0 0.124935 -0.02645796 0.124935 -0.02645796 0 0 0.02498698 -0.02645796 0.02498698 -0.02645796 0.074961 0 0.09994798 -0.02645796 0.09994798 0.07347196 0.052917 0 0 0.07347196 0 0.07347196 0.052917 0 0 0.07347196 0 0.07347196 0.052917 0 0 0.07347196 0 0.07347196 0.052917 0 0 0.07347196 0 -0.02386099 0.04132795 0.04772198 0 0.04132795 0.02386099 -0.02386099 0.04132795 0.04132795 0.02386099 0.02386099 0.04132795 -0.02386099 0.04132795 0.02386099 0.04132795 0 0.04772198 0.02386099 -0.04132795 -0.04132795 -0.02386099 -0.02386099 -0.04132795 0.02386099 -0.04132795 -0.02386099 -0.04132795 0 -0.04772198 -0.02386099 0.04132795 0.04132795 0.02386099 0.02386099 0.04132795 -0.02386099 0.04132795 0.02386099 0.04132795 0 0.04772198 0.02386099 -0.04132795 -0.04132795 -0.02386099 -0.02386099 -0.04132795 0.02386099 -0.04132795 -0.02386099 -0.04132795 0 -0.04772198 -0.02645796 -0.04997396 0 -0.02498698 -0.02645796 -0.02498698 0.07347196 0.052917 0 0 0.07347196 0 -0.02645796 0.02498698 0 0.04997396 -0.02645796 0.04997396 0.07347196 0.052917 0 0 0.07347196 0 0.07347196 0.052917 0 0 0.07347196 0 -0.02645796 -0.074961 0 -0.04997396 -0.02645796 -0.04997396 -0.06362897 -0.03673595 0 -0.07347196 -0.06362897 0.03673595 -0.06362897 0.03673595 0.06362897 -0.03673595 0 0.07347196 0 0.07347196 0.06362897 -0.03673595 0.06362897 0.03673595 0 -0.07347196 0 0.07347196 -0.06362897 0.03673595 0 -0.07347196 -0.06362897 0.03673595 -0.06362897 -0.03673595 0.06362897 -0.03673595 0.06362897 0.03673595 0 0.07347196 -0.02645796 -0.09994798 0 -0.074961 -0.02645796 -0.074961 -0.02645796 -0.124935 0 -0.09994798 -0.02645796 -0.09994798 -0.02645796 -0.149922 0 -0.124935 -0.02645796 -0.124935 -0.02645796 0.124935 0 0.149922 -0.02645796 0.149922 -0.02645796 0.09994798 0 0.124935 -0.02645796 0.124935 -0.02645796 -0.124935 0 -0.09994798 -0.02645796 -0.09994798 -0.02645796 0.04997396 0 0.074961 -0.02645796 0.074961 -0.02645796 -0.02498698 0 0 -0.02645796 0 0.07347196 0.052917 0 0 0.07347196 0 0.07347196 0.052917 0 0 0.07347196 0 -0.02645796 0 0 0.02498698 -0.02645796 0.02498698 0.07347196 0.052917 0 0 0.07347196 0 -0.02386099 0.04132795 0.04772198 0 0.04132795 0.02386099 -0.04132795 0.02386099 0.04132795 -0.02386099 0.04772198 0 -0.04132795 -0.02386099 0.04132795 -0.02386099 -0.04772198 0 -0.02386099 0.04132795 0.04132795 0.02386099 0.02386099 0.04132795 -0.02386099 0.04132795 0.02386099 0.04132795 0 0.04772198 0.02386099 -0.04132795 -0.04132795 -0.02386099 -0.02386099 -0.04132795 0.02386099 -0.04132795 -0.02386099 -0.04132795 0 -0.04772198 -0.02386099 0.04132795 0.04772198 0 0.04132795 0.02386099 0.04132795 -0.02386099 -0.04132795 0.02386099 -0.04772198 0 -0.04132795 -0.02386099 0.04132795 -0.02386099 -0.04772198 0 -0.02386099 0.04132795 0.04132795 0.02386099 0.02386099 0.04132795 -0.02386099 0.04132795 0.02386099 0.04132795 0 0.04772198 0.02386099 -0.04132795 -0.04132795 -0.02386099 -0.02386099 -0.04132795 0.02386099 -0.04132795 -0.02386099 -0.04132795 0 -0.04772198 -0.02645796 -0.04997396 0 -0.02498698 -0.02645796 -0.02498698 0.02645796 -0.02498698 0 -0.04997396 0.02645796 -0.04997396 -0.02645796 0.02498698 0 0.04997396 -0.02645796 0.04997396 -0.02645796 -0.074961 0 -0.04997396 -0.02645796 -0.04997396 -0.06362897 -0.03673595 0 -0.07347196 -0.06362897 0.03673595 -0.04132795 0.02386099 0.04132795 -0.02386099 0.04772198 0 0 0.07347196 0.06362897 -0.03673595 0.06362897 0.03673595 0 0.07347196 0 -0.07347196 0.06362897 -0.03673595 0 -0.07347196 -0.06362897 0.03673595 -0.06362897 -0.03673595 0.06362897 -0.03673595 0.06362897 0.03673595 0 0.07347196 -0.02645796 -0.09994798 0 -0.074961 -0.02645796 -0.074961 -0.02645796 -0.124935 0 -0.09994798 -0.02645796 -0.09994798 -0.02645796 -0.149922 0 -0.124935 -0.02645796 -0.124935 -0.02645796 0.124935 0 0.149922 -0.02645796 0.149922 -0.02645796 0.09994798 0 0.124935 -0.02645796 0.124935 -0.02645796 0.074961 0 0.09994798 -0.02645796 0.09994798 -0.02645796 0.04997396 0 0.074961 -0.02645796 0.074961 -0.02645796 -0.02498698 0 0 -0.02645796 0 0.07347196 0.052917 0 0 0.07347196 0 0.07347196 0.052917 0 0 0.07347196 0 -0.02645796 0 0 0.02498698 -0.02645796 0.02498698 0.04132795 0.02386099 -0.04132795 0.02386099 0.04772198 0 0.04132795 -0.02386099 -0.04132795 0.02386099 -0.04772198 0 0.04132795 0.02386099 -0.04132795 0.02386099 0.04772198 0 -0.02386099 0.04132795 0.04132795 0.02386099 0.02386099 0.04132795 -0.02386099 0.04132795 0.02386099 0.04132795 0 0.04772198 0.02386099 -0.04132795 -0.04132795 -0.02386099 -0.02386099 -0.04132795 0.02386099 -0.04132795 -0.02386099 -0.04132795 0 -0.04772198 0.04132795 0.02386099 -0.04132795 0.02386099 0.04772198 0 0.04132795 -0.02386099 -0.04132795 0.02386099 -0.04772198 0 -0.04132795 -0.02386099 0.04132795 -0.02386099 -0.04772198 0 -0.02386099 0.04132795 0.04132795 0.02386099 0.02386099 0.04132795 -0.02386099 0.04132795 0.02386099 0.04132795 0 0.04772198 0.02386099 -0.04132795 -0.04132795 -0.02386099 -0.02386099 -0.04132795 0.02386099 -0.04132795 -0.02386099 -0.04132795 0 -0.04772198 -0.02645796 -0.04997396 0 -0.02498698 -0.02645796 -0.02498698 0.07347196 0 0 0.052917 0 0 0.02645796 0.074961 0 0.04997396 0.02645796 0.04997396 0.07347196 0 0 0.052917 0 0 0.07347196 0.052917 0 0 0.07347196 0 -0.06362897 -0.03673595 0 -0.07347196 -0.06362897 0.03673595 0 -0.07347196 0 0.07347196 -0.06362897 0.03673595 0 0.07347196 0.06362897 -0.03673595 0.06362897 0.03673595 0 -0.07347196 0 0.07347196 -0.06362897 0.03673595 0 -0.07347196 -0.06362897 0.03673595 -0.06362897 -0.03673595 0.06362897 -0.03673595 0.06362897 0.03673595 0 0.07347196 -0.02645796 -0.09994798 0 -0.074961 -0.02645796 -0.074961 -0.02645796 0.02498698 0 0 0 0.02498698 -0.02645796 0.04997396 0 0.074961 -0.02645796 0.074961 0.02645796 0.02498698 0 0 0.02645796 0 -0.02645796 0.09994798 0 0.124935 -0.02645796 0.124935 -0.02645796 0.074961 0 0.09994798 -0.02645796 0.09994798 0 0 -0.07347196 0.052917 -0.07347196 0 0.02645796 0.04997396 0 0.02498698 0.02645796 0.02498698 0 0.052917 -0.07347196 0 0 0 0.02645796 0 0 -0.02498698 0.02645796 -0.02498698 0.02645796 -0.02498698 0 -0.04997396 0.02645796 -0.04997396 0.02386099 -0.04132795 -0.04772198 0 -0.04132795 -0.02386099 -0.04772198 0 0.04772198 0 -0.04132795 0.02386099 0.04132795 0.02386099 -0.04132795 0.02386099 0.04772198 0 -0.02386099 0.04132795 0.04132795 0.02386099 0.02386099 0.04132795 -0.02386099 0.04132795 0.02386099 0.04132795 0 0.04772198 0.02386099 -0.04132795 -0.04132795 -0.02386099 -0.02386099 -0.04132795 0.02386099 -0.04132795 -0.02386099 -0.04132795 0 -0.04772198 0.02386099 -0.04132795 -0.04772198 0 -0.04132795 -0.02386099 -0.04772198 0 0.04772198 0 -0.04132795 0.02386099 -0.02386099 0.04132795 0.04772198 0 0.04132795 0.02386099 -0.02386099 0.04132795 0.04132795 0.02386099 0.02386099 0.04132795 -0.02386099 0.04132795 0.02386099 0.04132795 0 0.04772198 0.02386099 -0.04132795 -0.04132795 -0.02386099 -0.02386099 -0.04132795 0.02386099 -0.04132795 -0.02386099 -0.04132795 0 -0.04772198 0 0.052917 -0.07347196 0 0 0 0.02645796 0.074961 0 0.04997396 0.02645796 0.04997396 0 0 -0.07347196 0.052917 -0.07347196 0 0 0.052917 -0.07347196 0 0 0 0 0 -0.07347196 0.052917 -0.07347196 0 0 -0.07347196 0 0.07347196 -0.06362897 0.03673595 0 -0.07347196 -0.06362897 0.03673595 -0.06362897 -0.03673595 0.06362897 -0.03673595 0.06362897 0.03673595 0 0.07347196 -0.06362897 -0.03673595 0 -0.07347196 -0.06362897 0.03673595 0 0.07347196 0 -0.07347196 0.06362897 -0.03673595 0 0.07347196 0.06362897 -0.03673595 0.06362897 0.03673595 0.02645796 0.09994798 0 0.074961 0.02645796 0.074961 0.02645796 0.124935 0 0.09994798 0.02645796 0.09994798 0.02645796 0.149922 0 0.124935 0.02645796 0.124935 0.02645796 -0.124935 0 -0.149922 0.02645796 -0.149922 0.02645796 -0.09994798 0 -0.124935 0.02645796 -0.124935 0.02645796 -0.074961 0 -0.09994798 0.02645796 -0.09994798 0.02645796 -0.04997396 0 -0.074961 0.02645796 -0.074961 0 0.052917 -0.07347196 0 0 0 0 0.052917 -0.07347196 0 0 0 0 0.052917 -0.07347196 0 0 0 0 0.052917 -0.07347196 0 0 0 0.04132795 0.02386099 -0.04132795 0.02386099 0.04772198 0 -0.04132795 0.02386099 0.04132795 -0.02386099 0.04772198 0 0.04132795 0.02386099 -0.04132795 0.02386099 0.04772198 0 0.02386099 -0.04132795 -0.04132795 -0.02386099 -0.02386099 -0.04132795 0.02386099 -0.04132795 -0.02386099 -0.04132795 0 -0.04772198 -0.02386099 0.04132795 0.04132795 0.02386099 0.02386099 0.04132795 -0.02386099 0.04132795 0.02386099 0.04132795 0 0.04772198 0.04132795 0.02386099 -0.04132795 0.02386099 0.04772198 0 0.04132795 -0.02386099 -0.04132795 0.02386099 -0.04772198 0 0.04132795 0.02386099 -0.04132795 0.02386099 0.04772198 0 0.02386099 -0.04132795 -0.04132795 -0.02386099 -0.02386099 -0.04132795 0.02386099 -0.04132795 -0.02386099 -0.04132795 0 -0.04772198 -0.02386099 0.04132795 0.04132795 0.02386099 0.02386099 0.04132795 -0.02386099 0.04132795 0.02386099 0.04132795 0 0.04772198 0 0.052917 -0.07347196 0 0 0 0.02645796 0.074961 0 0.04997396 0.02645796 0.04997396 0.02645796 0 0 -0.02498698 0.02645796 -0.02498698 0.02645796 0.04997396 0 0.02498698 0.02645796 0.02498698 0 -0.07347196 0 0.07347196 -0.06362897 0.03673595 0 -0.07347196 -0.06362897 0.03673595 -0.06362897 -0.03673595 0.06362897 -0.03673595 0.06362897 0.03673595 0 0.07347196 -0.06362897 -0.03673595 0 -0.07347196 -0.06362897 0.03673595 0 0.07347196 0 -0.07347196 0.06362897 -0.03673595 0 0.07347196 0.06362897 -0.03673595 0.06362897 0.03673595 0.02645796 0.09994798 0 0.074961 0.02645796 0.074961 0.02645796 0.124935 0 0.09994798 0.02645796 0.09994798 0.02645796 0.149922 0 0.124935 0.02645796 0.124935 0.02645796 -0.124935 0 -0.149922 0.02645796 -0.149922 0.02645796 -0.09994798 0 -0.124935 0.02645796 -0.124935 0 0.052917 -0.07347196 0 0 0 0.02645796 -0.04997396 0 -0.074961 0.02645796 -0.074961 0 0.052917 -0.07347196 0 0 0 0 0.052917 -0.07347196 0 0 0 0 0.052917 -0.07347196 0 0 0 0 0.052917 -0.07347196 0 0 0 0.02386099 -0.04132795 -0.04772198 0 -0.04132795 -0.02386099 0.04132795 -0.02386099 -0.04132795 0.02386099 -0.04772198 0 0.04132795 0.02386099 -0.04132795 0.02386099 0.04772198 0 0.02386099 -0.04132795 -0.04132795 -0.02386099 -0.02386099 -0.04132795 0.02386099 -0.04132795 -0.02386099 -0.04132795 0 -0.04772198 -0.02386099 0.04132795 0.04132795 0.02386099 0.02386099 0.04132795 -0.02386099 0.04132795 0.02386099 0.04132795 0 0.04772198 -0.04132795 0.02386099 0.04132795 -0.02386099 0.04772198 0 0.04132795 0.02386099 -0.04132795 0.02386099 0.04772198 0 0.02386099 -0.04132795 -0.04132795 -0.02386099 -0.02386099 -0.04132795 0.02386099 -0.04132795 -0.02386099 -0.04132795 0 -0.04772198 -0.02386099 0.04132795 0.04132795 0.02386099 0.02386099 0.04132795 -0.02386099 0.04132795 0.02386099 0.04132795 0 0.04772198 0 0.052917 -0.07347196 0 0 0 -0.06362897 0.03673595 0.06362897 -0.03673595 0 0.07347196 0.02645796 -0.02498698 0 -0.04997396 0.02645796 -0.04997396 0 -0.07347196 -0.06362897 0.03673595 -0.06362897 -0.03673595 0.06362897 -0.03673595 0.06362897 0.03673595 0 0.07347196 -0.06362897 -0.03673595 0 -0.07347196 -0.06362897 0.03673595 0 0.07347196 0 -0.07347196 0.06362897 -0.03673595 0 0.07347196 0.06362897 -0.03673595 0.06362897 0.03673595 0.02645796 0.074961 0 0.04997396 0.02645796 0.04997396 0 0.052917 -0.07347196 0 0 0 0.02645796 0.02498698 0 0 0.02645796 0 0.02645796 0.04997396 0 0.02498698 0.02645796 0.02498698 0 0.052917 -0.07347196 0 0 0 0.02645796 -0.09994798 0 -0.124935 0.02645796 -0.124935 0.02645796 -0.02498698 0 -0.04997396 0.02645796 -0.04997396 -0.02386099 0.04132795 0.04772198 0 0.04132795 0.02386099 0.04772198 0 -0.04772198 0 0.04132795 -0.02386099 -0.02386099 0.04132795 0.04772198 0 0.04132795 0.02386099 0.02386099 -0.04132795 -0.04772198 0 -0.04132795 -0.02386099 -0.04772198 0 0.04772198 0 -0.04132795 0.02386099 -0.04132795 -0.02386099 0.04132795 -0.02386099 -0.04772198 0 0 0 -0.07347196 0.052917 -0.07347196 0 0.02645796 0.074961 0 0.04997396 0.02645796 0.04997396 0 0 -0.07347196 0.052917 -0.07347196 0 -0.02645796 0.124935 0 0.149922 -0.02645796 0.149922 0.06362897 -0.03673595 -0.06362897 0.03673595 0 -0.07347196 0 -0.07347196 -0.06362897 0.03673595 -0.06362897 -0.03673595 0.06362897 -0.03673595 0.06362897 0.03673595 0 0.07347196 -0.06362897 -0.03673595 0 -0.07347196 -0.06362897 0.03673595 0 0.07347196 0 -0.07347196 0.06362897 -0.03673595 0 0.07347196 0.06362897 -0.03673595 0.06362897 0.03673595 -0.02645796 -0.04997396 0 -0.02498698 -0.02645796 -0.02498698 0.02645796 0.124935 0 0.09994798 0.02645796 0.09994798 0.02645796 0.149922 0 0.124935 0.02645796 0.124935 0.02645796 -0.124935 0 -0.149922 0.02645796 -0.149922 0.02645796 -0.09994798 0 -0.124935 0.02645796 -0.124935 0.02645796 -0.04997396 0 -0.074961 0.02645796 -0.074961 0 0.052917 -0.07347196 0 0 0 0.02645796 0.074961 0 0.04997396 0.02645796 0.04997396 0.02645796 0 0 -0.02498698 0.02645796 -0.02498698 0 0.052917 -0.07347196 0 0 0 -0.04132795 -0.02386099 0.04132795 -0.02386099 -0.04772198 0 0.04132795 -0.02386099 -0.04132795 0.02386099 -0.04772198 0 0.04132795 0.02386099 -0.04132795 0.02386099 0.04772198 0 0.02386099 -0.04132795 -0.04132795 -0.02386099 -0.02386099 -0.04132795 0.02386099 -0.04132795 -0.02386099 -0.04132795 0 -0.04772198 -0.02386099 0.04132795 0.04132795 0.02386099 0.02386099 0.04132795 -0.02386099 0.04132795 0.02386099 0.04132795 0 0.04772198 -0.04132795 -0.02386099 0.04132795 -0.02386099 -0.04772198 0 -0.04132795 0.02386099 0.04132795 -0.02386099 0.04772198 0 -0.02386099 0.04132795 0.04772198 0 0.04132795 0.02386099 0.02386099 -0.04132795 -0.04132795 -0.02386099 -0.02386099 -0.04132795 0.02386099 -0.04132795 -0.02386099 -0.04132795 0 -0.04772198 -0.02386099 0.04132795 0.04132795 0.02386099 0.02386099 0.04132795 -0.02386099 0.04132795 0.02386099 0.04132795 0 0.04772198 0 0.052917 -0.07347196 0 0 0 0.02645796 0.074961 0 0.04997396 0.02645796 0.04997396 0 0 -0.07347196 0.052917 -0.07347196 0 0 0 -0.07347196 0.052917 -0.07347196 0 0.02645796 0.04997396 0 0.02498698 0.02645796 0.02498698 0.06362897 -0.03673595 -0.06362897 0.03673595 0 -0.07347196 0 0.07347196 0 -0.07347196 0.06362897 -0.03673595 0 -0.07347196 -0.06362897 0.03673595 -0.06362897 -0.03673595 0.06362897 -0.03673595 0.06362897 0.03673595 0 0.07347196 -0.06362897 -0.03673595 0 -0.07347196 -0.06362897 0.03673595 -0.06362897 0.03673595 0.06362897 -0.03673595 0 0.07347196 0 0.07347196 0.06362897 -0.03673595 0.06362897 0.03673595 0.02645796 0.09994798 0 0.074961 0.02645796 0.074961 -0.02645796 -0.02498698 0 0 -0.02645796 0 0.02645796 0.149922 0 0.124935 0.02645796 0.124935 0.02645796 -0.124935 0 -0.149922 0.02645796 -0.149922 0.02645796 -0.09994798 0 -0.124935 0.02645796 -0.124935 0.02645796 -0.074961 0 -0.09994798 0.02645796 -0.09994798 0.02645796 -0.04997396 0 -0.074961 0.02645796 -0.074961 0 0.052917 -0.07347196 0 0 0 0 0.052917 -0.07347196 0 0 0 0 0.052917 -0.07347196 0 0 0 0 0.052917 -0.07347196 0 0 0 0 0.052917 -0.07347196 0 0 0 -0.04132795 -0.02386099 0.04132795 -0.02386099 -0.04772198 0 -0.04132795 0.02386099 0.04132795 -0.02386099 0.04772198 0 0.04132795 0.02386099 -0.04132795 0.02386099 0.04772198 0 0.02386099 -0.04132795 -0.04132795 -0.02386099 -0.02386099 -0.04132795 0.02386099 -0.04132795 -0.02386099 -0.04132795 0 -0.04772198 -0.02386099 0.04132795 0.04132795 0.02386099 0.02386099 0.04132795 -0.02386099 0.04132795 0.02386099 0.04132795 0 0.04772198 0.04132795 0.02386099 -0.04132795 0.02386099 0.04772198 0 -0.04132795 0.02386099 0.04132795 -0.02386099 0.04772198 0 0.04132795 0.02386099 -0.04132795 0.02386099 0.04772198 0 0.02386099 -0.04132795 -0.04132795 -0.02386099 -0.02386099 -0.04132795 0.02386099 -0.04132795 -0.02386099 -0.04132795 0 -0.04772198 -0.02386099 0.04132795 0.04132795 0.02386099 0.02386099 0.04132795 -0.02386099 0.04132795 0.02386099 0.04132795 0 0.04772198 0 0.052917 -0.07347196 0 0 0 0.02645796 -0.124935 0 -0.149922 0.02645796 -0.149922 0.02645796 0 0 -0.02498698 0.02645796 -0.02498698 0.02645796 0.02498698 0 0 0.02645796 0 0.02645796 0.04997396 0 0.02498698 0.02645796 0.02498698 0.02645796 -0.02498698 0 -0.04997396 0.02645796 -0.04997396 0 -0.07347196 0 0.07347196 -0.06362897 0.03673595 0 -0.07347196 -0.06362897 0.03673595 -0.06362897 -0.03673595 0.06362897 -0.03673595 0.06362897 0.03673595 0 0.07347196 -0.06362897 -0.03673595 0 -0.07347196 -0.06362897 0.03673595 0.02645796 -0.02498698 0 -0.04997396 0.02645796 -0.04997396 0 0.07347196 0.06362897 -0.03673595 0.06362897 0.03673595 0.02645796 0.09994798 0 0.074961 0.02645796 0.074961 0.02645796 0.124935 0 0.09994798 0.02645796 0.09994798 0.02645796 0.149922 0 0.124935 0.02645796 0.124935 0.02645796 -0.149922 0 -0.124935 0 -0.149922 0 0.052917 -0.07347196 0 0 0 0.02645796 -0.074961 0 -0.09994798 0.02645796 -0.09994798 0.02645796 -0.04997396 0 -0.074961 0.02645796 -0.074961 0 0.052917 -0.07347196 0 0 0 0 0.052917 -0.07347196 0 0 0 0 0.052917 -0.07347196 0 0 0 0 0.052917 -0.07347196 0 0 0 0.02386099 -0.04132795 -0.04772198 0 -0.04132795 -0.02386099 0.04772198 0 -0.04772198 0 0.04132795 -0.02386099 0.02386099 -0.04132795 -0.04772198 0 -0.04132795 -0.02386099 0.02386099 -0.04132795 -0.04132795 -0.02386099 -0.02386099 -0.04132795 0.02386099 -0.04132795 -0.02386099 -0.04132795 0 -0.04772198 -0.02386099 0.04132795 0.04132795 0.02386099 0.02386099 0.04132795 -0.02386099 0.04132795 0.02386099 0.04132795 0 0.04772198 0.02386099 -0.04132795 -0.04772198 0 -0.04132795 -0.02386099 0.04772198 0 -0.04772198 0 0.04132795 -0.02386099 -0.02386099 0.04132795 0.04772198 0 0.04132795 0.02386099 0.02386099 -0.04132795 -0.04132795 -0.02386099 -0.02386099 -0.04132795 0.02386099 -0.04132795 -0.02386099 -0.04132795 0 -0.04772198 -0.02386099 0.04132795 0.04132795 0.02386099 0.02386099 0.04132795 -0.02386099 0.04132795 0.02386099 0.04132795 0 0.04772198 0 0.052917 -0.07347196 0 0 0 0.02645796 0.124935 0 0.09994798 0.02645796 0.09994798 -0.02645796 -0.09994798 0 -0.074961 -0.02645796 -0.074961 0.02645796 0.074961 0 0.04997396 0.02645796 0.04997396 0.07347196 0.052917 0 0 0.07347196 0 0.02645796 -0.02498698 0 -0.04997396 0.02645796 -0.04997396 0 0.07347196 0 -0.07347196 0.06362897 -0.03673595 0 -0.07347196 -0.06362897 0.03673595 -0.06362897 -0.03673595 0.06362897 -0.03673595 0.06362897 0.03673595 0 0.07347196 -0.06362897 -0.03673595 0 -0.07347196 -0.06362897 0.03673595 -0.06362897 0.03673595 0.06362897 -0.03673595 0 0.07347196 0 0.07347196 0.06362897 -0.03673595 0.06362897 0.03673595 0.02645796 -0.09994798 0 -0.124935 0.02645796 -0.124935 0.02645796 0.124935 0 0.09994798 0.02645796 0.09994798 0.02645796 0.149922 0 0.124935 0.02645796 0.124935 0.02645796 -0.124935 0 -0.149922 0.02645796 -0.149922 0.02645796 0.04997396 0 0.02498698 0.02645796 0.02498698 0.02645796 -0.074961 0 -0.09994798 0.02645796 -0.09994798 0.02645796 -0.04997396 0 -0.074961 0.02645796 -0.074961 0.02645796 0.02498698 0 0 0.02645796 0 0 0 -0.07347196 0.052917 -0.07347196 0 0.02645796 0.074961 0 0.04997396 0.02645796 0.04997396 0.02645796 0 0 -0.02498698 0.02645796 -0.02498698 0 0.052917 -0.07347196 0 0 0 0.04132795 0.02386099 -0.04132795 0.02386099 0.04772198 0 0.04132795 -0.02386099 -0.04132795 0.02386099 -0.04772198 0 0.02386099 -0.04132795 -0.04772198 0 -0.04132795 -0.02386099 0.02386099 -0.04132795 -0.04132795 -0.02386099 -0.02386099 -0.04132795 0.02386099 -0.04132795 -0.02386099 -0.04132795 0 -0.04772198 -0.02386099 0.04132795 0.04132795 0.02386099 0.02386099 0.04132795 -0.02386099 0.04132795 0.02386099 0.04132795 0 0.04772198 -0.04132795 -0.02386099 0.04132795 -0.02386099 -0.04772198 0 -0.04132795 0.02386099 0.04132795 -0.02386099 0.04772198 0 -0.04132795 -0.02386099 0.04132795 -0.02386099 -0.04772198 0 0.02386099 -0.04132795 -0.04132795 -0.02386099 -0.02386099 -0.04132795 0.02386099 -0.04132795 -0.02386099 -0.04132795 0 -0.04772198 -0.02386099 0.04132795 0.04132795 0.02386099 0.02386099 0.04132795 -0.02386099 0.04132795 0.02386099 0.04132795 0 0.04772198 0 0 -0.07347196 0.052917 -0.07347196 0 0 0.052917 -0.07347196 0 0 0 0 0 -0.07347196 0.052917 -0.07347196 0 0 0.052917 -0.07347196 0 0 0 0.02645796 -0.04997396 0 -0.02498698 0 -0.04997396 0 0.07347196 0 -0.07347196 0.06362897 -0.03673595 0 -0.07347196 -0.06362897 0.03673595 -0.06362897 -0.03673595 0.06362897 -0.03673595 0.06362897 0.03673595 0 0.07347196 -0.06362897 -0.03673595 0 -0.07347196 -0.06362897 0.03673595 0 0.07347196 0 -0.07347196 0.06362897 -0.03673595 0 0.07347196 0.06362897 -0.03673595 0.06362897 0.03673595 0.02645796 0.09994798 0 0.074961 0.02645796 0.074961 0.02645796 0.124935 0 0.09994798 0.02645796 0.09994798 0.02645796 0.149922 0 0.124935 0.02645796 0.124935 0.02645796 -0.124935 0 -0.149922 0.02645796 -0.149922 0.02645796 -0.09994798 0 -0.124935 0.02645796 -0.124935 0.02645796 -0.074961 0 -0.09994798 0.02645796 -0.09994798 0.02645796 -0.04997396 0 -0.074961 0.02645796 -0.074961 0 0.052917 -0.07347196 0 0 0 0 0.052917 -0.07347196 0 0 0 0 0.052917 -0.07347196 0 0 0 0 0.052917 -0.07347196 0 0 0 0 0.052917 -0.07347196 0 0 0 -0.04132795 -0.02386099 0.04132795 -0.02386099 -0.04772198 0 -0.04132795 0.02386099 0.04132795 -0.02386099 0.04772198 0 0.04132795 0.02386099 -0.04132795 0.02386099 0.04772198 0 0.02386099 -0.04132795 -0.04132795 -0.02386099 -0.02386099 -0.04132795 0.02386099 -0.04132795 -0.02386099 -0.04132795 0 -0.04772198 -0.02386099 0.04132795 0.04132795 0.02386099 0.02386099 0.04132795 -0.02386099 0.04132795 0.02386099 0.04132795 0 0.04772198 -0.04132795 -0.02386099 0.04132795 -0.02386099 -0.04772198 0 -0.04132795 0.02386099 0.04132795 -0.02386099 0.04772198 0 0.04132795 0.02386099 -0.04132795 0.02386099 0.04772198 0 0.02386099 -0.04132795 -0.04132795 -0.02386099 -0.02386099 -0.04132795 0.02386099 -0.04132795 -0.02386099 -0.04132795 0 -0.04772198 -0.02386099 0.04132795 0.04132795 0.02386099 0.02386099 0.04132795 -0.02386099 0.04132795 0.02386099 0.04132795 0 0.04772198 0 0.052917 -0.07347196 0 0 0 0.02645796 0.074961 0 0.04997396 0.02645796 0.04997396 0.02645796 -0.02498698 0 0 0 -0.02498698 0.02645796 0 0 0.02498698 0 0 0.02645796 0.04997396 0 0.02498698 0.02645796 0.02498698 0.02645796 -0.02498698 0 -0.04997396 0.02645796 -0.04997396 0 0.07347196 0 -0.07347196 0.06362897 -0.03673595 0 -0.07347196 -0.06362897 0.03673595 -0.06362897 -0.03673595 0.06362897 -0.03673595 0.06362897 0.03673595 0 0.07347196 -0.06362897 -0.03673595 0 -0.07347196 -0.06362897 0.03673595 0 0.07347196 0 -0.07347196 0.06362897 -0.03673595 0 0.07347196 0.06362897 -0.03673595 0.06362897 0.03673595 0.02645796 0.09994798 0 0.074961 0.02645796 0.074961 0.02645796 0.124935 0 0.09994798 0.02645796 0.09994798 0.02645796 -0.04997396 0 -0.074961 0.02645796 -0.074961 0.02645796 0.02498698 0 0 0.02645796 0 0.02645796 -0.074961 0 -0.09994798 0.02645796 -0.09994798 0 0.052917 -0.07347196 0 0 0 0.02645796 0.124935 0 0.09994798 0.02645796 0.09994798 0.02645796 0.04997396 0 0.02498698 0.02645796 0.02498698 0 0.052917 -0.07347196 0 0 0 0.02645796 0 0 -0.02498698 0.02645796 -0.02498698 0.02645796 -0.02498698 0 -0.04997396 0.02645796 -0.04997396 -0.02386099 0.04132795 0.04772198 0 0.04132795 0.02386099 0.04772198 0 -0.04772198 0 0.04132795 -0.02386099 0.04132795 0.02386099 -0.04132795 0.02386099 0.04772198 0 0.02386099 -0.04132795 -0.04132795 -0.02386099 -0.02386099 -0.04132795 0.02386099 -0.04132795 -0.02386099 -0.04132795 0 -0.04772198 -0.02386099 0.04132795 0.04132795 0.02386099 0.02386099 0.04132795 -0.02386099 0.04132795 0.02386099 0.04132795 0 0.04772198 -0.04132795 -0.02386099 0.04132795 -0.02386099 -0.04772198 0 0.04772198 0 -0.04772198 0 0.04132795 -0.02386099 -0.02386099 0.04132795 0.04772198 0 0.04132795 0.02386099 0.02386099 -0.04132795 -0.04132795 -0.02386099 -0.02386099 -0.04132795 0.02386099 -0.04132795 -0.02386099 -0.04132795 0 -0.04772198 -0.02386099 0.04132795 0.04132795 0.02386099 0.02386099 0.04132795 -0.02386099 0.04132795 0.02386099 0.04132795 0 0.04772198 0 0.052917 -0.07347196 0 0 0 0.02645796 0.074961 0 0.04997396 0.02645796 0.04997396 0 0.052917 -0.07347196 0 0 0 0 0 -0.07347196 0.052917 -0.07347196 0 0 0 -0.07347196 0.052917 -0.07347196 0 0 0.07347196 0 -0.07347196 0.06362897 -0.03673595 0 -0.07347196 -0.06362897 0.03673595 -0.06362897 -0.03673595 0.06362897 -0.03673595 0.06362897 0.03673595 0 0.07347196 -0.06362897 -0.03673595 0 -0.07347196 -0.06362897 0.03673595 0 -0.07347196 0 0.07347196 -0.06362897 0.03673595 0 0.07347196 0.06362897 -0.03673595 0.06362897 0.03673595 0.02645796 0.09994798 0 0.074961 0.02645796 0.074961 0.02645796 0.124935 0 0.09994798 0.02645796 0.09994798 0.02645796 0.149922 0 0.124935 0.02645796 0.124935 0.02645796 -0.124935 0 -0.149922 0.02645796 -0.149922 0.02645796 -0.09994798 0 -0.124935 0.02645796 -0.124935 0.02645796 -0.04997396 0 -0.074961 0.02645796 -0.074961 0 0.052917 -0.07347196 0 0 0 0 0.052917 -0.07347196 0 0 0 0 0.052917 -0.07347196 0 0 0 0 0.052917 -0.07347196 0 0 0 0 0.052917 -0.07347196 0 0 0 -0.04132795 -0.02386099 0.04132795 -0.02386099 -0.04772198 0 0.02386099 -0.04132795 -0.04132795 -0.02386099 -0.02386099 -0.04132795 0.02386099 -0.04132795 -0.02386099 -0.04132795 0 -0.04772198 -0.02386099 0.04132795 0.04132795 0.02386099 0.02386099 0.04132795 -0.02386099 0.04132795 0.02386099 0.04132795 0 0.04772198 0.02386099 -0.04132795 -0.04772198 0 -0.04132795 -0.02386099 0.04132795 0.02386099 -0.04132795 0.02386099 0.04772198 0 0.02386099 -0.04132795 -0.04132795 -0.02386099 -0.02386099 -0.04132795 0.02386099 -0.04132795 -0.02386099 -0.04132795 0 -0.04772198 -0.02386099 0.04132795 0.04132795 0.02386099 0.02386099 0.04132795 -0.02386099 0.04132795 0.02386099 0.04132795 0 0.04772198 0 0.052917 -0.07347196 0 0 0 0.02645796 0.074961 0 0.04997396 0.02645796 0.04997396 0.02645796 0 0 -0.02498698 0.02645796 -0.02498698 0.02645796 -0.074961 0 -0.09994798 0.02645796 -0.09994798 0.02645796 0.04997396 0 0.02498698 0.02645796 0.02498698 0.07347196 0.052917 0 0 0.07347196 0 -0.06362897 0.03673595 0.06362897 -0.03673595 0 0.07347196 0 -0.07347196 -0.06362897 0.03673595 -0.06362897 -0.03673595 0.06362897 -0.03673595 0.06362897 0.03673595 0 0.07347196 -0.06362897 -0.03673595 0 -0.07347196 -0.06362897 0.03673595 0 0.07347196 0 -0.07347196 0.06362897 -0.03673595 0 0.07347196 0.06362897 -0.03673595 0.06362897 0.03673595 0.02645796 0.09994798 0 0.074961 0.02645796 0.074961 0.02645796 0.124935 0 0.09994798 0.02645796 0.09994798 0.02645796 -0.124935 0 -0.149922 0.02645796 -0.149922 0.02645796 -0.09994798 0 -0.124935 0.02645796 -0.124935 0 0 -0.07347196 0.052917 -0.07347196 0 0.02645796 -0.04997396 0 -0.074961 0.02645796 -0.074961 0 0.052917 -0.07347196 0 0 0 0 0.052917 -0.07347196 0 0 0 0 0.052917 -0.07347196 0 0 0 0 0.052917 -0.07347196 0 0 0 0 0.052917 -0.07347196 0 0 0 0.02386099 -0.04132795 -0.04772198 0 -0.04132795 -0.02386099 0.04132795 -0.02386099 -0.04132795 0.02386099 -0.04772198 0 0.02386099 -0.04132795 -0.04772198 0 -0.04132795 -0.02386099 0.02386099 -0.04132795 -0.04132795 -0.02386099 -0.02386099 -0.04132795 0.02386099 -0.04132795 -0.02386099 -0.04132795 0 -0.04772198 -0.02386099 0.04132795 0.04132795 0.02386099 0.02386099 0.04132795 -0.02386099 0.04132795 0.02386099 0.04132795 0 0.04772198 0.02386099 -0.04132795 -0.04772198 0 -0.04132795 -0.02386099 0.04772198 0 -0.04772198 0 0.04132795 -0.02386099 0.04132795 0.02386099 -0.04132795 0.02386099 0.04772198 0 0.02386099 -0.04132795 -0.04132795 -0.02386099 -0.02386099 -0.04132795 0.02386099 -0.04132795 -0.02386099 -0.04132795 0 -0.04772198 -0.02386099 0.04132795 0.04132795 0.02386099 0.02386099 0.04132795 -0.02386099 0.04132795 0.02386099 0.04132795 0 0.04772198 0 0.052917 -0.07347196 0 0 0 0.02645796 0.074961 0 0.04997396 0.02645796 0.04997396 -0.06362897 0.03673595 0.06362897 -0.03673595 0 0.07347196 0.02645796 0.02498698 0 0 0.02645796 0 0.02645796 0.04997396 0 0.02498698 0.02645796 0.02498698 0.02645796 -0.02498698 0 -0.04997396 0.02645796 -0.04997396 0.02645796 0 0 -0.02498698 0.02645796 -0.02498698 0 -0.07347196 -0.06362897 0.03673595 -0.06362897 -0.03673595 0.06362897 -0.03673595 0.06362897 0.03673595 0 0.07347196 -0.06362897 -0.03673595 0 -0.07347196 -0.06362897 0.03673595 0 -0.07347196 0 0.07347196 -0.06362897 0.03673595 0 0.07347196 0.06362897 -0.03673595 0.06362897 0.03673595 0.02645796 0.09994798 0 0.074961 0.02645796 0.074961 0.02645796 -0.074961 0 -0.09994798 0.02645796 -0.09994798 0.02645796 0.149922 0 0.124935 0.02645796 0.124935 0.02645796 -0.124935 0 -0.149922 0.02645796 -0.149922 0.02645796 -0.09994798 0 -0.124935 0.02645796 -0.124935 0.02645796 0.02498698 0 0 0.02645796 0 0 0.052917 -0.07347196 0 0 0 0.02645796 0.02498698 0 0 0.02645796 0 0.02645796 0.04997396 0 0.02498698 0.02645796 0.02498698 0 0.052917 -0.07347196 0 0 0 -0.02645796 0 0 0.02498698 -0.02645796 0.02498698 -0.02645796 -0.04997396 0 -0.02498698 -0.02645796 -0.02498698 0.02386099 -0.04132795 -0.04772198 0 -0.04132795 -0.02386099 0.04772198 0 -0.04772198 0 0.04132795 -0.02386099 0.02386099 -0.04132795 -0.04772198 0 -0.04132795 -0.02386099 0.02386099 -0.04132795 -0.04132795 -0.02386099 -0.02386099 -0.04132795 0.02386099 -0.04132795 -0.02386099 -0.04132795 0 -0.04772198 -0.02386099 0.04132795 0.04132795 0.02386099 0.02386099 0.04132795 -0.02386099 0.04132795 0.02386099 0.04132795 0 0.04772198 0.02386099 -0.04132795 -0.04772198 0 -0.04132795 -0.02386099 0.04772198 0 -0.04772198 0 0.04132795 -0.02386099 -0.02386099 0.04132795 0.04772198 0 0.04132795 0.02386099 0.02386099 -0.04132795 -0.04132795 -0.02386099 -0.02386099 -0.04132795 0.02386099 -0.04132795 -0.02386099 -0.04132795 0 -0.04772198 -0.02386099 0.04132795 0.04132795 0.02386099 0.02386099 0.04132795 -0.02386099 0.04132795 0.02386099 0.04132795 0 0.04772198 0 0.052917 -0.07347196 0 0 0 0.02645796 0 0 -0.02498698 0.02645796 -0.02498698 0 0 -0.07347196 0.052917 -0.07347196 0 0 0.052917 -0.07347196 0 0 0 -0.02645796 0.09994798 0 0.124935 -0.02645796 0.124935 0.06362897 -0.03673595 -0.06362897 0.03673595 0 -0.07347196 0 -0.07347196 -0.06362897 0.03673595 -0.06362897 -0.03673595 0.06362897 -0.03673595 0.06362897 0.03673595 0 0.07347196 -0.06362897 -0.03673595 0 -0.07347196 -0.06362897 0.03673595 0 0.07347196 0 -0.07347196 0.06362897 -0.03673595 0 0.07347196 0.06362897 -0.03673595 0.06362897 0.03673595 0.02645796 0.09994798 0 0.074961 0.02645796 0.074961 0.02645796 0.124935 0 0.09994798 0.02645796 0.09994798 0.02645796 0.149922 0 0.124935 0.02645796 0.124935 0.02645796 -0.124935 0 -0.149922 0.02645796 -0.149922 0.02645796 -0.09994798 0 -0.124935 0.02645796 -0.124935 0.02645796 -0.074961 0 -0.09994798 0.02645796 -0.09994798 0.02645796 -0.04997396 0 -0.074961 0.02645796 -0.074961 0.02645796 0.02498698 0 0 0.02645796 0 0 0.052917 -0.07347196 0 0 0 -0.02645796 -0.074961 0 -0.04997396 -0.02645796 -0.04997396 0.02645796 0 0 -0.02498698 0.02645796 -0.02498698 0 0.052917 -0.07347196 0 0 0 -0.04132795 -0.02386099 0.04132795 -0.02386099 -0.04772198 0 0.04132795 -0.02386099 -0.04132795 0.02386099 -0.04772198 0 0.04132795 0.02386099 -0.04132795 0.02386099 0.04772198 0 0.02386099 -0.04132795 -0.04132795 -0.02386099 -0.02386099 -0.04132795 0.02386099 -0.04132795 -0.02386099 -0.04132795 0 -0.04772198 -0.02386099 0.04132795 0.04132795 0.02386099 0.02386099 0.04132795 -0.02386099 0.04132795 0.02386099 0.04132795 0 0.04772198 -0.04132795 -0.02386099 0.04132795 -0.02386099 -0.04772198 0 0.04132795 -0.02386099 -0.04132795 0.02386099 -0.04772198 0 -0.04132795 -0.02386099 0.04132795 -0.02386099 -0.04772198 0 0.02386099 -0.04132795 -0.04132795 -0.02386099 -0.02386099 -0.04132795 0.02386099 -0.04132795 -0.02386099 -0.04132795 0 -0.04772198 -0.02386099 0.04132795 0.04132795 0.02386099 0.02386099 0.04132795 -0.02386099 0.04132795 0.02386099 0.04132795 0 0.04772198 0 0.052917 -0.07347196 0 0 0 -0.02645796 0.149922 0 0.124935 0 0.149922 0 0.052917 -0.07347196 0 0 0 0 0 -0.07347196 0.052917 -0.07347196 0 -0.02645796 -0.04997396 0 -0.02498698 -0.02645796 -0.02498698 0.07347196 0.052917 0 0 0.07347196 0 0 -0.07347196 0 0.07347196 -0.06362897 0.03673595 0 -0.07347196 -0.06362897 0.03673595 -0.06362897 -0.03673595 0.06362897 -0.03673595 0.06362897 0.03673595 0 0.07347196 -0.06362897 -0.03673595 0 -0.07347196 -0.06362897 0.03673595 -0.06362897 0.03673595 0.06362897 -0.03673595 0 0.07347196 0 0.07347196 0.06362897 -0.03673595 0.06362897 0.03673595 -0.02645796 0 0 0.02498698 -0.02645796 0.02498698 -0.02645796 -0.09994798 0 -0.124935 0 -0.09994798 0.02645796 0.149922 0 0.124935 0.02645796 0.124935 0.02645796 -0.124935 0 -0.149922 0.02645796 -0.149922 0.02645796 -0.09994798 0 -0.124935 0.02645796 -0.124935 0.02645796 -0.074961 0 -0.09994798 0.02645796 -0.09994798 0.02645796 -0.04997396 0 -0.074961 0.02645796 -0.074961 -0.02386099 0.04132795 0.04772198 0 0.04132795 0.02386099 -0.04132795 0.02386099 0.04132795 -0.02386099 0.04772198 0 -0.04132795 -0.02386099 0.04132795 -0.02386099 -0.04772198 0 0.02386099 -0.04132795 -0.04132795 -0.02386099 -0.02386099 -0.04132795 0.02386099 -0.04132795 -0.02386099 -0.04132795 0 -0.04772198 -0.02386099 0.04132795 0.04132795 0.02386099 0.02386099 0.04132795 -0.02386099 0.04132795 0.02386099 0.04132795 0 0.04772198 0.04132795 0.02386099 -0.04132795 0.02386099 0.04772198 0 0.04132795 -0.02386099 -0.04132795 0.02386099 -0.04772198 0 0.04132795 0.02386099 -0.04132795 0.02386099 0.04772198 0 0.02386099 -0.04132795 -0.04132795 -0.02386099 -0.02386099 -0.04132795 0.02386099 -0.04132795 -0.02386099 -0.04132795 0 -0.04772198 -0.02386099 0.04132795 0.04132795 0.02386099 0.02386099 0.04132795 -0.02386099 0.04132795 0.02386099 0.04132795 0 0.04772198 0.02645796 -0.124935 0 -0.149922 0.02645796 -0.149922 0.02645796 0 0 -0.02498698 0.02645796 -0.02498698 0.02645796 0.02498698 0 0 0.02645796 0 0.02645796 0.04997396 0 0.02498698 0.02645796 0.02498698 0.02645796 -0.02498698 0 -0.04997396 0.02645796 -0.04997396 0 -0.07347196 0 0.07347196 -0.06362897 0.03673595 0.02645796 -0.02498698 0 -0.04997396 0.02645796 -0.04997396 0.02645796 0.09994798 0 0.074961 0.02645796 0.074961 0.02645796 0.124935 0 0.09994798 0.02645796 0.09994798 0.02645796 0.149922 0 0.124935 0.02645796 0.124935 0 0.052917 -0.07347196 0 0 0 0.02645796 -0.074961 0 -0.09994798 0.02645796 -0.09994798 0.02645796 -0.04997396 0 -0.074961 0.02645796 -0.074961 0 0.052917 -0.07347196 0 0 0 0 0.052917 -0.07347196 0 0 0 0 0.052917 -0.07347196 0 0 0 0 0.052917 -0.07347196 0 0 0 -0.02386099 0.04132795 0.04772198 0 0.04132795 0.02386099 0.04772198 0 -0.04772198 0 0.04132795 -0.02386099 -0.02386099 0.04132795 0.04772198 0 0.04132795 0.02386099 0.02386099 -0.04132795 -0.04132795 -0.02386099 -0.02386099 -0.04132795 0.02386099 -0.04132795 -0.02386099 -0.04132795 0 -0.04772198 -0.02386099 0.04132795 0.04132795 0.02386099 0.02386099 0.04132795 -0.02386099 0.04132795 0.02386099 0.04132795 0 0.04772198 -0.04772198 0 0.04772198 0 -0.04132795 0.02386099 -0.02386099 0.04132795 0.04772198 0 0.04132795 0.02386099 0.02386099 -0.04132795 -0.04132795 -0.02386099 -0.02386099 -0.04132795 0.02386099 -0.04132795 -0.02386099 -0.04132795 0 -0.04772198 -0.02386099 0.04132795 0.04132795 0.02386099 0.02386099 0.04132795 -0.02386099 0.04132795 0.02386099 0.04132795 0 0.04772198 0.02645796 0.074961 0 0.04997396 0.02645796 0.04997396 0.02645796 0.09994798 0 0.074961 0.02645796 0.074961 0.02645796 0.02498698 0 0 0.02645796 0 0.02645796 0.04997396 0 0.02498698 0.02645796 0.02498698 0.02645796 -0.02498698 0 -0.04997396 0.02645796 -0.04997396 0 -0.07347196 0 0.07347196 -0.06362897 0.03673595 0 -0.07347196 -0.06362897 0.03673595 -0.06362897 -0.03673595 0.06362897 -0.03673595 0.06362897 0.03673595 0 0.07347196 -0.06362897 -0.03673595 0 -0.07347196 -0.06362897 0.03673595 -0.06362897 0.03673595 0.06362897 -0.03673595 0 0.07347196 0 0.07347196 0.06362897 -0.03673595 0.06362897 0.03673595 0.02645796 -0.09994798 0 -0.124935 0.02645796 -0.124935 0.02645796 0.124935 0 0.09994798 0.02645796 0.09994798 0.02645796 0.149922 0 0.124935 0.02645796 0.124935 0.02645796 -0.124935 0 -0.149922 0.02645796 -0.149922 0.02645796 0.04997396 0 0.02498698 0.02645796 0.02498698 0.02645796 -0.074961 0 -0.09994798 0.02645796 -0.09994798 0.02645796 -0.04997396 0 -0.074961 0.02645796 -0.074961 0.02645796 0.02498698 0 0 0.02645796 0 0 0 -0.07347196 0.052917 -0.07347196 0 0.02645796 0.074961 0 0.04997396 0.02645796 0.04997396 0.02645796 0 0 -0.02498698 0.02645796 -0.02498698 0 0.052917 -0.07347196 0 0 0 -0.04132795 -0.02386099 0.04132795 -0.02386099 -0.04772198 0 0.04132795 -0.02386099 -0.04132795 0.02386099 -0.04772198 0 -0.02386099 0.04132795 0.04772198 0 0.04132795 0.02386099 0.02386099 -0.04132795 -0.04132795 -0.02386099 -0.02386099 -0.04132795 0.02386099 -0.04132795 -0.02386099 -0.04132795 0 -0.04772198 -0.02386099 0.04132795 0.04132795 0.02386099 0.02386099 0.04132795 -0.02386099 0.04132795 0.02386099 0.04132795 0 0.04772198 0.04132795 0.02386099 -0.04132795 0.02386099 0.04772198 0 0.04772198 0 -0.04772198 0 0.04132795 -0.02386099 -0.02386099 0.04132795 0.04772198 0 0.04132795 0.02386099 0.02386099 -0.04132795 -0.04132795 -0.02386099 -0.02386099 -0.04132795 0.02386099 -0.04132795 -0.02386099 -0.04132795 0 -0.04772198 -0.02386099 0.04132795 0.04132795 0.02386099 0.02386099 0.04132795 -0.02386099 0.04132795 0.02386099 0.04132795 0 0.04772198 0 0.052917 -0.07347196 0 0 0 0 0.052917 -0.07347196 0 0 0 0.02645796 0.124935 0 0.149922 0 0.124935 0 0 -0.07347196 0.052917 -0.07347196 0 0 0.07347196 0 -0.07347196 0.06362897 -0.03673595 0.02645796 -0.02498698 0 -0.04997396 0.02645796 -0.04997396 0 -0.07347196 0 0.07347196 -0.06362897 0.03673595 0 -0.07347196 -0.06362897 0.03673595 -0.06362897 -0.03673595 0.06362897 -0.03673595 0.06362897 0.03673595 0 0.07347196 -0.06362897 -0.03673595 0 -0.07347196 -0.06362897 0.03673595 0 -0.07347196 0 0.07347196 -0.06362897 0.03673595 0 0.07347196 0.06362897 -0.03673595 0.06362897 0.03673595 0.02645796 0.09994798 0 0.074961 0.02645796 0.074961 0.02645796 0.124935 0 0.09994798 0.02645796 0.09994798 0.02645796 0.149922 0 0.124935 0.02645796 0.124935 0.02645796 -0.124935 0 -0.149922 0.02645796 -0.149922 0.02645796 -0.09994798 0 -0.124935 0.02645796 -0.124935 0.02645796 -0.074961 0 -0.09994798 0.02645796 -0.09994798 0.02645796 -0.04997396 0 -0.074961 0.02645796 -0.074961 0 0.052917 -0.07347196 0 0 0 0 0.052917 -0.07347196 0 0 0 0 0.052917 -0.07347196 0 0 0 0 0.052917 -0.07347196 0 0 0 0 0.052917 -0.07347196 0 0 0 -0.04132795 0.02386099 0.04132795 -0.02386099 0.04772198 0 0.04132795 0.02386099 -0.04132795 0.02386099 0.04772198 0 0.02386099 -0.04132795 -0.04132795 -0.02386099 -0.02386099 -0.04132795 0.02386099 -0.04132795 -0.02386099 -0.04132795 0 -0.04772198 -0.02386099 0.04132795 0.04132795 0.02386099 0.02386099 0.04132795 -0.02386099 0.04132795 0.02386099 0.04132795 0 0.04772198 -0.04132795 -0.02386099 0.04132795 -0.02386099 -0.04772198 0 0.04132795 -0.02386099 -0.04132795 0.02386099 -0.04772198 0 0.04132795 0.02386099 -0.04132795 0.02386099 0.04772198 0 0.02386099 -0.04132795 -0.04132795 -0.02386099 -0.02386099 -0.04132795 0.02386099 -0.04132795 -0.02386099 -0.04132795 0 -0.04772198 -0.02386099 0.04132795 0.04132795 0.02386099 0.02386099 0.04132795 -0.02386099 0.04132795 0.02386099 0.04132795 0 0.04772198 0 0.052917 -0.07347196 0 0 0 0.02645796 0.074961 0 0.04997396 0.02645796 0.04997396 0.02645796 0 0 -0.02498698 0.02645796 -0.02498698 0.02645796 0.02498698 0 0 0.02645796 0 0.02645796 0.04997396 0 0.02498698 0.02645796 0.02498698 0.02645796 -0.02498698 0 -0.04997396 0.02645796 -0.04997396 0 -0.07347196 0 0.07347196 -0.06362897 0.03673595 0 -0.07347196 -0.06362897 0.03673595 -0.06362897 -0.03673595 0.06362897 -0.03673595 0.06362897 0.03673595 0 0.07347196 -0.06362897 -0.03673595 0 -0.07347196 -0.06362897 0.03673595 0 0.07347196 0 -0.07347196 0.06362897 -0.03673595 0 0.07347196 0.06362897 -0.03673595 0.06362897 0.03673595 0.02645796 0.09994798 0 0.074961 0.02645796 0.074961 0.02645796 0.09994798 0 0.124935 0 0.09994798 0.02645796 -0.04997396 0 -0.074961 0.02645796 -0.074961 0.07347196 0.052917 0 0 0.07347196 0 0.02645796 -0.09994798 0 -0.124935 0.02645796 -0.124935 0.02645796 -0.074961 0 -0.09994798 0.02645796 -0.09994798 0.02645796 0 0 -0.02498698 0.02645796 -0.02498698 0.02645796 0.04997396 0 0.02498698 0.02645796 0.02498698 0.02645796 0.09994798 0 0.074961 0.02645796 0.074961 -0.02386099 0.04132795 0.04772198 0 0.04132795 0.02386099 0.04772198 0 -0.04772198 0 0.04132795 -0.02386099 -0.04132795 -0.02386099 0.04132795 -0.02386099 -0.04772198 0 0.02386099 -0.04132795 -0.04132795 -0.02386099 -0.02386099 -0.04132795 0.02386099 -0.04132795 -0.02386099 -0.04132795 0 -0.04772198 -0.02386099 0.04132795 0.04132795 0.02386099 0.02386099 0.04132795 -0.02386099 0.04132795 0.02386099 0.04132795 0 0.04772198 -0.04132795 -0.02386099 0.04132795 -0.02386099 -0.04772198 0 -0.04132795 0.02386099 0.04132795 -0.02386099 0.04772198 0 0.02386099 -0.04132795 -0.04772198 0 -0.04132795 -0.02386099 0.02386099 -0.04132795 -0.04132795 -0.02386099 -0.02386099 -0.04132795 0.02386099 -0.04132795 -0.02386099 -0.04132795 0 -0.04772198 -0.02386099 0.04132795 0.04132795 0.02386099 0.02386099 0.04132795 -0.02386099 0.04132795 0.02386099 0.04132795 0 0.04772198 0.07347196 0.052917 0 0.052917 0 0 0.07347196 0.052917 0 0.052917 0 0 -0.02645796 0.02498698 0 0.02498698 0 0.04997396 0.07347196 0.052917 0 0.052917 0 0 -0.02645796 -0.02498698 0 -0.02498698 0 0 0 0.052917 -0.07347196 0.052917 -0.07347196 0 0 0.052917 -0.07347196 0.052917 -0.07347196 0 0.07347196 0.052917 0 0.052917 0 0 0.07347196 0.052917 0 0.052917 0 0 -0.02645796 -0.074961 0 -0.074961 0 -0.04997396 0.02645796 0 0 0 0 -0.02498698 0.07347196 0.052917 0 0.052917 0 0 0.02645796 0.124935 0 0.124935 0 0.09994798 0.02645796 -0.074961 0 -0.074961 0 -0.09994798 0.02645796 0.09994798 0 0.09994798 0 0.074961 0 0.052917 -0.07347196 0.052917 -0.07347196 0 0.02645796 -0.074961 0 -0.074961 0 -0.09994798 0 0.052917 -0.07347196 0.052917 -0.07347196 0 -0.02645796 -0.02498698 0 -0.02498698 0 0 0.07347196 0.052917 0 0.052917 0 0 0.02645796 0.09994798 0 0.09994798 0 0.074961 -0.02645796 0 0 0 0 0.02498698 -0.02645796 -0.02498698 0 -0.02498698 0 0 0.07347196 0.052917 0 0.052917 0 0 0.07347196 0.052917 0 0.052917 0 0 0.07347196 0.052917 0 0.052917 0 0 0 0.052917 -0.07347196 0.052917 -0.07347196 0 0.07347196 0.052917 0 0.052917 0 0 -0.02645796 -0.02498698 0 -0.02498698 0 0 -0.02645796 0.09994798 0 0.09994798 0 0.124935 0 0 0 0.052917 -0.07347196 0.052917 0.02645796 0.074961 0 0.074961 0 0.04997396 0.02645796 -0.04997396 0 -0.04997396 0 -0.074961 -0.02645796 -0.074961 0 -0.074961 0 -0.04997396 0.02645796 0.149922 0 0.149922 0 0.124935 0.02645796 -0.074961 0 -0.074961 0 -0.09994798 0.02645796 -0.09994798 0 -0.09994798 0 -0.124935 0.02645796 0.149922 0 0.149922 0 0.124935 0.07347196 0.052917 0 0.052917 0 0 0.07347196 0.052917 0 0.052917 0 0 0.07347196 0.052917 0 0.052917 0 0 -0.02645796 0.124935 0 0.124935 0 0.149922 -0.02645796 -0.02498698 0 -0.02498698 0 0 -0.02645796 0 0 0 0 0.02498698 0.07347196 0.052917 0 0.052917 0 0 0.07347196 0.052917 0 0.052917 0 0 0.02645796 0 0 0 0 -0.02498698 0.07347196 0.052917 0 0.052917 0 0 -0.02645796 0.02498698 0 0.02498698 0 0.04997396 0.07347196 0.052917 0 0.052917 0 0 0.07347196 0.052917 0 0.052917 0 0 -0.02645796 -0.074961 0 -0.074961 0 -0.04997396 0 -0.07347196 0.06362897 -0.03673595 0 0.07347196 0 0.07347196 -0.06362897 0.03673595 0 -0.07347196 -0.02645796 -0.09994798 0 -0.09994798 0 -0.074961 -0.02645796 -0.124935 0 -0.124935 0 -0.09994798 -0.02645796 -0.149922 0 -0.149922 0 -0.124935 -0.02645796 0.124935 0 0.124935 0 0.149922 -0.02645796 0.09994798 0 0.09994798 0 0.124935 -0.02645796 0.074961 0 0.074961 0 0.09994798 -0.02645796 0.04997396 0 0.04997396 0 0.074961 -0.02645796 -0.02498698 0 -0.02498698 0 0 0.07347196 0.052917 0 0.052917 0 0 0.07347196 0.052917 0 0.052917 0 0 -0.02645796 -0.09994798 0 -0.09994798 0 -0.074961 0.07347196 0.052917 0 0.052917 0 0 0.04132795 0.02386099 -0.02386099 0.04132795 -0.04132795 0.02386099 0.04132795 -0.02386099 0.04772198 0 -0.04132795 0.02386099 0.04132795 0.02386099 -0.02386099 0.04132795 -0.04132795 0.02386099 0.04132795 -0.02386099 0.04772198 0 -0.04132795 0.02386099 0.04132795 0.02386099 -0.02386099 0.04132795 -0.04132795 0.02386099 -0.02645796 -0.04997396 0 -0.04997396 0 -0.02498698 0.07347196 0.052917 0 0.052917 0 0 -0.02645796 0.02498698 0 0.02498698 0 0.04997396 0.07347196 0.052917 0 0.052917 0 0 -0.02645796 -0.074961 0 -0.074961 0 -0.04997396 0 0.07347196 -0.06362897 0.03673595 0 -0.07347196 0.06362897 -0.03673595 0 0.07347196 -0.06362897 0.03673595 -0.02645796 0.09994798 0 0.09994798 0 0.124935 -0.02645796 -0.124935 0 -0.124935 0 -0.09994798 -0.02645796 -0.149922 0 -0.149922 0 -0.124935 -0.02645796 0.124935 0 0.124935 0 0.149922 0.07347196 0.052917 0 0.052917 0 0 -0.02645796 0.074961 0 0.074961 0 0.09994798 -0.02645796 0.04997396 0 0.04997396 0 0.074961 -0.02645796 -0.02498698 0 -0.02498698 0 0 0.07347196 0.052917 0 0.052917 0 0 -0.02645796 0 0 0 0 0.02498698 0.07347196 0.052917 0 0.052917 0 0 -0.04132795 -0.02386099 0.02386099 -0.04132795 0.04132795 -0.02386099 -0.04132795 0.02386099 -0.04772198 0 0.04132795 -0.02386099 0.02386099 -0.04132795 0.04132795 -0.02386099 -0.04772198 0 0.04132795 0.02386099 -0.02386099 0.04132795 -0.04132795 0.02386099 0.04132795 -0.02386099 0.04772198 0 -0.04132795 0.02386099 0.02386099 -0.04132795 0.04132795 -0.02386099 -0.04772198 0 -0.02645796 -0.04997396 0 -0.04997396 0 -0.02498698 0.07347196 0.052917 0 0.052917 0 0 -0.06362897 0.03673595 0 -0.07347196 0.06362897 -0.03673595 0.02645796 -0.02498698 0 -0.02498698 0 -0.04997396 -0.02645796 0.124935 0 0.124935 0 0.149922 0 -0.07347196 0.06362897 -0.03673595 0 0.07347196 -0.02645796 0.02498698 0 0.02498698 0 0.04997396 -0.02645796 -0.09994798 0 -0.09994798 0 -0.074961 -0.02645796 -0.124935 0 -0.124935 0 -0.09994798 -0.02645796 -0.149922 0 -0.149922 0 -0.124935 -0.02645796 0.074961 0 0.074961 0 0.09994798 -0.02645796 0.04997396 0 0.04997396 0 0.074961 0.02645796 0.04997396 0 0.04997396 0 0.02498698 -0.02386099 0.04132795 -0.04132795 0.02386099 0.04772198 0 -0.04772198 0 0.04132795 -0.02386099 0.04772198 0 -0.02386099 0.04132795 -0.04132795 0.02386099 0.04772198 0 -0.02386099 0.04132795 -0.04132795 0.02386099 0.04772198 0 -0.04772198 0 0.04132795 -0.02386099 0.04772198 0 -0.04132795 -0.02386099 0.02386099 -0.04132795 0.04132795 -0.02386099 0.02645796 -0.09994798 0 -0.09994798 0 -0.124935 0.07347196 0.052917 0 0.052917 0 0 -0.02645796 0.02498698 0 0.02498698 0 0.04997396 0.07347196 0.052917 0 0.052917 0 0 0.07347196 0.052917 0 0.052917 0 0 -0.02645796 -0.074961 0 -0.074961 0 -0.04997396 0 0.07347196 -0.06362897 0.03673595 0 -0.07347196 0.06362897 -0.03673595 0 0.07347196 -0.06362897 0.03673595 -0.02645796 -0.09994798 0 -0.09994798 0 -0.074961 -0.02645796 -0.124935 0 -0.124935 0 -0.09994798 -0.02645796 -0.149922 0 -0.149922 0 -0.124935 -0.02645796 0.124935 0 0.124935 0 0.149922 -0.02645796 0.09994798 0 0.09994798 0 0.124935 -0.02645796 0.074961 0 0.074961 0 0.09994798 -0.02645796 0.04997396 0 0.04997396 0 0.074961 -0.02645796 -0.02498698 0 -0.02498698 0 0 -0.02645796 -0.04997396 0 -0.04997396 0 -0.02498698 -0.02645796 0 0 0 0 0.02498698 0.07347196 0.052917 0 0.052917 0 0 0.04132795 0.02386099 -0.02386099 0.04132795 -0.04132795 0.02386099 0.04132795 -0.02386099 0.04772198 0 -0.04132795 0.02386099 -0.04132795 -0.02386099 0.02386099 -0.04132795 0.04132795 -0.02386099 -0.04132795 -0.02386099 0.02386099 -0.04132795 0.04132795 -0.02386099 0.04132795 -0.02386099 0.04772198 0 -0.04132795 0.02386099 -0.04132795 -0.02386099 0.02386099 -0.04132795 0.04132795 -0.02386099 -0.02645796 -0.149922 0 -0.149922 0 -0.124935 0.07347196 0.052917 0 0.052917 0 0 -0.02645796 0.02498698 0 0.02498698 0 0.04997396 0.07347196 0.052917 0 0.052917 0 0 -0.02645796 -0.074961 0 -0.074961 0 -0.04997396 0.06362897 -0.03673595 0 0.07347196 -0.06362897 0.03673595 0 -0.07347196 0.06362897 -0.03673595 0 0.07347196 -0.02645796 -0.09994798 0 -0.09994798 0 -0.074961 -0.02645796 -0.124935 0 -0.124935 0 -0.09994798 -0.02645796 -0.149922 0 -0.149922 0 -0.124935 -0.02645796 0.124935 0 0.124935 0 0.149922 -0.02645796 0.09994798 0 0.09994798 0 0.124935 -0.02645796 0.074961 0 0.074961 0 0.09994798 -0.02645796 0.04997396 0 0.04997396 0 0.074961 -0.02645796 -0.02498698 0 -0.02498698 0 0 0.07347196 0.052917 0 0.052917 0 0 0.07347196 0.052917 0 0.052917 0 0 0.06362897 -0.03673595 0 0.07347196 -0.06362897 0.03673595 0.07347196 0.052917 0 0.052917 0 0 0.04132795 0.02386099 -0.02386099 0.04132795 -0.04132795 0.02386099 -0.04132795 0.02386099 -0.04772198 0 0.04132795 -0.02386099 -0.04132795 -0.02386099 0.02386099 -0.04132795 0.04132795 -0.02386099 0.04132795 0.02386099 -0.02386099 0.04132795 -0.04132795 0.02386099 0.04132795 -0.02386099 0.04772198 0 -0.04132795 0.02386099 0.02386099 -0.04132795 0.04132795 -0.02386099 -0.04772198 0 -0.02645796 -0.04997396 0 -0.04997396 0 -0.02498698 0.07347196 0.052917 0 0.052917 0 0 -0.02645796 0.02498698 0 0.02498698 0 0.04997396 0.07347196 0.052917 0 0.052917 0 0 0.07347196 0.052917 0 0.052917 0 0 -0.02645796 -0.074961 0 -0.074961 0 -0.04997396 -0.02645796 0 0 0 0 0.02498698 0 -0.07347196 0.06362897 -0.03673595 0 0.07347196 -0.02645796 -0.09994798 0 -0.09994798 0 -0.074961 -0.02645796 0.074961 0 0.074961 0 0.09994798 -0.02645796 -0.149922 0 -0.149922 0 -0.124935 -0.02645796 0.124935 0 0.124935 0 0.149922 -0.02645796 0.09994798 0 0.09994798 0 0.124935 0 0.052917 -0.07347196 0.052917 -0.07347196 0 -0.02645796 0 0 0 0 0.02498698 -0.02645796 0.074961 0 0.074961 0 0.09994798 0.07347196 0.052917 0 0.052917 0 0 0.07347196 0.052917 0 0.052917 0 0 0.07347196 0.052917 0 0.052917 0 0 0.02386099 -0.04132795 0.04132795 -0.02386099 -0.04772198 0 -0.04772198 0 0.04132795 -0.02386099 0.04772198 0 0.02386099 -0.04132795 0.04132795 -0.02386099 -0.04772198 0 -0.04132795 -0.02386099 0.02386099 -0.04132795 0.04132795 -0.02386099 0.02386099 -0.04132795 0.04132795 -0.02386099 -0.04772198 0 -0.02645796 -0.04997396 0 -0.04997396 0 -0.02498698 0.07347196 0.052917 0 0.052917 0 0 -0.02645796 0.02498698 0 0.02498698 0 0.04997396 0.07347196 0.052917 0 0.052917 0 0 -0.02645796 -0.074961 0 -0.074961 0 -0.04997396 0.06362897 -0.03673595 0 0.07347196 -0.06362897 0.03673595 0 -0.07347196 0.06362897 -0.03673595 0 0.07347196 -0.02645796 -0.09994798 0 -0.09994798 0 -0.074961 -0.02645796 -0.124935 0 -0.124935 0 -0.09994798 -0.02645796 -0.149922 0 -0.149922 0 -0.124935 -0.02645796 0.124935 0 0.124935 0 0.149922 -0.02645796 0.09994798 0 0.09994798 0 0.124935 0.02645796 0.02498698 0 0.02498698 0 0 -0.02645796 0.04997396 0 0.04997396 0 0.074961 0.07347196 0.052917 0 0.052917 0 0 0.07347196 0.052917 0 0.052917 0 0 0.07347196 0.052917 0 0.052917 0 0 -0.02386099 0.04132795 -0.04132795 0.02386099 0.04772198 0 -0.04132795 0.02386099 -0.04772198 0 0.04132795 -0.02386099 -0.04132795 -0.02386099 0.02386099 -0.04132795 0.04132795 -0.02386099 -0.02386099 0.04132795 -0.04132795 0.02386099 0.04772198 0 -0.04132795 0.02386099 -0.04772198 0 0.04132795 -0.02386099 0.02386099 -0.04132795 0.04132795 -0.02386099 -0.04772198 0 0.07347196 0.052917 0 0.052917 0 0 0.07347196 0.052917 0 0.052917 0 0 -0.02645796 0.04997396 -0.02645796 0.02498698 0 0.02498698 0 0.07347196 -0.06362897 0.03673595 0 -0.07347196 0 -0.07347196 0.06362897 -0.03673595 0 0.07347196 -0.02645796 0 -0.02645796 -0.02498698 0 -0.02498698 0.07347196 0.052917 0 0.052917 0 0 -0.02645796 -0.074961 0 -0.074961 0 -0.04997396 -0.02645796 -0.09994798 0 -0.09994798 0 -0.074961 0.07347196 0.052917 0 0.052917 0 0 -0.04132795 -0.02386099 0.02386099 -0.04132795 0.04132795 -0.02386099 0.04132795 -0.02386099 0.04772198 0 -0.04132795 0.02386099 -0.04132795 -0.02386099 0.02386099 -0.04132795 0.04132795 -0.02386099 -0.04132795 -0.02386099 0.02386099 -0.04132795 0.04132795 -0.02386099 -0.04132795 0.02386099 -0.04772198 0 0.04132795 -0.02386099 -0.04132795 -0.02386099 0.02386099 -0.04132795 0.04132795 -0.02386099 -0.02645796 -0.04997396 0 -0.04997396 0 -0.02498698 0.07347196 0 0.07347196 0.052917 0 0.052917 0.07347196 0 0.07347196 0.052917 0 0.052917 0.07347196 0.052917 0 0.052917 0 0 0.07347196 0.052917 0 0.052917 0 0 0 0.07347196 -0.06362897 0.03673595 0 -0.07347196 0 -0.07347196 0.06362897 -0.03673595 0 0.07347196 -0.02645796 -0.124935 0 -0.124935 0 -0.09994798 -0.02645796 0.04997396 0 0.04997396 0 0.074961 -0.02645796 -0.02498698 0 -0.02498698 0 0 -0.02645796 0.09994798 0 0.09994798 0 0.124935 -0.02645796 0.074961 0 0.074961 0 0.09994798 -0.02645796 -0.124935 -0.02645796 -0.149922 0 -0.149922 0.07347196 0.052917 0 0.052917 0 0 0.07347196 0.052917 0 0.052917 0 0 -0.02645796 0 0 0 0 0.02498698 0.07347196 0.052917 0 0.052917 0 0 0.02386099 -0.04132795 0.04132795 -0.02386099 -0.04772198 0 -0.04772198 0 0.04132795 -0.02386099 0.04772198 0 -0.04132795 -0.02386099 0.02386099 -0.04132795 0.04132795 -0.02386099 0.04132795 0.02386099 -0.02386099 0.04132795 -0.04132795 0.02386099 -0.04772198 0 0.04132795 -0.02386099 0.04772198 0 -0.02386099 0.04132795 -0.04132795 0.02386099 0.04772198 0 -0.02645796 -0.04997396 0 -0.04997396 0 -0.02498698 0.07347196 0.052917 0 0.052917 0 0 -0.02645796 0.02498698 0 0.02498698 0 0.04997396 0.07347196 0.052917 0 0.052917 0 0 -0.02645796 -0.074961 0 -0.074961 0 -0.04997396 0 0.07347196 -0.06362897 0.03673595 0 -0.07347196 0 -0.07347196 0.06362897 -0.03673595 0 0.07347196 -0.02645796 -0.09994798 0 -0.09994798 0 -0.074961 -0.02645796 -0.124935 0 -0.124935 0 -0.09994798 -0.02645796 -0.149922 0 -0.149922 0 -0.124935 -0.02645796 0.124935 0 0.124935 0 0.149922 -0.02645796 0.09994798 0 0.09994798 0 0.124935 -0.02645796 0.074961 0 0.074961 0 0.09994798 -0.02645796 0.04997396 0 0.04997396 0 0.074961 0.02645796 0.02498698 0 0.02498698 0 0 0.07347196 0.052917 0 0.052917 0 0 0.07347196 0.052917 0 0.052917 0 0 -0.04132795 -0.02386099 0.02386099 -0.04132795 0.04132795 -0.02386099 0.04132795 -0.02386099 0.04772198 0 -0.04132795 0.02386099 -0.04132795 -0.02386099 0.02386099 -0.04132795 0.04132795 -0.02386099 -0.04132795 -0.02386099 0.02386099 -0.04132795 0.04132795 -0.02386099 0.04772198 0 -0.04132795 0.02386099 -0.04772198 0 -0.04132795 -0.02386099 0.02386099 -0.04132795 0.04132795 -0.02386099 0.07347196 0.052917 0 0.052917 0 0 -0.02645796 0.02498698 0 0.02498698 0 0.04997396 0.07347196 0.052917 0 0.052917 0 0 0.07347196 0.052917 0 0.052917 0 0 -0.02645796 -0.074961 0 -0.074961 0 -0.04997396 0 -0.07347196 0.06362897 -0.03673595 0 0.07347196 0.06362897 -0.03673595 0 0.07347196 -0.06362897 0.03673595 -0.02645796 0.09994798 0 0.09994798 0 0.124935 -0.02645796 -0.124935 0 -0.124935 0 -0.09994798 -0.02645796 -0.149922 0 -0.149922 0 -0.124935 -0.02645796 0.124935 0 0.124935 0 0.149922 0.07347196 0.052917 0 0.052917 0 0 -0.02645796 0.074961 0 0.074961 0 0.09994798 -0.02645796 0.04997396 0 0.04997396 0 0.074961 -0.02645796 -0.02498698 0 -0.02498698 0 0 0.07347196 0.052917 0 0.052917 0 0 0.07347196 0.052917 0 0.052917 0 0 -0.02645796 0 0 0 0 0.02498698 0.07347196 0.052917 0 0.052917 0 0 0.04132795 0.02386099 -0.02386099 0.04132795 -0.04132795 0.02386099 -0.04132795 0.02386099 -0.04772198 0 0.04132795 -0.02386099 0.02386099 -0.04132795 0.04132795 -0.02386099 -0.04772198 0 0.04132795 0.02386099 -0.02386099 0.04132795 -0.04132795 0.02386099 -0.04132795 0.02386099 -0.04772198 0 0.04132795 -0.02386099 -0.02386099 0.04132795 -0.04132795 0.02386099 0.04772198 0 -0.02645796 -0.04997396 0 -0.04997396 0 -0.02498698 0.07347196 0.052917 0 0.052917 0 0 -0.06362897 0.03673595 0 -0.07347196 0.06362897 -0.03673595 0.07347196 0.052917 0 0.052917 0 0 0.07347196 0.052917 0 0.052917 0 0 0 0.07347196 -0.06362897 0.03673595 0 -0.07347196 -0.02645796 0.02498698 0 0.02498698 0 0.04997396 -0.02645796 -0.09994798 0 -0.09994798 0 -0.074961 -0.02645796 -0.124935 0 -0.124935 0 -0.09994798 -0.02645796 -0.149922 0 -0.149922 0 -0.124935 -0.02645796 -0.124935 0 -0.124935 0 -0.09994798 -0.02645796 -0.04997396 0 -0.04997396 0 -0.02498698 -0.02645796 0.074961 0 0.074961 0 0.09994798 -0.02645796 0.04997396 0 0.04997396 0 0.074961 -0.02645796 -0.02498698 0 -0.02498698 0 0 0.07347196 0.052917 0 0.052917 0 0 0.07347196 0.052917 0 0.052917 0 0 -0.02645796 0 0 0 0 0.02498698 0.07347196 0.052917 0 0.052917 0 0 -0.02386099 0.04132795 -0.04132795 0.02386099 0.04772198 0 -0.04772198 0 0.04132795 -0.02386099 0.04772198 0 0.02386099 -0.04132795 0.04132795 -0.02386099 -0.04772198 0 -0.02386099 0.04132795 -0.04132795 0.02386099 0.04772198 0 0.04132795 -0.02386099 0.04772198 0 -0.04132795 0.02386099 0.02386099 -0.04132795 0.04132795 -0.02386099 -0.04772198 0 -0.02645796 0.04997396 0 0.04997396 0 0.074961 0.07347196 0.052917 0 0.052917 0 0 -0.02645796 0.02498698 0 0.02498698 0 0.04997396 0.07347196 0.052917 0 0.052917 0 0 0.07347196 0.052917 0 0.052917 0 0 -0.02645796 -0.074961 0 -0.074961 0 -0.04997396 -0.06362897 0.03673595 0 -0.07347196 0.06362897 -0.03673595 0.06362897 -0.03673595 0 0.07347196 -0.06362897 0.03673595 -0.02645796 -0.09994798 0 -0.09994798 0 -0.074961 -0.02645796 -0.124935 0 -0.124935 0 -0.09994798 -0.02645796 -0.149922 0 -0.149922 0 -0.124935 -0.02645796 0.124935 0 0.124935 0 0.149922 -0.02645796 0.09994798 0 0.09994798 0 0.124935 -0.02645796 0.074961 0 0.074961 0 0.09994798 -0.02645796 0.04997396 0 0.04997396 0 0.074961 -0.02645796 -0.02498698 0 -0.02498698 0 0 -0.02645796 -0.04997396 0 -0.04997396 0 -0.02498698 0.07347196 0.052917 0 0.052917 0 0 -0.02645796 0 0 0 0 0.02498698 0.07347196 0.052917 0 0.052917 0 0 0.04132795 0.02386099 -0.02386099 0.04132795 -0.04132795 0.02386099 0.04132795 -0.02386099 0.04772198 0 -0.04132795 0.02386099 0.04132795 0.02386099 -0.02386099 0.04132795 -0.04132795 0.02386099 0.04132795 0.02386099 -0.02386099 0.04132795 -0.04132795 0.02386099 -0.04132795 0.02386099 -0.04772198 0 0.04132795 -0.02386099 -0.04132795 -0.02386099 0.02386099 -0.04132795 0.04132795 -0.02386099 -0.02645796 0.04997396 0 0.04997396 0 0.074961 0.07347196 0.052917 0 0.052917 0 0 -0.02645796 0.02498698 0 0.02498698 0 0.04997396 0.02645796 -0.124935 0 -0.124935 0 -0.149922 0.07347196 0.052917 0 0.052917 0 0 -0.02645796 -0.074961 0 -0.074961 0 -0.04997396 -0.06362897 0.03673595 0 -0.07347196 0.06362897 -0.03673595 0 -0.07347196 0.06362897 -0.03673595 0 0.07347196 -0.02645796 -0.09994798 0 -0.09994798 0 -0.074961 -0.02645796 -0.124935 0 -0.124935 0 -0.09994798 -0.02645796 -0.149922 0 -0.149922 0 -0.124935 -0.02645796 0.124935 0 0.124935 0 0.149922 -0.02645796 0.09994798 0 0.09994798 0 0.124935 -0.02645796 0.074961 0 0.074961 0 0.09994798 -0.02645796 0.04997396 0 0.04997396 0 0.074961 0.02645796 0.02498698 0 0.02498698 0 0 0.07347196 0.052917 0 0.052917 0 0 0.07347196 0.052917 0 0.052917 0 0 0.06362897 -0.03673595 0 0.07347196 -0.06362897 0.03673595 0.07347196 0.052917 0 0.052917 0 0 -0.04132795 -0.02386099 0.02386099 -0.04132795 0.04132795 -0.02386099 -0.04132795 0.02386099 -0.04772198 0 0.04132795 -0.02386099 0.04132795 0.02386099 -0.02386099 0.04132795 -0.04132795 0.02386099 0.04132795 0.02386099 -0.02386099 0.04132795 -0.04132795 0.02386099 0.04132795 -0.02386099 0.04772198 0 -0.04132795 0.02386099 -0.04132795 -0.02386099 0.02386099 -0.04132795 0.04132795 -0.02386099 -0.02645796 -0.04997396 0 -0.04997396 0 -0.02498698 0.07347196 0.052917 0 0.052917 0 0 -0.02645796 0.02498698 0 0.02498698 0 0.04997396 0.07347196 0.052917 0 0.052917 0 0 0.07347196 0.052917 0 0.052917 0 0 -0.02645796 -0.074961 0 -0.074961 0 -0.04997396 -0.02645796 0 0 0 0 0.02498698 -0.02645796 -0.09994798 0 -0.09994798 0 -0.074961 -0.02645796 0.074961 0 0.074961 0 0.09994798 -0.02645796 -0.149922 0 -0.149922 0 -0.124935 -0.02645796 0.124935 0 0.124935 0 0.149922 -0.02645796 0.09994798 0 0.09994798 0 0.124935 -0.02645796 0 0 0 0 0.02498698 -0.02645796 0.074961 0 0.074961 0 0.09994798 0.07347196 0.052917 0 0.052917 0 0 0.07347196 0.052917 0 0.052917 0 0 0.07347196 0.052917 0 0.052917 0 0 0.07347196 0.052917 0 0.052917 0 0 -0.02386099 0.04132795 -0.04132795 0.02386099 0.04772198 0 -0.02645796 -0.04997396 0 -0.04997396 0 -0.02498698 0.07347196 0.052917 0 0.052917 0 0 -0.02645796 0.02498698 0 0.02498698 0 0.04997396 0.07347196 0.052917 0 0.052917 0 0 0.07347196 0.052917 0 0.052917 0 0 -0.02645796 -0.074961 0 -0.074961 0 -0.04997396 -0.06362897 0.03673595 0 -0.07347196 0.06362897 -0.03673595 0 -0.07347196 0.06362897 -0.03673595 0 0.07347196 -0.02645796 -0.09994798 0 -0.09994798 0 -0.074961 -0.02645796 -0.124935 0 -0.124935 0 -0.09994798 -0.02645796 -0.149922 0 -0.149922 0 -0.124935 -0.02645796 0.124935 0 0.124935 0 0.149922 -0.02645796 0.09994798 0 0.09994798 0 0.124935 -0.02645796 -0.124935 0 -0.124935 0 -0.09994798 -0.02645796 0.04997396 0 0.04997396 0 0.074961 -0.02645796 -0.02498698 0 -0.02498698 0 0 0.07347196 0.052917 0 0.052917 0 0 0.07347196 0.052917 0 0.052917 0 0 -0.02645796 0 0 0 0 0.02498698 0.07347196 0.052917 0 0.052917 0 0 -0.02386099 0.04132795 -0.04132795 0.02386099 0.04772198 0 -0.04132795 0.02386099 -0.04772198 0 0.04132795 -0.02386099 -0.04132795 -0.02386099 0.02386099 -0.04132795 0.04132795 -0.02386099 -0.02386099 0.04132795 -0.04132795 0.02386099 0.04772198 0 0.04132795 -0.02386099 0.04772198 0 -0.04132795 0.02386099 -0.04132795 -0.02386099 0.02386099 -0.04132795 0.04132795 -0.02386099 -0.02645796 -0.04997396 0 -0.04997396 0 -0.02498698 0.02645796 -0.02498698 0 -0.02498698 0 -0.04997396 -0.02645796 0.02498698 0 0.02498698 0 0.04997396 -0.02645796 -0.074961 0 -0.074961 0 -0.04997396 -0.04132795 0.02386099 -0.04772198 0 0.04132795 -0.02386099 0 0.07347196 -0.06362897 0.03673595 0 -0.07347196 -0.02645796 -0.09994798 0 -0.09994798 0 -0.074961 -0.02645796 -0.124935 0 -0.124935 0 -0.09994798 -0.02645796 -0.149922 0 -0.149922 0 -0.124935 -0.02645796 0.124935 0 0.124935 0 0.149922 -0.02645796 0.09994798 0 0.09994798 0 0.124935 -0.02645796 0.074961 0 0.074961 0 0.09994798 -0.02645796 0.04997396 0 0.04997396 0 0.074961 -0.02645796 -0.02498698 0 -0.02498698 0 0 0.07347196 0.052917 0 0.052917 0 0 0.07347196 0.052917 0 0.052917 0 0 -0.02645796 0 0 0 0 0.02498698 0.04132795 0.02386099 -0.02386099 0.04132795 -0.04132795 0.02386099 0.04132795 -0.02386099 0.04772198 0 -0.04132795 0.02386099 0.04132795 0.02386099 -0.02386099 0.04132795 -0.04132795 0.02386099 0.04132795 0.02386099 -0.02386099 0.04132795 -0.04132795 0.02386099 0.04132795 -0.02386099 0.04772198 0 -0.04132795 0.02386099 -0.04132795 -0.02386099 0.02386099 -0.04132795 0.04132795 -0.02386099 -0.02645796 -0.04997396 0 -0.04997396 0 -0.02498698 0.07347196 0 0.07347196 0.052917 0 0.052917 0.02645796 0.074961 0 0.074961 0 0.04997396 0.07347196 0 0.07347196 0.052917 0 0.052917 0.07347196 0.052917 0 0.052917 0 0 0 -0.07347196 0.06362897 -0.03673595 0 0.07347196 0 -0.07347196 0.06362897 -0.03673595 0 0.07347196 -0.02645796 -0.09994798 0 -0.09994798 0 -0.074961 -0.02645796 0.02498698 -0.02645796 0 0 0 -0.02645796 0.04997396 0 0.04997396 0 0.074961 0.02645796 0.02498698 0 0.02498698 0 0 -0.02645796 0.09994798 0 0.09994798 0 0.124935 -0.02645796 0.074961 0 0.074961 0 0.09994798 0 0 0 0.052917 -0.07347196 0.052917 0.02645796 0.04997396 0 0.04997396 0 0.02498698 0 0.052917 -0.07347196 0.052917 -0.07347196 0 0.02645796 0 0 0 0 -0.02498698 0.02645796 -0.02498698 0 -0.02498698 0 -0.04997396 0.02386099 -0.04132795 0.04132795 -0.02386099 -0.04772198 0 -0.04772198 0 0.04132795 -0.02386099 0.04772198 0 0.04132795 0.02386099 -0.02386099 0.04132795 -0.04132795 0.02386099 0.02386099 -0.04132795 0.04132795 -0.02386099 -0.04772198 0 -0.04772198 0 0.04132795 -0.02386099 0.04772198 0 -0.02386099 0.04132795 -0.04132795 0.02386099 0.04772198 0 0 0.052917 -0.07347196 0.052917 -0.07347196 0 0.02645796 0.074961 0 0.074961 0 0.04997396 0 0 0 0.052917 -0.07347196 0.052917 0 0.052917 -0.07347196 0.052917 -0.07347196 0 0 0 0 0.052917 -0.07347196 0.052917 0 -0.07347196 0.06362897 -0.03673595 0 0.07347196 0 0.07347196 -0.06362897 0.03673595 0 -0.07347196 0.02645796 0.09994798 0 0.09994798 0 0.074961 0.02645796 0.124935 0 0.124935 0 0.09994798 0.02645796 0.149922 0 0.149922 0 0.124935 0.02645796 -0.124935 0 -0.124935 0 -0.149922 0.02645796 -0.09994798 0 -0.09994798 0 -0.124935 0.02645796 -0.074961 0 -0.074961 0 -0.09994798 0.02645796 -0.04997396 0 -0.04997396 0 -0.074961 0 0.052917 -0.07347196 0.052917 -0.07347196 0 0 0.052917 -0.07347196 0.052917 -0.07347196 0 0 0.052917 -0.07347196 0.052917 -0.07347196 0 0 0.052917 -0.07347196 0.052917 -0.07347196 0 0.04132795 0.02386099 -0.02386099 0.04132795 -0.04132795 0.02386099 -0.04132795 0.02386099 -0.04772198 0 0.04132795 -0.02386099 0.04132795 0.02386099 -0.02386099 0.04132795 -0.04132795 0.02386099 0.04132795 0.02386099 -0.02386099 0.04132795 -0.04132795 0.02386099 0.04132795 -0.02386099 0.04772198 0 -0.04132795 0.02386099 0.04132795 0.02386099 -0.02386099 0.04132795 -0.04132795 0.02386099 0 0.052917 -0.07347196 0.052917 -0.07347196 0 0.02645796 0.074961 0 0.074961 0 0.04997396 0.02645796 0 0 0 0 -0.02498698 0.02645796 0.04997396 0 0.04997396 0 0.02498698 0 -0.07347196 0.06362897 -0.03673595 0 0.07347196 0 0.07347196 -0.06362897 0.03673595 0 -0.07347196 0.02645796 0.09994798 0 0.09994798 0 0.074961 0.02645796 0.124935 0 0.124935 0 0.09994798 0.02645796 0.149922 0 0.149922 0 0.124935 0.02645796 -0.124935 0 -0.124935 0 -0.149922 0.02645796 -0.09994798 0 -0.09994798 0 -0.124935 0 0.052917 -0.07347196 0.052917 -0.07347196 0 0.02645796 -0.04997396 0 -0.04997396 0 -0.074961 0 0.052917 -0.07347196 0.052917 -0.07347196 0 0 0.052917 -0.07347196 0.052917 -0.07347196 0 0 0.052917 -0.07347196 0.052917 -0.07347196 0 0 0.052917 -0.07347196 0.052917 -0.07347196 0 0.02386099 -0.04132795 0.04132795 -0.02386099 -0.04772198 0 0.04132795 -0.02386099 0.04772198 0 -0.04132795 0.02386099 0.04132795 0.02386099 -0.02386099 0.04132795 -0.04132795 0.02386099 -0.04132795 0.02386099 -0.04772198 0 0.04132795 -0.02386099 0.04132795 0.02386099 -0.02386099 0.04132795 -0.04132795 0.02386099 0 0.052917 -0.07347196 0.052917 -0.07347196 0 -0.06362897 0.03673595 0 -0.07347196 0.06362897 -0.03673595 0.02645796 -0.02498698 0 -0.02498698 0 -0.04997396 0 0.07347196 -0.06362897 0.03673595 0 -0.07347196 0.02645796 0.074961 0 0.074961 0 0.04997396 0 0.052917 -0.07347196 0.052917 -0.07347196 0 0.02645796 0.02498698 0 0.02498698 0 0 0.02645796 0.04997396 0 0.04997396 0 0.02498698 0 0.052917 -0.07347196 0.052917 -0.07347196 0 0.02645796 -0.09994798 0 -0.09994798 0 -0.124935 0.02645796 -0.02498698 0 -0.02498698 0 -0.04997396 -0.02386099 0.04132795 -0.04132795 0.02386099 0.04772198 0 0.04772198 0 -0.04132795 0.02386099 -0.04772198 0 -0.02386099 0.04132795 -0.04132795 0.02386099 0.04772198 0 0.02386099 -0.04132795 0.04132795 -0.02386099 -0.04772198 0 -0.04772198 0 0.04132795 -0.02386099 0.04772198 0 -0.04132795 -0.02386099 0.02386099 -0.04132795 0.04132795 -0.02386099 0 0 0 0.052917 -0.07347196 0.052917 0.02645796 0.074961 0 0.074961 0 0.04997396 0 0 0 0.052917 -0.07347196 0.052917 -0.02645796 0.124935 0 0.124935 0 0.149922 0.06362897 -0.03673595 0 0.07347196 -0.06362897 0.03673595 0 0.07347196 -0.06362897 0.03673595 0 -0.07347196 -0.02645796 -0.04997396 0 -0.04997396 0 -0.02498698 0.02645796 0.124935 0 0.124935 0 0.09994798 0.02645796 0.149922 0 0.149922 0 0.124935 0.02645796 -0.124935 0 -0.124935 0 -0.149922 0.02645796 -0.09994798 0 -0.09994798 0 -0.124935 0.02645796 -0.04997396 0 -0.04997396 0 -0.074961 0 0.052917 -0.07347196 0.052917 -0.07347196 0 0.02645796 0.074961 0 0.074961 0 0.04997396 0.02645796 0 0 0 0 -0.02498698 0 0.052917 -0.07347196 0.052917 -0.07347196 0 -0.04132795 -0.02386099 0.02386099 -0.04132795 0.04132795 -0.02386099 0.04132795 -0.02386099 0.04772198 0 -0.04132795 0.02386099 0.04132795 0.02386099 -0.02386099 0.04132795 -0.04132795 0.02386099 -0.04132795 -0.02386099 0.02386099 -0.04132795 0.04132795 -0.02386099 -0.04132795 0.02386099 -0.04772198 0 0.04132795 -0.02386099 -0.02386099 0.04132795 -0.04132795 0.02386099 0.04772198 0 0 0.052917 -0.07347196 0.052917 -0.07347196 0 0.02645796 0.074961 0 0.074961 0 0.04997396 0 0 0 0.052917 -0.07347196 0.052917 0 0 0 0.052917 -0.07347196 0.052917 0.02645796 0.04997396 0 0.04997396 0 0.02498698 0.06362897 -0.03673595 0 0.07347196 -0.06362897 0.03673595 0 0.07347196 -0.06362897 0.03673595 0 -0.07347196 -0.06362897 0.03673595 0 -0.07347196 0.06362897 -0.03673595 0.02645796 0.09994798 0 0.09994798 0 0.074961 -0.02645796 -0.02498698 0 -0.02498698 0 0 0.02645796 0.149922 0 0.149922 0 0.124935 0.02645796 -0.124935 0 -0.124935 0 -0.149922 0.02645796 -0.09994798 0 -0.09994798 0 -0.124935 0.02645796 -0.074961 0 -0.074961 0 -0.09994798 0.02645796 -0.04997396 0 -0.04997396 0 -0.074961 0 0.052917 -0.07347196 0.052917 -0.07347196 0 0 0.052917 -0.07347196 0.052917 -0.07347196 0 0 0.052917 -0.07347196 0.052917 -0.07347196 0 0 0.052917 -0.07347196 0.052917 -0.07347196 0 0 0.052917 -0.07347196 0.052917 -0.07347196 0 -0.04132795 -0.02386099 0.02386099 -0.04132795 0.04132795 -0.02386099 -0.04132795 0.02386099 -0.04772198 0 0.04132795 -0.02386099 0.04132795 0.02386099 -0.02386099 0.04132795 -0.04132795 0.02386099 0.04132795 0.02386099 -0.02386099 0.04132795 -0.04132795 0.02386099 -0.04132795 0.02386099 -0.04772198 0 0.04132795 -0.02386099 0.04132795 0.02386099 -0.02386099 0.04132795 -0.04132795 0.02386099 0 0.052917 -0.07347196 0.052917 -0.07347196 0 0.02645796 -0.124935 0 -0.124935 0 -0.149922 0.02645796 0 0 0 0 -0.02498698 0.02645796 0.02498698 0 0.02498698 0 0 0.02645796 0.04997396 0 0.04997396 0 0.02498698 0.02645796 -0.02498698 0 -0.02498698 0 -0.04997396 0 -0.07347196 0.06362897 -0.03673595 0 0.07347196 0.02645796 -0.02498698 0 -0.02498698 0 -0.04997396 0.02645796 0.09994798 0 0.09994798 0 0.074961 0.02645796 0.124935 0 0.124935 0 0.09994798 0.02645796 0.149922 0 0.149922 0 0.124935 0.02645796 -0.149922 0.02645796 -0.124935 0 -0.124935 0 0.052917 -0.07347196 0.052917 -0.07347196 0 0.02645796 -0.074961 0 -0.074961 0 -0.09994798 0.02645796 -0.04997396 0 -0.04997396 0 -0.074961 0 0.052917 -0.07347196 0.052917 -0.07347196 0 0 0.052917 -0.07347196 0.052917 -0.07347196 0 0 0.052917 -0.07347196 0.052917 -0.07347196 0 0 0.052917 -0.07347196 0.052917 -0.07347196 0 0.02386099 -0.04132795 0.04132795 -0.02386099 -0.04772198 0 0.04772198 0 -0.04132795 0.02386099 -0.04772198 0 0.02386099 -0.04132795 0.04132795 -0.02386099 -0.04772198 0 0.02386099 -0.04132795 0.04132795 -0.02386099 -0.04772198 0 0.04772198 0 -0.04132795 0.02386099 -0.04772198 0 -0.02386099 0.04132795 -0.04132795 0.02386099 0.04772198 0 0 0.052917 -0.07347196 0.052917 -0.07347196 0 0.02645796 0.124935 0 0.124935 0 0.09994798 -0.02645796 -0.09994798 0 -0.09994798 0 -0.074961 0.02645796 0.074961 0 0.074961 0 0.04997396 0.07347196 0.052917 0 0.052917 0 0 0.02645796 -0.02498698 0 -0.02498698 0 -0.04997396 0 0.07347196 -0.06362897 0.03673595 0 -0.07347196 -0.06362897 0.03673595 0 -0.07347196 0.06362897 -0.03673595 0.02645796 -0.09994798 0 -0.09994798 0 -0.124935 0.02645796 0.124935 0 0.124935 0 0.09994798 0.02645796 0.149922 0 0.149922 0 0.124935 0.02645796 -0.124935 0 -0.124935 0 -0.149922 0.02645796 0.04997396 0 0.04997396 0 0.02498698 0.02645796 -0.074961 0 -0.074961 0 -0.09994798 0.02645796 -0.04997396 0 -0.04997396 0 -0.074961 0.02645796 0.02498698 0 0.02498698 0 0 0 0 0 0.052917 -0.07347196 0.052917 0.02645796 0.074961 0 0.074961 0 0.04997396 0.02645796 0 0 0 0 -0.02498698 0 0.052917 -0.07347196 0.052917 -0.07347196 0 0.04132795 0.02386099 -0.02386099 0.04132795 -0.04132795 0.02386099 0.04132795 -0.02386099 0.04772198 0 -0.04132795 0.02386099 0.02386099 -0.04132795 0.04132795 -0.02386099 -0.04772198 0 -0.04132795 -0.02386099 0.02386099 -0.04132795 0.04132795 -0.02386099 -0.04132795 0.02386099 -0.04772198 0 0.04132795 -0.02386099 -0.04132795 -0.02386099 0.02386099 -0.04132795 0.04132795 -0.02386099 0 0 0 0.052917 -0.07347196 0.052917 0 0.052917 -0.07347196 0.052917 -0.07347196 0 0 0 0 0.052917 -0.07347196 0.052917 0 0.052917 -0.07347196 0.052917 -0.07347196 0 0.02645796 -0.04997396 0.02645796 -0.02498698 0 -0.02498698 0 0.07347196 -0.06362897 0.03673595 0 -0.07347196 0 0.07347196 -0.06362897 0.03673595 0 -0.07347196 0.02645796 0.09994798 0 0.09994798 0 0.074961 0.02645796 0.124935 0 0.124935 0 0.09994798 0.02645796 0.149922 0 0.149922 0 0.124935 0.02645796 -0.124935 0 -0.124935 0 -0.149922 0.02645796 -0.09994798 0 -0.09994798 0 -0.124935 0.02645796 -0.074961 0 -0.074961 0 -0.09994798 0.02645796 -0.04997396 0 -0.04997396 0 -0.074961 0 0.052917 -0.07347196 0.052917 -0.07347196 0 0 0.052917 -0.07347196 0.052917 -0.07347196 0 0 0.052917 -0.07347196 0.052917 -0.07347196 0 0 0.052917 -0.07347196 0.052917 -0.07347196 0 0 0.052917 -0.07347196 0.052917 -0.07347196 0 -0.04132795 -0.02386099 0.02386099 -0.04132795 0.04132795 -0.02386099 -0.04132795 0.02386099 -0.04772198 0 0.04132795 -0.02386099 0.04132795 0.02386099 -0.02386099 0.04132795 -0.04132795 0.02386099 -0.04132795 -0.02386099 0.02386099 -0.04132795 0.04132795 -0.02386099 -0.04132795 0.02386099 -0.04772198 0 0.04132795 -0.02386099 0.04132795 0.02386099 -0.02386099 0.04132795 -0.04132795 0.02386099 0 0.052917 -0.07347196 0.052917 -0.07347196 0 0.02645796 0.074961 0 0.074961 0 0.04997396 0.02645796 -0.02498698 0.02645796 0 0 0 0.02645796 0 0.02645796 0.02498698 0 0.02498698 0.02645796 0.04997396 0 0.04997396 0 0.02498698 0.02645796 -0.02498698 0 -0.02498698 0 -0.04997396 0 0.07347196 -0.06362897 0.03673595 0 -0.07347196 0 0.07347196 -0.06362897 0.03673595 0 -0.07347196 0.02645796 0.09994798 0 0.09994798 0 0.074961 0.02645796 0.124935 0 0.124935 0 0.09994798 0.02645796 -0.04997396 0 -0.04997396 0 -0.074961 0.02645796 0.02498698 0 0.02498698 0 0 0.02645796 -0.074961 0 -0.074961 0 -0.09994798 0 0.052917 -0.07347196 0.052917 -0.07347196 0 0.02645796 0.124935 0 0.124935 0 0.09994798 0.02645796 0.04997396 0 0.04997396 0 0.02498698 0 0.052917 -0.07347196 0.052917 -0.07347196 0 0.02645796 0 0 0 0 -0.02498698 0.02645796 -0.02498698 0 -0.02498698 0 -0.04997396 -0.02386099 0.04132795 -0.04132795 0.02386099 0.04772198 0 0.04772198 0 -0.04132795 0.02386099 -0.04772198 0 0.04132795 0.02386099 -0.02386099 0.04132795 -0.04132795 0.02386099 -0.04132795 -0.02386099 0.02386099 -0.04132795 0.04132795 -0.02386099 0.04772198 0 -0.04132795 0.02386099 -0.04772198 0 -0.02386099 0.04132795 -0.04132795 0.02386099 0.04772198 0 0 0.052917 -0.07347196 0.052917 -0.07347196 0 0.02645796 0.074961 0 0.074961 0 0.04997396 0 0.052917 -0.07347196 0.052917 -0.07347196 0 0 0 0 0.052917 -0.07347196 0.052917 0 0 0 0.052917 -0.07347196 0.052917 0 0.07347196 -0.06362897 0.03673595 0 -0.07347196 0 -0.07347196 0.06362897 -0.03673595 0 0.07347196 0.02645796 0.09994798 0 0.09994798 0 0.074961 0.02645796 0.124935 0 0.124935 0 0.09994798 0.02645796 0.149922 0 0.149922 0 0.124935 0.02645796 -0.124935 0 -0.124935 0 -0.149922 0.02645796 -0.09994798 0 -0.09994798 0 -0.124935 0.02645796 -0.04997396 0 -0.04997396 0 -0.074961 0 0.052917 -0.07347196 0.052917 -0.07347196 0 0 0.052917 -0.07347196 0.052917 -0.07347196 0 0 0.052917 -0.07347196 0.052917 -0.07347196 0 0 0.052917 -0.07347196 0.052917 -0.07347196 0 0 0.052917 -0.07347196 0.052917 -0.07347196 0 -0.04132795 -0.02386099 0.02386099 -0.04132795 0.04132795 -0.02386099 0.02386099 -0.04132795 0.04132795 -0.02386099 -0.04772198 0 0.04132795 0.02386099 -0.02386099 0.04132795 -0.04132795 0.02386099 0 0.052917 -0.07347196 0.052917 -0.07347196 0 0.02645796 0.074961 0 0.074961 0 0.04997396 0.02645796 0 0 0 0 -0.02498698 0.02645796 -0.074961 0 -0.074961 0 -0.09994798 0.02645796 0.04997396 0 0.04997396 0 0.02498698 0.07347196 0.052917 0 0.052917 0 0 -0.06362897 0.03673595 0 -0.07347196 0.06362897 -0.03673595 0 0.07347196 -0.06362897 0.03673595 0 -0.07347196 0.02645796 0.09994798 0 0.09994798 0 0.074961 0.02645796 0.124935 0 0.124935 0 0.09994798 0.02645796 -0.124935 0 -0.124935 0 -0.149922 0.02645796 -0.09994798 0 -0.09994798 0 -0.124935 0 0 0 0.052917 -0.07347196 0.052917 0.02645796 -0.04997396 0 -0.04997396 0 -0.074961 0 0.052917 -0.07347196 0.052917 -0.07347196 0 0 0.052917 -0.07347196 0.052917 -0.07347196 0 0 0.052917 -0.07347196 0.052917 -0.07347196 0 0 0.052917 -0.07347196 0.052917 -0.07347196 0 0 0.052917 -0.07347196 0.052917 -0.07347196 0 0.02386099 -0.04132795 0.04132795 -0.02386099 -0.04772198 0 0.04132795 -0.02386099 0.04772198 0 -0.04132795 0.02386099 0.02386099 -0.04132795 0.04132795 -0.02386099 -0.04772198 0 0.02386099 -0.04132795 0.04132795 -0.02386099 -0.04772198 0 0.04772198 0 -0.04132795 0.02386099 -0.04772198 0 0.04132795 0.02386099 -0.02386099 0.04132795 -0.04132795 0.02386099 0 0.052917 -0.07347196 0.052917 -0.07347196 0 0.02645796 0.074961 0 0.074961 0 0.04997396 -0.06362897 0.03673595 0 -0.07347196 0.06362897 -0.03673595 0.02645796 0.02498698 0 0.02498698 0 0 0.02645796 0.04997396 0 0.04997396 0 0.02498698 0.02645796 -0.02498698 0 -0.02498698 0 -0.04997396 0.02645796 0 0 0 0 -0.02498698 0 -0.07347196 0.06362897 -0.03673595 0 0.07347196 0.02645796 0.09994798 0 0.09994798 0 0.074961 0.02645796 -0.074961 0 -0.074961 0 -0.09994798 0.02645796 0.149922 0 0.149922 0 0.124935 0.02645796 -0.124935 0 -0.124935 0 -0.149922 0.02645796 -0.09994798 0 -0.09994798 0 -0.124935 0.02645796 0.02498698 0 0.02498698 0 0 0 0.052917 -0.07347196 0.052917 -0.07347196 0 0.02645796 0.02498698 0 0.02498698 0 0 0.02645796 0.04997396 0 0.04997396 0 0.02498698 0 0.052917 -0.07347196 0.052917 -0.07347196 0 -0.02645796 0 0 0 0 0.02498698 -0.02645796 -0.04997396 0 -0.04997396 0 -0.02498698 0.02386099 -0.04132795 0.04132795 -0.02386099 -0.04772198 0 0.04772198 0 -0.04132795 0.02386099 -0.04772198 0 0.02386099 -0.04132795 0.04132795 -0.02386099 -0.04772198 0 0.02386099 -0.04132795 0.04132795 -0.02386099 -0.04772198 0 0.04772198 0 -0.04132795 0.02386099 -0.04772198 0 -0.02386099 0.04132795 -0.04132795 0.02386099 0.04772198 0 0 0.052917 -0.07347196 0.052917 -0.07347196 0 0.02645796 0 0 0 0 -0.02498698 0 0 0 0.052917 -0.07347196 0.052917 0 0.052917 -0.07347196 0.052917 -0.07347196 0 -0.02645796 0.09994798 0 0.09994798 0 0.124935 0.06362897 -0.03673595 0 0.07347196 -0.06362897 0.03673595 0 0.07347196 -0.06362897 0.03673595 0 -0.07347196 0.02645796 0.09994798 0 0.09994798 0 0.074961 0.02645796 0.124935 0 0.124935 0 0.09994798 0.02645796 0.149922 0 0.149922 0 0.124935 0.02645796 -0.124935 0 -0.124935 0 -0.149922 0.02645796 -0.09994798 0 -0.09994798 0 -0.124935 0.02645796 -0.074961 0 -0.074961 0 -0.09994798 0.02645796 -0.04997396 0 -0.04997396 0 -0.074961 0.02645796 0.02498698 0 0.02498698 0 0 0 0.052917 -0.07347196 0.052917 -0.07347196 0 -0.02645796 -0.074961 0 -0.074961 0 -0.04997396 0.02645796 0 0 0 0 -0.02498698 0 0.052917 -0.07347196 0.052917 -0.07347196 0 -0.04132795 -0.02386099 0.02386099 -0.04132795 0.04132795 -0.02386099 0.04132795 -0.02386099 0.04772198 0 -0.04132795 0.02386099 0.04132795 0.02386099 -0.02386099 0.04132795 -0.04132795 0.02386099 -0.04132795 -0.02386099 0.02386099 -0.04132795 0.04132795 -0.02386099 0.04132795 -0.02386099 0.04772198 0 -0.04132795 0.02386099 -0.04132795 -0.02386099 0.02386099 -0.04132795 0.04132795 -0.02386099 0 0.052917 -0.07347196 0.052917 -0.07347196 0 -0.02645796 0.149922 -0.02645796 0.124935 0 0.124935 0 0.052917 -0.07347196 0.052917 -0.07347196 0 0 0 0 0.052917 -0.07347196 0.052917 -0.02645796 -0.04997396 0 -0.04997396 0 -0.02498698 0.07347196 0.052917 0 0.052917 0 0 0 -0.07347196 0.06362897 -0.03673595 0 0.07347196 -0.06362897 0.03673595 0 -0.07347196 0.06362897 -0.03673595 -0.02645796 0 0 0 0 0.02498698 -0.02645796 -0.09994798 -0.02645796 -0.124935 0 -0.124935 0.02645796 0.149922 0 0.149922 0 0.124935 0.02645796 -0.124935 0 -0.124935 0 -0.149922 0.02645796 -0.09994798 0 -0.09994798 0 -0.124935 0.02645796 -0.074961 0 -0.074961 0 -0.09994798 0.02645796 -0.04997396 0 -0.04997396 0 -0.074961 -0.02386099 0.04132795 -0.04132795 0.02386099 0.04772198 0 -0.04132795 0.02386099 -0.04772198 0 0.04132795 -0.02386099 -0.04132795 -0.02386099 0.02386099 -0.04132795 0.04132795 -0.02386099 0.04132795 0.02386099 -0.02386099 0.04132795 -0.04132795 0.02386099 0.04132795 -0.02386099 0.04772198 0 -0.04132795 0.02386099 0.04132795 0.02386099 -0.02386099 0.04132795 -0.04132795 0.02386099 0.02645796 -0.124935 0 -0.124935 0 -0.149922 0.02645796 0 0 0 0 -0.02498698 0.02645796 0.02498698 0 0.02498698 0 0 0.02645796 0.04997396 0 0.04997396 0 0.02498698 0.02645796 -0.02498698 0 -0.02498698 0 -0.04997396 0 -0.07347196 0.06362897 -0.03673595 0 0.07347196 0.02645796 -0.02498698 0 -0.02498698 0 -0.04997396 0.02645796 0.09994798 0 0.09994798 0 0.074961 0.02645796 0.124935 0 0.124935 0 0.09994798 0.02645796 0.149922 0 0.149922 0 0.124935 0 0.052917 -0.07347196 0.052917 -0.07347196 0 0.02645796 -0.074961 0 -0.074961 0 -0.09994798 0.02645796 -0.04997396 0 -0.04997396 0 -0.074961 0 0.052917 -0.07347196 0.052917 -0.07347196 0 0 0.052917 -0.07347196 0.052917 -0.07347196 0 0 0.052917 -0.07347196 0.052917 -0.07347196 0 0 0.052917 -0.07347196 0.052917 -0.07347196 0 -0.02386099 0.04132795 -0.04132795 0.02386099 0.04772198 0 0.04772198 0 -0.04132795 0.02386099 -0.04772198 0 -0.02386099 0.04132795 -0.04132795 0.02386099 0.04772198 0 -0.04772198 0 0.04132795 -0.02386099 0.04772198 0 -0.02386099 0.04132795 -0.04132795 0.02386099 0.04772198 0 0.02645796 0.074961 0 0.074961 0 0.04997396 0.02645796 0.09994798 0 0.09994798 0 0.074961 0.02645796 0.02498698 0 0.02498698 0 0 0.02645796 0.04997396 0 0.04997396 0 0.02498698 0.02645796 -0.02498698 0 -0.02498698 0 -0.04997396 0 -0.07347196 0.06362897 -0.03673595 0 0.07347196 -0.06362897 0.03673595 0 -0.07347196 0.06362897 -0.03673595 0.02645796 -0.09994798 0 -0.09994798 0 -0.124935 0.02645796 0.124935 0 0.124935 0 0.09994798 0.02645796 0.149922 0 0.149922 0 0.124935 0.02645796 -0.124935 0 -0.124935 0 -0.149922 0.02645796 0.04997396 0 0.04997396 0 0.02498698 0.02645796 -0.074961 0 -0.074961 0 -0.09994798 0.02645796 -0.04997396 0 -0.04997396 0 -0.074961 0.02645796 0.02498698 0 0.02498698 0 0 0 0 0 0.052917 -0.07347196 0.052917 0.02645796 0.074961 0 0.074961 0 0.04997396 0.02645796 0 0 0 0 -0.02498698 0 0.052917 -0.07347196 0.052917 -0.07347196 0 -0.04132795 -0.02386099 0.02386099 -0.04132795 0.04132795 -0.02386099 0.04132795 -0.02386099 0.04772198 0 -0.04132795 0.02386099 -0.02386099 0.04132795 -0.04132795 0.02386099 0.04772198 0 0.04132795 0.02386099 -0.02386099 0.04132795 -0.04132795 0.02386099 0.04772198 0 -0.04132795 0.02386099 -0.04772198 0 -0.02386099 0.04132795 -0.04132795 0.02386099 0.04772198 0 0 0.052917 -0.07347196 0.052917 -0.07347196 0 0 0.052917 -0.07347196 0.052917 -0.07347196 0 0.02645796 0.124935 0.02645796 0.149922 0 0.149922 0 0 0 0.052917 -0.07347196 0.052917 0 0.07347196 -0.06362897 0.03673595 0 -0.07347196 0.02645796 -0.02498698 0 -0.02498698 0 -0.04997396 0 -0.07347196 0.06362897 -0.03673595 0 0.07347196 0 -0.07347196 0.06362897 -0.03673595 0 0.07347196 0.02645796 0.09994798 0 0.09994798 0 0.074961 0.02645796 0.124935 0 0.124935 0 0.09994798 0.02645796 0.149922 0 0.149922 0 0.124935 0.02645796 -0.124935 0 -0.124935 0 -0.149922 0.02645796 -0.09994798 0 -0.09994798 0 -0.124935 0.02645796 -0.074961 0 -0.074961 0 -0.09994798 0.02645796 -0.04997396 0 -0.04997396 0 -0.074961 0 0.052917 -0.07347196 0.052917 -0.07347196 0 0 0.052917 -0.07347196 0.052917 -0.07347196 0 0 0.052917 -0.07347196 0.052917 -0.07347196 0 0 0.052917 -0.07347196 0.052917 -0.07347196 0 0 0.052917 -0.07347196 0.052917 -0.07347196 0 -0.04132795 0.02386099 -0.04772198 0 0.04132795 -0.02386099 0.04132795 0.02386099 -0.02386099 0.04132795 -0.04132795 0.02386099 -0.04132795 -0.02386099 0.02386099 -0.04132795 0.04132795 -0.02386099 0.04132795 -0.02386099 0.04772198 0 -0.04132795 0.02386099 0.04132795 0.02386099 -0.02386099 0.04132795 -0.04132795 0.02386099 0 0.052917 -0.07347196 0.052917 -0.07347196 0 0.02645796 0.074961 0 0.074961 0 0.04997396 0.02645796 0 0 0 0 -0.02498698 0.02645796 0.02498698 0 0.02498698 0 0 0.02645796 0.04997396 0 0.04997396 0 0.02498698 0.02645796 -0.02498698 0 -0.02498698 0 -0.04997396 0 -0.07347196 0.06362897 -0.03673595 0 0.07347196 0 0.07347196 -0.06362897 0.03673595 0 -0.07347196 0.02645796 0.09994798 0 0.09994798 0 0.074961 0.02645796 0.09994798 0.02645796 0.124935 0 0.124935 0.02645796 -0.04997396 0 -0.04997396 0 -0.074961 0.07347196 0.052917 0 0.052917 0 0 0.02645796 -0.09994798 0 -0.09994798 0 -0.124935 0.02645796 -0.074961 0 -0.074961 0 -0.09994798 0.02645796 0 0 0 0 -0.02498698 0.02645796 0.04997396 0 0.04997396 0 0.02498698 0.02645796 0.09994798 0 0.09994798 0 0.074961 -0.02386099 0.04132795 -0.04132795 0.02386099 0.04772198 0 0.04772198 0 -0.04132795 0.02386099 -0.04772198 0 -0.04132795 -0.02386099 0.02386099 -0.04132795 0.04132795 -0.02386099 -0.04132795 -0.02386099 0.02386099 -0.04132795 0.04132795 -0.02386099 -0.04132795 0.02386099 -0.04772198 0 0.04132795 -0.02386099 0.02386099 -0.04132795 0.04132795 -0.02386099 -0.04772198 0 0 0 0 0 0 0 0 0 0 0 0 0 0 0 0 0 0 0 0 0 0 0 0 0 0 0 0 0 0 0 0 0 0 0 0 0 0 0 0 0 0 0 0 0 0 0 0 0 0 0 0 0 0 0 0 0 0 0 0 0 0 0 0 0 0 0 0 0 0 0 0 0 0 0 0 0 0 0 0 0 0 0 0 0 0 0 0 0 0 0 0 0 0 0 0 0 0 0 0 0 0 0 0 0 0 0 0 0 0 0 0 0 0 0 0 0 0 0 0 0 0 0 0 0 0 0 0 0 0 0 0 0 0 0 0 0 0 0 0 0 0 0 0 0 0 0 0 0 0 0 0 0 0 0 0 0 0 0 0 0 0 0 0 0 0 0 0 0 0 0 0 0 0 0 0 0 0 0 0 0 0 0 0 0 0 0 0 0 0 0 0 0 -945.0651 69.25581 -943.1544 67.02902 -798.476 76.60459 -943.1544 67.02902 -798.476 67.02902 -798.476 76.60459 -948.0231 19.15115 -798.476 19.15115 -945.0651 21.39643 -798.476 19.15115 -798.476 28.72672 -944.7979 21.70777 -939.5625 28.72672 -798.476 28.72672 -938.0037 30.86727 -798.476 28.72672 -798.476 38.3023 -937.6436 31.62653 -934.9794 38.3023 -798.476 38.3023 -934.1822 40.97475 -798.476 38.3023 -798.476 47.87787 -934.1438 41.36999 -798.476 47.87787 -798.476 57.45344 -934.1643 50.94457 -798.476 67.02902 -937.7708 60.34715 -936.3983 57.45344 200 -32.33856 65.96983 -38.53048 66.25948 -41.57815 200 -60.05733 200 -50.81774 61.7852 -57.20298 31.57932 -69.29692 30.92117 -69.02433 29.43168 -67.93724 50.51006 -69.02432 49.85191 -69.29692 200 -69.29692 200 -69.29692 200 -60.05733 53.52466 -66.82419 17.22756 -31.54268 0 -32.33856 16.9581 -32.33856 64.36151 -31.89697 64.47314 -32.33856 200 -23.09897 64.47314 -32.33856 200 -32.33856 200 -23.09897 58.8134 -21.51002 59.61071 -23.09897 200 -13.85938 59.61071 -23.09897 200 -23.09897 200 -13.85938 200 -50.81774 200 -41.57815 65.61919 -47.78627 -949.49 72.61444 -945.4579 69.55398 -798.476 76.60459 -998.095 76.60459 -998.095 67.02902 -974.4409 68.16369 -998.095 76.60459 -974.4409 68.16369 -973.5037 69.2558 -954.2912 74.68269 -949.49 72.61444 -798.476 76.60459 -959.2844 75.38106 -954.2912 74.68269 -798.476 76.60459 -998.095 76.60459 -973.5037 69.2558 -969.079 72.61445 -998.095 76.60459 -969.079 72.61445 -964.2776 74.6827 -959.2844 75.38106 -798.476 76.60459 -998.095 76.60459 -970.5457 19.15115 -998.095 19.15115 -998.095 9.575574 -798.476 19.15115 -948.0231 19.15115 -949.49 17.41707 -798.476 19.15115 -949.49 17.41707 -950.1697 16.96098 -969.0789 17.41707 -970.5457 19.15115 -998.095 9.575574 -968.3991 16.96098 -969.0789 17.41707 -998.095 9.575574 -998.095 9.575574 -798.476 19.15115 -950.1697 16.96098 -979.0064 28.72672 -998.095 28.72672 -998.095 19.15115 -998.095 19.15115 -972.1832 20.39412 -973.5038 21.39643 -977.3822 25.9164 -979.0064 28.72672 -998.095 19.15115 -939.5625 28.72672 -941.1867 25.9164 -944.7979 21.70777 -982.9303 35.8539 -983.5894 38.3023 -998.095 38.3023 -998.095 38.3023 -998.095 28.72672 -982.9303 35.8539 -998.095 28.72672 -979.6506 29.61148 -980.5652 30.86728 -934.9794 38.3023 -935.6386 35.8539 -937.6436 31.62653 -984.8786 46.05102 -984.7015 47.87787 -998.095 47.87787 -998.095 47.87787 -998.095 38.3023 -984.8786 46.05102 -998.095 38.3023 -983.7941 38.98831 -984.3867 40.97474 -933.8673 47.87787 -933.6903 46.05102 -934.1438 41.36999 -934.1821 51.1273 -934.1643 50.94457 -798.476 57.45344 -798.476 57.45344 -936.3983 57.45344 -935.6386 56.00849 -982.1706 57.45344 -998.095 57.45344 -982.9304 56.00849 -998.095 57.45344 -998.095 47.87787 -984.3867 51.1273 -982.9304 56.00849 -998.095 57.45344 -984.3867 51.1273 -938.0037 60.83834 -937.7708 60.34715 -798.476 67.02902 -798.476 67.02902 -943.1544 67.02902 -941.1867 65.20915 -975.4145 67.02902 -998.095 67.02902 -977.3822 65.20915 -998.095 67.02902 -998.095 57.45344 -981.7999 58.2351 -977.3822 65.20915 -998.095 67.02902 -980.5652 60.83834 65.96983 -38.53048 200 -32.33856 64.47314 -32.33856 15.61328 -36.93269 16.9581 -32.33856 0 -32.33856 0 -32.33856 0 -41.57815 15.61328 -36.93269 16.72433 -50.81773 0 -50.81774 17.06973 -52.06676 0 -50.81774 0 -60.05733 17.06973 -52.06676 0 -60.05733 21.05377 -59.08469 19.43488 -56.92074 61.99635 -56.92074 61.7852 -57.20298 200 -50.81774 200 -50.81774 64.7069 -50.81773 64.36151 -52.06676 0 -60.05733 0 -69.29692 21.78145 -60.05733 0 -69.29692 29.43168 -67.93724 26.49628 -65.79492 0 -69.29692 26.49628 -65.79492 22.61783 -61.44887 54.93495 -65.79492 53.52466 -66.82419 200 -60.05733 200 -60.05733 59.64978 -60.05733 58.8134 -61.44887 63.25651 -29.41624 200 -23.09897 59.61071 -23.09897 19.43488 -26.58721 21.82053 -23.09897 0 -23.09897 0 -23.09897 0 -32.33856 17.22756 -31.54268 0 -13.85938 0 -23.09897 22.33837 -22.06698 0 -13.85938 22.33837 -22.06698 22.61783 -21.51002 55.64981 -17.26371 58.0009 -20.41945 200 -13.85938 0 -13.85938 22.61783 -21.51002 25.78143 -17.26371 25.78143 -17.26371 55.64981 -17.26371 0 -13.85938 31.57932 -69.29692 0 -69.29692 0 -78.53651 200 -69.29692 49.85191 -69.29692 47.73101 -70.65488 33.70022 -70.65487 31.57932 -69.29692 0 -78.53651 0 -78.53651 200 -69.29692 47.73101 -70.65488 15.12149 -42.09259 15.17176 -41.57815 0 -41.57815 0 -41.57815 0 -50.81774 15.61328 -47.12574 0 -50.81774 16.49501 -50.0557 15.61328 -47.12574 65.81796 -47.12574 65.61919 -47.78627 200 -41.57815 200 -41.57815 66.25948 -41.57815 66.30975 -42.09258 0 0 0 0 0 0 0 0 0 0 0 0 0 0 0 0 0 0 0 0 0 0 0 0 0 0 0 0 0 0 0 0 0 0 0 0 0 0 0 0 0 0 0 0 0 0 0 0 0 0 0 0 0 0 0 0 0 0 0 0 0 0 0 0 0 0 0 0 0 0 0 0 0 0 0 0 0 0 0 0 0 0 0 0 0 0 0 0 0 0 0 0 0 0 0 0 0 0 0 0 0 0 0 0 0 0 0 0 0 0 0 0 0 0 0 0 0 0 0 0 0 0 0 0 0 0 0 0 0 0 0 0 0 0 0 0 0 0 0 0 0 0 0 0 0 0 0 0 0 0 0 0 0 0 0 0 0 0 0 0 0 0 0 0 0 0 0 0 0 0 0 0 0 0 0 0 0 0 0 0 0 0 0 0 0 0 0 0 0 0 0 0 0 0 0 0 0 0 0 0 0 0 0 0 0 0 0 0 0 0 0 0 0 0 0 0 0 0 0 0 0 0 0 0 0 0 0 0 0 0 0 0 0 0 0 0 0 0 0 0 0 0 0 0 0 0 0 0 0 0 0 0 0 0 0 0 0 0 0 0 0 0 0 0 0 0 0 0 0 0 0 0 0 0 0 0 0 0 0 0 0 0 0 0 0 0 0 0 0 0 0 0 0 0 0 0 0 0 0 0 0 0 0 0 0 0 0 0 0 0 0 0 0 0 0 0 0 0 0 0 0 0 0 0 0 0 0 0 0 0 0 0 0 0 0 0 0 0 0 0 0 0 0 0 0 0 0 0 0 0 0 0 0 0 0 0 0 0 0 0 0 0 0 0 0 0 0 0 0 0 0 0 0 0 0 0 0 0 0 0 0 0 0 0 0 0 0 0 0 0 0 0 0 0 0 0 0 0 0 0 0 0 0 0 0 0 0 0 0 0 0 0 0 0 0 0 0 0 0 0 0 0 0 0 0 0 0 0 0 0 0 0 0 0 0 0 0 0 0 0 0 0 0 0 0 0 0 0 0 0 0 0 0 0 0 0 0 0 0 0 0 0 0 0 0 0 0 0 0 0 0 0 0 0 0 0 0 0 0 0 0 0 0 0 0 0 0 0 0 0 0 0 0 0 0 0 0 0 0 0 0 0 0 0 0 0 0 0 0 0 0 0 0 0 0 0 0 0 0 0 0 0</float_array>
          <technique_common>
            <accessor source="#straight_003-mesh-map-0-array" count="11322" stride="2">
              <param name="S" type="float"/>
              <param name="T" type="float"/>
            </accessor>
          </technique_common>
        </source>
        <source id="straight_003-mesh-map-1">
          <float_array id="straight_003-mesh-map-1-array" count="22644">0 0 0 0 0 0 0 0 0 0 0 0 0 0 0 0 0 0 0 0 0 0 0 0 0 0 0 0 0 0 0 0 0 0 0 0 0 0 0 0 0 0 0 0 0 0 0 0 0 0 0 0 0 0 0 0 0 0 0 0 0 0 0 0 0 0 0 0 0 0 0 0 0 0 0 0 0 0 0 0 0 0 0 0 0 0 0 0 0 0 0 0 0 0 0 0 0 0 0 0 0 0 0 0 0 0 0 0 0 0 0 0 0 0 0 0 0 0 0 0 0 0 0 0 0 0 0 0 0 0 0 0 0 0 0 0 0 0 0 0 0 0 0 0 0 0 0 0 0 0 0 0 0 0 0 0 0 0 0 0 0 0 0 0 0 0 0 0 0 0 0 0 0 0 0 0 0 0 0 0 0 0 0 0 0 0 0 0 0 0 0 0 0 0 0 0 0 0 0 0 0 0 0 0 0 0 0 0 0 0 0 0 0 0 0 0 0 0 0 0 0 0 0 0 0 0 0 0 0 0 0 0 0 0 0 0 0 0 0 0 0 0 0 0 0 0 0 0 0 0 0 0 0 0 0 0 0 0 0 0 0 0 0 0 0 0 0 0 0 0 0 0 0 0 0 0 0 0 0 0 0 0 0 0 0 0 0 0 0 0 0 0 0 0 0 0 0 0 0 0 0 0 0 0 0 0 0 0 0 0 0 0 0 0 0 0 0 0 0 0 0 0 0 0 0 0 0 0 0 0 0 0 0 0 0 0 0 0 0 0 0 0 0 0 0 0 0 0 0 0 0 0 0 0 0 0 0 0 0 0 0 0 0 0 0 0 0 0 0 0 0 0 0 0 0 0 0 0 0 0 0 0 0 0 0 0 0 0 0 0 0 0 0 0 0 0 0 0 0 0 0 0 0 0 0 0 0 0 0 0 0 0 0 0 0 0 0 0 0 0 0 0 0 0 0 0 0 0 0 0 0 0 0 0 0 0 0 0 0 0 0 0 0 0 0 0 0 0 0 0 0 0 0 0 0 0 0 0 0 0 0 0 0 0 0 0 0 0 0 0 0 0 0 0 0 0 0 0 0 0 0 0 0 0 0 0 0 0 0 0 0 0 0 0 0 0 0 0 0 0 0 0 0 0 0 0 0 0 0 0 0 0 0 0 0 0 0 0 0 0 0 0 0 0 0 0 0 0 0 0 0 0 0 0 0 0 0 0 0 0 0 0 0 0 0 0 0 0 0 0 0 0 0 0 0 0 0 0 0 0 0 0 0 0 0 0 0 0 0 0 0 0 0 0 0 0 0 0 0 0 0 0 0 0 0 0 0 0 0 0 0 0 0 0 0 0 0 0 0 0 0 0 0 0 0 0 0 0 0 0 0 0 0 0 0 0 0 0 0 0 0 0 0 0 0 0 0 0 0 0 0 0 0 0 0 0 0 0 0 0 0 0 0 0 0 0 0 0 0 0 0 0 0 0 0 0 0 0 0 0 0 0 0 0 0 0 0 0 0 0 0 0 0 0 0 0 0 0 0 0 0 0 0 0 0 0 0 0 0 0 0 0 0 0 0 0 0 0 0 0 0 0 0 0 0 0 0 0 0 0 0 0 0 0 0 0 0 0 0 0 0 0 0 0 0 0 0 0 0 0 0 0 0 0 0 0 0 0 0 0 0 0 0 0 0 0 0 0 0 0 0 0 0 0 0 0 0 0 0 0 0 0 0 0 0 0 0 0 0 0 0 0 0 0 0 0 0 0 0 0 0 0 0 0 0 0 0 0 0 0 0 0 0 0 0 0 0 0 0 0 0 0 0 0 0 0 0 0 0 0 0 0 0 0 0 0 0 0 0 0 0 0 0 0 0 0 0 0 0 0 0 0 0 0 0 0 0 0 0 0 0 0 0 0 0 0 0 0 0 0 0 0 0 0 0 0 0 0 0 0 0 0 0 0 0 0 0 0 0 0 0 0 0 0 0 0 0 0 0 0 0 0 0 0 0 0 0 0 0 0 0 0 0 0 0 0 0 0 0 0 0 0 0 0 0 0 0 0 0 0 0 0 0 0 0 0 0 0 0 0 0 0 0 0 0 0 0 0 0 0 0 0 0 0 0 0 0 0 0 0 0 0 0 0 0 0 0 0 0 0 0 0 0 0 0 0 0 0 0 0 0 0 0 0 0 0 0 0 0 0 0 0 0 0 0 0 0 0 0 0 0 0 0 0 0 0 0 0 0 0 0 0 0 0 0 0 0 0 0 0 0 0 0 0 0 0 0 0 0 0 0 0 0 0 0 0 0 0 0 0 0 0 0 0 0 0 0 0 0 0 0 0 0 0 0 0 0 0 0 0 0 0 0 0 0 0 0 0 0 0 0 0 0 0 0 0 0 0 0 0 0 0 0 0 0 0 0 0 0 0 0 0 0 0 0 0 0 0 0 0 0 0 0 0 0 0 0 0 0 0 0 0 0 0 0 0 0 0 0 0 0 0 0 0 0 0 0 0 0 0 0 0 0 0 0 0 0 0 0 0 0 0 0 0 0 0 0 0 0 0 0 0 0 0 0 0 0 0 0 0 0 0 0 0 0 0 0 0 0 0 0 0 0 0 0 0 0 0 0 0 0 0 0 0 0 0 0 0 0 0 0 0 0 0 0 0 0 0 0 0 0 0 0 0 0 0 0 0 0 0 0 0 0 0 0 0 0 0 0 0 0 0 0 0 0 0 0 0 0 0 0 0 0 0 0 0 0 0 0 0 0 0 0 0 0 0 0 0 0 0 0 0 0 0 0 0 0 0 0 0 0 0 0 0 0 0 0 0 0 0 0 0 0 0 0 0 0 0 0 0 0 0 0 0 0 0 0 0 0 0 0 0 0 0 0 0 0 0 0 0 0 0 0 0 0 0 0 0 0 0 0 0 0 0 0 0 0 0 0 0 0 0 0 0 0 0 0 0 0 0 0 0 0 0 0 0 0 0 0 0 0 0 0 0 0 0 0 0 0 0 0 0 0 0 0 0 0 0 0 0 0 0 0 0 0 0 0 0 0 0 0 0 0 0 0 0 0 0 0 0 0 0 0 0 0 0 0 0 0 0 0 0 0 0 0 0 0 0 0 0 0 0 0 0 0 0 0 0 0 0 0 0 0 0 0 0 0 0 0 0 0 0 0 0 0 0 0 0 0 0 0 0 0 0 0 0 0 0 0 0 0 0 0 0 0 0 0 0 0 0 0 0 0 0 0 0 0 0 0 0 0 0 0 0 0 0 0 0 0 0 0 0 0 0 0 0 0 0 0 0 0 0 0 0 0 0 0 0 0 0 0 0 0 0 0 0 0 0 0 0 0 0 0 0 0 0 0 0 0 0 0 0 0 0 0 0 0 0 0 0 0 0 0 0 0 0 0 0 0 0 0 0 0 0 0 0 0 0 0 0 0 0 0 0 0 0 0 0 0 0 0 0 0 0 0 0 0 0 0 0 0 0 0 0 0 0 0 0 0 0 0 0 0 0 0 0 0 0 0 0 0 0 0 0 0 0 0 0 0 0 0 0 0 0 0 0 0 0 0 0 0 0 0 0 0 0 0 0 0 0 0 0 0 0 0 0 0 0 0 0 0 0 0 0 0 0 0 0 0 0 0 0 0 0 0 0 0 0 0 0 0 0 0 0 0 0 0 0 0 0 0 0 0 0 0 0 0 0 0 0 0 0 0 0 0 0 0 0 0 0 0 0 0 0 0 0 0 0 0 0 0 0 0 0 0 0 0 0 0 0 0 0 0 0 0 0 0 0 0 0 0 0 0 0 0 0 0 0 0 0 0 0 0 0 0 0 0 0 0 0 0 0 0 0 0 0 0 0 0 0 0 0 0 0 0 0 0 0 0 0 0 0 0 0 0 0 0 0 0 0 0 0 0 0 0 0 0 0 0 0 0 0 0 0 0 0 0 0 0 0 0 0 0 0 0 0 0 0 0 0 0 0 0 0 0 0 0 0 0 0 0 0 0 0 0 0 0 0 0 0 0 0 0 0 0 0 0 0 0 0 0 0 0 0 0 0 0 0 0 0 0 0 0 0 0 0 0 0 0 0 0 0 0 0 0 0 0 0 0 0 0 0 0 0 0 0 0 0 0 0 0 0 0 0 0 0 0 0 0 0 0 0 0 0 0 0 0 0 0 0 0 0 0 0 0 0 0 0 0 0 0 0 0 0 0 0 0 0 0 0 0 0 0 0 0 0 0 0 0 0 0 0 0 0 0 0 0 0 0 0 0 0 0 0 0 0 0 0 0 0 0 0 0 0 0 0 0 0 0 0 0 0 0 0 0 0 0 0 0 0 0 0 0 0 0 0 0 0 0 0 0 0 0 0 0 0 0 0 0 0 0 0 0 0 0 0 0 0 0 0 0 0 0 0 0 0 0 0 0 0 0 0 0 0 0 0 0 0 0 0 0 0 0 0 0 0 0 0 0 0 0 0 0 0 0 0 0 0 0 0 0 0 0 0 0 0 0 0 0 0 0 0 0 0 0 0 0 0 0 0 0 0 0 0 0 0 0 0 0 0 0 0 0 0 0 0 0 0 0 0 0 0 0 0 0 0 0 0 0 0 0 0 0 0 0 0 0 0 0 0 0 0 0 0 0 0 0 0 0 0 0 0 0 0 0 0 0 0 0 0 0 0 0 0 0 0 0 0 0 0 0 0 0 0 0 0 0 0 0 0 0 0 0 0 0 0 0 0 0 0 0 0 0 0 0 0 0 0 0 0 0 0 0 0 0 0 0 0 0 0 0 0 0 0 0 0 0 0 0 0 0 0 0 0 0 0 0 0 0 0 0 0 0 0 0 0 0 0 0 0 0 0 0 0 0 0 0 0 0 0 0 0 0 0 0 0 0 0 0 0 0 0 0 0 0 0 0 0 0 0 0 0 0 0 0 0 0 0 0 0 0 0 0 0 0 0 0 0 0 0 0 0 0 0 0 0 0 0 0 0 0 0 0 0 0 0 0 0 0 0 0 0 0 0 0 0 0 0 0 0 0 0 0 0 0 0 0 0 0 0 0 0 0 0 0 0 0 0 0 0 0 0 0 0 0 0 0 0 0 0 0 0 0 0 0 0 0 0 0 0 0 0 0 0 0 0 0 0 0 0 0 0 0 0 0 0 0 0 0 0 0 0 0 0 0 0 0 0 0 0 0 0 0 0 0 0 0 0 0 0 0 0 0 0 0 0 0 0 0 0 0 0 0 0 0 0 0 0 0 0 0 0 0 0 0 0 0 0 0 0 0 0 0 0 0 0 0 0 0 0 0 0 0 0 0 0 0 0 0 0 0 0 0 0 0 0 0 0 0 0 0 0 0 0 0 0 0 0 0 0 0 0 0 0 0 0 0 0 0 0 0 0 0 0 0 0 0 0 0 0 0 0 0 0 0 0 0 0 0 0 0 0 0 0 0 0 0 0 0 0 0 0 0 0 0 0 0 0 0 0 0 0 0 0 0 0 0 0 0 0 0 0 0 0 0 0 0 0 0 0 0 0 0 0 0 0 0 0 0 0 0 0 0 0 0 0 0 0 0 0 0 0 0 0 0 0 0 0 0 0 0 0 0 0 0 0 0 0 0 0 0 0 0 0 0 0 0 0 0 0 0 0 0 0 0 0 0 0 0 0 0 0 0 0 0 0 0 0 0 0 0 0 0 0 0 0 0 0 0 0 0 0 0 0 0 0 0 0 0 0 0 0 0 0 0 0 0 0 0 0 0 0 0 0 0 0 0 0 0 0 0 0 0 0 0 0 0 0 0 0 0 0 0 0 0 0 0 0 0 0 0 0 0 0 0 0 0 0 0 0 0 0 0 0 0 0 0 0 0 0 0 0 0 0 0 0 0 0 0 0 0 0 0 0 0 0 0 0 0 0 0 0 0 0 0 0 0 0 0 0 0 0 0 0 0 0 0 0 0 0 0 0 0 0 0 0 0 0 0 0 0 0 0 0 0 0 0 0 0 0 0 0 0 0 0 0 0 0 0 0 0 0 0 0 0 0 0 0 0 0 0 0 0 0 0 0 0 0 0 0 0 0 0 0 0 0 0 0 0 0 0 0 0 0 0 0 0 0 0 0 0 0 0 0 0 0 0 0 0 0 0 0 0 0 0 0 0 0 0 0 0 0 0 0 0 0 0 0 0 0 0 0 0 0 0 0 0 0 0 0 0 0 0 0 0 0 0 0 0 0 0 0 0 0 0 0 0 0 0 0 0 0 0 0 0 0 0 0 0 0 0 0 0 0 0 0 0 0 0 0 0 0 0 0 0 0 0 0 0 0 0 0 0 0 0 0 0 0 0 0 0 0 0 0 0 0 0 0 0 0 0 0 0 0 0 0 0 0 0 0 0 0 0 0 0 0 0 0 0 0 0 0 0 0 0 0 0 0 0 0 0 0 0 0 0 0 0 0 0 0 0 0 0 0 0 0 0 0 0 0 0 0 0 0 0 0 0 0 0 0 0 0 0 0 0 0 0 0 0 0 0 0 0 0 0 0 0 0 0 0 0 0 0 0 0 0 0 0 0 0 0 0 0 0 0 0 0 0 0 0 0 0 0 0 0 0 0 0 0 0 0 0 0 0 0 0 0 0 0 0 0 0 0 0 0 0 0 0 0 0 0 0 0 0 0 0 0 0 0 0 0 0 0 0 0 0 0 0 0 0 0 0 0 0 0 0 0 0 0 0 0 0 0 0 0 0 0 0 0 0 0 0 0 0 0 0 0 0 0 0 0 0 0 0 0 0 0 0 0 0 0 0 0 0 0 0 0 0 0 0 0 0 0 0 0 0 0 0 0 0 0 0 0 0 0 0 0 0 0 0 0 0 0 0 0 0 0 0 0 0 0 0 0 0 0 0 0 0 0 0 0 0 0 0 0 0 0 0 0 0 0 0 0 0 0 0 0 0 0 0 0 0 0 0 0 0 0 0 0 0 0 0 0 0 0 0 0 0 0 0 0 0 0 0 0 0 0 0 0 0 0 0 0 0 0 0 0 0 0 0 0 0 0 0 0 0 0 0 0 0 0 0 0 0 0 0 0 0 0 0 0 0 0 0 0 0 0 0 0 0 0 0 0 0 0 0 0 0 0 0 0 0 0 0 0 0 0 0 0 0 0 0 0 0 0 0 0 0 0 0 0 0 0 0 0 0 0 0 0 0 0 0 0 0 0 0 0 0 0 0 0 0 0 0 0 0 0 0 0 0 0 0 0 0 0 0 0 0 0 0 0 0 0 0 0 0 0 0 0 0 0 0 0 0 0 0 0 0 0 0 0 0 0 0 0 0 0 0 0 0 0 0 0 0 0 0 0 0 0 0 0 0 0 0 0 0 0 0 0 0 0 0 0 0 0 0 0 0 0 0 0 0 0 0 0 0 0 0 0 0 0 0 0 0 0 0 0 0 0 0 0 0 0 0 0 0 0 0 0 0 0 0 0 0 0 0 0 0 0 0 0 0 0 0 0 0 0 0 0 0 0 0 0 0 0 0 0 0 0 0 0 0 0 0 0 0 0 0 0 0 0 0 0 0 0 0 0 0 0 0 0 0 0 0 0 0 0 0 0 0 0 0 0 0 0 0 0 0 0 0 0 0 0 0 0 0 0 0 0 0 0 0 0 0 0 0 0 0 0 0 0 0 0 0 0 0 0 0 0 0 0 0 0 0 0 0 0 0 0 0 0 0 0 0 0 0 0 0 0 0 0 0 0 0 0 0 0 0 0 0 0 0 0 0 0 0 0 0 0 0 0 0 0 0 0 0 0 0 0 0 0 0 0 0 0 0 0 0 0 0 0 0 0 0 0 0 0 0 0 0 0 0 0 0 0 0 0 0 0 0 0 0 0 0 0 0 0 0 0 0 0 0 0 0 0 0 0 0 0 0 0 0 0 0 0 0 0 0 0 0 0 0 0 0 0 0 0 0 0 0 0 0 0 0 0 0 0 0 0 0 0 0 0 0 0 0 0 0 0 0 0 0 0 0 0 0 0 0 0 0 0 0 0 0 0 0 0 0 0 0 0 0 0 0 0 0 0 0 0 0 0 0 0 0 0 0 0 0 0 0 0 0 0 0 0 0 0 0 0 0 0 0 0 0 0 0 0 0 0 0 0 0 0 0 0 0 0 0 0 0 0 0 0 0 0 0 0 0 0 0 0 0 0 0 0 0 0 0 0 0 0 0 0 0 0 0 0 0 0 0 0 0 0 0 0 0 0 0 0 0 0 0 0 0 0 0 0 0 0 0 0 0 0 0 0 0 0 0 0 0 0 0 0 0 0 0 0 0 0 0 0 0 0 0 0 0 0 0 0 0 0 0 0 0 0 0 0 0 0 0 0 0 0 0 0 0 0 0 0 0 0 0 0 0 0 0 0 0 0 0 0 0 0 0 0 0 0 0 0 0 0 0 0 0 0 0 0 0 0 0 0 0 0 0 0 0 0 0 0 0 0 0 0 0 0 0 0 0 0 0 0 0 0 0 0 0 0 0 0 0 0 0 0 0 0 0 0 0 0 0 0 0 0 0 0 0 0 0 0 0 0 0 0 0 0 0 0 0 0 0 0 0 0 0 0 0 0 0 0 0 0 0 0 0 0 0 0 0 0 0 0 0 0 0 0 0 0 0 0 0 0 0 0 0 0 0 0 0 0 0 0 0 0 0 0 0 0 0 0 0 0 0 0 0 0 0 0 0 0 0 0 0 0 0 0 0 0 0 0 0 0 0 0 0 0 0 0 0 0 0 0 0 0 0 0 0 0 0 0 0 0 0 0 0 0 0 0 0 0 0 0 0 0 0 0 0 0 0 0 0 0 0 0 0 0 0 0 0 0 0 0 0 0 0 0 0 0 0 0 0 0 0 0 0 0 0 0 0 0 0 0 0 0 0 0 0 0 0 0 0 0 0 0 0 0 0 0 0 0 0 0 0 0 0 0 0 0 0 0 0 0 0 0 0 0 0 0 0 0 0 0 0 0 0 0 0 0 0 0 0 0 0 0 0 0 0 0 0 0 0 0 0 0 0 0 0 0 0 0 0 0 0 0 0 0 0 0 0 0 0 0 0 0 0 0 0 0 0 0 0 0 0 0 0 0 0 0 0 0 0 0 0 0 0 0 0 0 0 0 0 0 0 0 0 0 0 0 0 0 0 0 0 0 0 0 0 0 0 0 0 0 0 0 0 0 0 0 0 0 0 0 0 0 0 0 0 0 0 0 0 0 0 0 0 0 0 0 0 0 0 0 0 0 0 0 0 0 0 0 0 0 0 0 0 0 0 0 0 0 0 0 0 0 0 0 0 0 0 0 0 0 0 0 0 0 0 0 0 0 0 0 0 0 0 0 0 0 0 0 0 0 0 0 0 0 0 0 0 0 0 0 0 0 0 0 0 0 0 0 0 0 0 0 0 0 0 0 0 0 0 0 0 0 0 0 0 0 0 0 0 0 0 0 0 0 0 0 0 0 0 0 0 0 0 0 0 0 0 0 0 0 0 0 0 0 0 0 0 0 0 0 0 0 0 0 0 0 0 0 0 0 0 0 0 0 0 0 0 0 0 0 0 0 0 0 0 0 0 0 0 0 0 0 0 0 0 0 0 0 0 0 0 0 0 0 0 0 0 0 0 0 0 0 0 0 0 0 0 0 0 0 0 0 0 0 0 0 0 0 0 0 0 0 0 0 0 0 0 0 0 0 0 0 0 0 0 0 0 0 0 0 0 0 0 0 0 0 0 0 0 0 0 0 0 0 0 0 0 0 0 0 0 0 0 0 0 0 0 0 0 0 0 0 0 0 0 0 0 0 0 0 0 0 0 0 0 0 0 0 0 0 0 0 0 0 0 0 0 0 0 0 0 0 0 0 0 0 0 0 0 0 0 0 0 0 0 0 0 0 0 0 0 0 0 0 0 0 0 0 0 0 0 0 0 0 0 0 0 0 0 0 0 0 0 0 0 0 0 0 0 0 0 0 0 0 0 0 0 0 0 0 0 0 0 0 0 0 0 0 0 0 0 0 0 0 0 0 0 0 0 0 0 0 0 0 0 0 0 0 0 0 0 0 0 0 0 0 0 0 0 0 0 0 0 0 0 0 0 0 0 0 0 0 0 0 0 0 0 0 0 0 0 0 0 0 0 0 0 0 0 0 0 0 0 0 0 0 0 0 0 0 0 0 0 0 0 0 0 0 0 0 0 0 0 0 0 0 0 0 0 0 0 0 0 0 0 0 0 0 0 0 0 0 0 0 0 0 0 0 0 0 0 0 0 0 0 0 0 0 0 0 0 0 0 0 0 0 0 0 0 0 0 0 0 0 0 0 0 0 0 0 0 0 0 0 0 0 0 0 0 0 0 0 0 0 0 0 0 0 0 0 0 0 0 0 0 0 0 0 0 0 0 0 0 0 0 0 0 0 0 0 0 0 0 0 0 0 0 0 0 0 0 0 0 0 0 0 0 0 0 0 0 0 0 0 0 0 0 0 0 0 0 0 0 0 0 0 0 0 0 0 0 0 0 0 0 0 0 0 0 0 0 0 0 0 0 0 0 0 0 0 0 0 0 0 0 0 0 0 0 0 0 0 0 0 0 0 0 0 0 0 0 0 0 0 0 0 0 0 0 0 0 0 0 0 0 0 0 0 0 0 0 0 0 0 0 0 0 0 0 0 0 0 0 0 0 0 0 0 0 0 0 0 0 0 0 0 0 0 0 0 0 0 0 0 0 0 0 0 0 0 0 0 0 0 0 0 0 0 0 0 0 0 0 0 0 0 0 0 0 0 0 0 0 0 0 0 0 0 0 0 0 0 0 0 0 0 0 0 0 0 0 0 0 0 0 0 0 0 0 0 0 0 0 0 0 0 0 0 0 0 0 0 0 0 0 0 0 0 0 0 0 0 0 0 0 0 0 0 0 0 0 0 0 0 0 0 0 0 0 0 0 0 0 0 0 0 0 0 0 0 0 0 0 0 0 0 0 0 0 0 0 0 0 0 0 0 0 0 0 0 0 0 0 0 0 0 0 0 0 0 0 0 0 0 0 0 0 0 0 0 0 0 0 0 0 0 0 0 0 0 0 0 0 0 0 0 0 0 0 0 0 0 0 0 0 0 0 0 0 0 0 0 0 0 0 0 0 0 0 0 0 0 0 0 0 0 0 0 0 0 0 0 0 0 0 0 0 0 0 0 0 0 0 0 0 0 0 0 0 0 0 0 0 0 0 0 0 0 0 0 0 0 0 0 0 0 0 0 0 0 0 0 0 0 0 0 0 0 0 0 0 0 0 0 0 0 0 0 0 0 0 0 0 0 0 0 0 0 0 0 0 0 0 0 0 0 0 0 0 0 0 0 0 0 0 0 0 0 0 0 0 0 0 0 0 0 0 0 0 0 0 0 0 0 0 0 0 0 0 0 0 0 0 0 0 0 0 0 0 0 0 0 0 0 0 0 0 0 0 0 0 0 0 0 0 0 0 0 0 0 0 0 0 0 0 0 0 0 0 0 0 0 0 0 0 0 0 0 0 0 0 0 0 0 0 0 0 0 0 0 0 0 0 0 0 0 0 0 0 0 0 0 0 0 0 0 0 0 0 0 0 0 0 0 0 0 0 0 0 0 0 0 0 0 0 0 0 0 0 0 0 0 0 0 0 0 0 0 0 0 0 0 0 0 0 0 0 0 0 0 0 0 0 0 0 0 0 0 0 0 0 0 0 0 0 0 0 0 0 0 0 0 0 0 0 0 0 0 0 0 0 0 0 0 0 0 0 0 0 0 0 0 0 0 0 0 0 0 0 0 0 0 0 0 0 0 0 0 0 0 0 0 0 0 0 0 0 0 0 0 0 0 0 0 0 0 0 0 0 0 0 0 0 0 0 0 0 0 0 0 0 0 0 0 0 0 0 0 0 0 0 0 0 0 0 0 0 0 0 0 0 0 0 0 0 0 0 0 0 0 0 0 0 0 0 0 0 0 0 0 0 0 0 0 0 0 0 0 0 0 0 0 0 0 0 0 0 0 0 0 0 0 0 0 0 0 0 0 0 0 0 0 0 0 0 0 0 0 0 0 0 0 0 0 0 0 0 0 0 0 0 0 0 0 0 0 0 0 0 0 0 0 0 0 0 0 0 0 0 0 0 0 0 0 0 0 0 0 0 0 0 0 0 0 0 0 0 0 0 0 0 0 0 0 0 0 0 0 0 0 0 0 0 0 0 0 0 0 0 0 0 0 0 0 0 0 0 0 0 0 0 0 0 0 0 0 0 0 0 0 0 0 0 0 0 0 0 0 0 0 0 0 0 0 0 0 0 0 0 0 0 0 0 0 0 0 0 0 0 0 0 0 0 0 0 0 0 0 0 0 0 0 0 0 0 0 0 0 0 0 0 0 0 0 0 0 0 0 0 0 0 0 0 0 0 0 0 0 0 0 0 0 0 0 0 0 0 0 0 0 0 0 0 0 0 0 0 0 0 0 0 0 0 0 0 0 0 0 0 0 0 0 0 0 0 0 0 0 0 0 0 0 0 0 0 0 0 0 0 0 0 0 0 0 0 0 0 0 0 0 0 0 0 0 0 0 0 0 0 0 0 0 0 0 0 0 0 0 0 0 0 0 0 0 0 0 0 0 0 0 0 0 0 0 0 0 0 0 0 0 0 0 0 0 0 0 0 0 0 0 0 0 0 0 0 0 0 0 0 0 0 0 0 0 0 0 0 0 0 0 0 0 0 0 0 0 0 0 0 0 0 0 0 0 0 0 0 0 0 0 0 0 0 0 0 0 0 0 0 0 0 0 0 0 0 0 0 0 0 0 0 0 0 0 0 0 0 0 0 0 0 0 0 0 0 0 0 0 0 0 0 0 0 0 0 0 0 0 0 0 0 0 0 0 0 0 0 0 0 0 0 0 0 0 0 0 0 0 0 0 0 0 0 0 0 0 0 0 0 0 0 0 0 0 0 0 0 0 0 0 0 0 0 0 0 0 0 0 0 0 0 0 0 0 0 0 0 0 0 0 0 0 0 0 0 0 0 0 0 0 0 0 0 0 0 0 0 0 0 0 0 0 0 0 0 0 0 0 0 0 0 0 0 0 0 0 0 0 0 0 0 0 0 0 0 0 0 0 0 0 0 0 0 0 0 0 0 0 0 0 0 0 0 0 0 0 0 0 0 0 0 0 0 0 0 0 0 0 0 0 0 0 0 0 0 0 0 0 0 0 0 0 0 0 0 0 0 0 0 0 0 0 0 0 0 0 0 0 0 0 0 0 0 0 0 0 0 0 0 0 0 0 0 0 0 0 0 0 0 0 0 0 0 0 0 0 0 0 0 0 0 0 0 0 0 0 0 0 0 0 0 0 0 0 0 0 0 0 0 0 0 0 0 0 0 0 0 0 0 0 0 0 0 0 0 0 0 0 0 0 0 0 0 0 0 0 0 0 0 0 0 0 0 0 0 0 0 0 0 0 0 0 0 0 0 0 0 0 0 0 0 0 0 0 0 0 0 0 0 0 0 0 0 0 0 0 0 0 0 0 0 0 0 0 0 0 0 0 0 0 0 0 0 0 0 0 0 0 0 0 0 0 0 0 0 0 0 0 0 0 0 0 0 0 0 0 0 0 0 0 0 0 0 0 0 0 0 0 0 0 0 0 0 0 0 0 0 0 0 0 0 0 0 0 0 0 0 0 0 0 0 0 0 0 0 0 0 0 0 0 0 0 0 0 0 0 0 0 0 0 0 0 0 0 0 0 0 0 0 0 0 0 0 0 0 0 0 0 0 0 0 0 0 0 0 0 0 0 0 0 0 0 0 0 0 0 0 0 0 0 0 0 0 0 0 0 0 0 0 0 0 0 0 0 0 0 0 0 0 0 0 0 0 0 0 0 0 0 0 0 0 0 0 0 0 0 0 0 0 0 0 0 0 0 0 0 0 0 0 0 0 0 0 0 0 0 0 0 0 0 0 0 0 0 0 0 0 0 0 0 0 0 0 0 0 0 0 0 0 0 0 0 0 0 0 0 0 0 0 0 0 0 0 0 0 0 0 0 0 0 0 0 0 0 0 0 0 0 0 0 0 0 0 0 0 0 0 0 0 0 0 0 0 0 0 0 0 0 0 0 0 0 0 0 0 0 0 0 0 0 0 0 0 0 0 0 0 0 0 0 0 0 0 0 0 0 0 0 0 0 0 0 0 0 0 0 0 0 0 0 0 0 0 0 0 0 0 0 0 0 0 0 0 0 0 0 0 0 0 0 0 0 0 0 0 0 0 0 0 0 0 0 0 0 0 0 0 0 0 0 0 0 0 0 0 0 0 0 0 0 0 0 0 0 0 0 0 0 0 0 0 0 0 0 0 0 0 0 0 0 0 0 0 0 0 0 0 0 0 0 0 0 0 0 0 0 0 0 0 0 0 0 0 0 0 0 0 0 0 0 0 0 0 0 0 0 0 0 0 0 0 0 0 0 0 0 0 0 0 0 0 0 0 0 0 0 0 0 0 0 0 0 0 0 0 0 0 0 0 0 0 0 0 0 0 0 0 0 0 0 0 0 0 0 0 0 0 0 0 0 0 0 0 0 0 0 0 0 0 0 0 0 0 0 0 0 0 0 0 0 0 0 0 0 0 0 0 0 0 0 0 0 0 0 0 0 0 0 0 0 0 0 0 0 0 0 0 0 0 0 0 0 0 0 0 0 0 0 0 0 0 0 0 0 0 0 0 0 0 0 0 0 0 0 0 0 0 0 0 0 0 0 0 0 0 0 0 0 0 0 0 0 0 0 0 0 0 0 0 0 0 0 0 0 0 0 0 0 0 0 0 0 0 0 0 0 0 0 0 0 0 0 0 0 0 0 0 0 0 0 0 0 0 0 0 0 0 0 0 0 0 0 0 0 0 0 0 0 0 0 0 0 0 0 0 0 0 0 0 0 0 0 0 0 0 0 0 0 0 0 0 0 0 0 0 0 0 0 0 0 0 0 0 0 0 0 0 0 0 0 0 0 0 0 0 0 0 0 0 0 0 0 0 0 0 0 0 0 0 0 0 0 0 0 0 0 0 0 0 0 0 0 0 0 0 0 0 0 0 0 0 0 0 0 0 0 0 0 0 0 0 0 0 0 0 0 0 0 0 0 0 0 0 0 0 0 0 0 0 0 0 0 0 0 0 0 0 0 0 0 0 0 0 0 0 0 0 0 0 0 0 0 0 0 0 0 0 0 0 0 0 0 0 0 0 0 0 0 0 0 0 0 0 0 0 0 0 0 0 0 0 0 0 0 0 0 0 0 0 0 0 0 0 0 0 0 0 0 0 0 0 0 0 0 0 0 0 0 0 0 0 0 0 0 0 0 0 0 0 0 0 0 0 0 0 0 0 0 0 0 0 0 0 0 0 0 0 0 0 0 0 0 0 0 0 0 0 0 0 0 0 0 0 0 0 0 0 0 0 0 0 0 0 0 0 0 0 0 0 0 0 0 0 0 0 0 0 0 0 0 0 0 0 0 0 0 0 0 0 0 0 0 0 0 0 0 0 0 0 0 0 0 0 0 0 0 0 0 0 0 0 0 0 0 0 0 0 0 0 0 0 0 0 0 0 0 0 0 0 0 0 0 0 0 0 0 0 0 0 0 0 0 0 0 0 0 0 0 0 0 0 0 0 0 0 0 0 0 0 0 0 0 0 0 0 0 0 0 0 0 0 0 0 0 0 0 0 0 0 0 0 0 0 0 0 0 0 0 0 0 0 0 0 0 0 0 0 0 0 0 0 0 0 0 0 0 0 0 0 0 0 0 0 0 0 0 0 0 0 0 0 0 0 0 0 0 0 0 0 0 0 0 0 0 0 0 0 0 0 0 0 0 0 0 0 0 0 0 0 0 0 0 0 0 0 0 0 0 0 0 0 0 0 0 0 0 0 0 0 0 0 0 0 0 0 0 0 0 0 0 0 0 0 0 0 0 0 0 0 0 0 0 0 0 0 0 0 0 0 0 0 0 0 0 0 0 0 0 0 0 0 0 0 0 0 0 0 0 0 0 0 0 0 0 0 0 0 0 0 0 0 0 0 0 0 0 0 0 0 0 0 0 0 0 0 0 0 0 0 0 0 0 0 0 0 0 0 0 0 0 0 0 0 0 0 0 0 0 0 0 0 0 0 0 0 0 0 0 0 0 0 0 0 0 0 0 0 0 0 0 0 0 0 0 0 0 0 0 0 0 0 0 0 0 0 0 0 0 0 0 0 0 0 0 0 0 0 0 0 0 0 0 0 0 0 0 0 0 0 0 0 0 0 0 0 0 0 0 0 0 0 0 0 0 0 0 0 0 0 0 0 0 0 0 0 0 0 0 0 0 0 0 0 0 0 0 0 0 0 0 0 0 0 0 0 0 0 0 0 0 0 0 0 0 0 0 0 0 0 0 0 0 0 0 0 0 0 0 0 0 0 0 0 0 0 0 0 0 0 0 0 0 0 0 0 0 0 0 0 0 0 0 0 0 0 0 0 0 0 0 0 0 0 0 0 0 0 0 0 0 0 0 0 0 0 0 0 0 0 0 0 0 0 0 0 0 0 0 0 0 0 0 0 0 0 0 0 0 0 0 0 0 0 0 0 0 0 0 0 0 0 0 0 0 0 0 0 0 0 0 0 0 0 0 0 0 0 0 0 0 0 0 0 0 0 0 0 0 0 0 0 0 0 0 0 0 0 0 0 0 0 0 0 0 0 0 0 0 0 0 0 0 0 0 0 0 0 0 0 0 0 0 0 0 0 0 0 0 0 0 0 0 0 0 0 0 0 0 0 0 0 0 0 0 0 0 0 0 0 0 0 0 0 0 0 0 0 0 0 0 0 0 0 0 0 0 0 0 0 0 0 0 0 0 0 0 0 0 0 0 0 0 0 0 0 0 0 0 0 0 0 0 0 0 0 0 0 0 0 0 0 0 0 0 0 0 0 0 0 0 0 0 0 0 0 0 0 0 0 0 0 0 0 0 0 0 0 0 0 0 0 0 0 0 0 0 0 0 0 0 0 0 0 0 0 0 0 0 0 0 0 0 0 0 0 0 0 0 0 0 0 0 0 0 0 0 0 0 0 0 0 0 0 0 0 0 0 0 0 0 0 0 0 0 0 0 0 0 0 0 0 0 0 0 0 0 0 0 0 0 0 0 0 0 0 0 0 0 0 0 0 0 0 0 0 0 0 0 0 0 0 0 0 0 0 0 0 0 0 0 0 0 0 0 0 0 0 0 0 0 0 0 0 0 0 0 0 0 0 0 0 0 0 0 0 0 0 0 0 0 0 0 0 0 0 0 0 0 0 0 0 0 0 0 0 0 0 0 0 0 0 0 0 0 0 0 0 0 0 0 0 0 0 0 0 0 0 0 0 0 0 0 0 0 0 0 0 0 0 0 0 0 0 0 0 0 0 0 0 0 0 0 0 0 0 0 0 0 0 0 0 0 0 0 0 0 0 0 0 0 0 0 0 0 0 0 0 0 0 0 0 0 0 0 0 0 0 0 0 0 0 0 0 0 0 0 0 0 0 0 0 0 0 0 0 0 0 0 0 0 0 0 0 0 0 0 0 0 0 0 0 0 0 0 0 0 0 0 0 0 0 0 0 0 0 0 0 0 0 0 0 0 0 0 0 0 0 0 0 0 0 0 0 0 0 0 0 0 0 0 0 0 0 0 0 0 0 0 0 0 0 0 0 0 0 0 0 0 0 0 0 0 0 0 0 0 0 0 0 0 0 0 0 0 0 0 0 0 0 0 0 0 0 0 0 0 0 0 0 0 0 0 0 0 0 0 0 0 0 0 0 0 0 0 0 0 0 0 0 0 0 0 0 0 0 0 0 0 0 0 0 0 0 0 0 0 0 0 0 0 0 0 0 0 0 0 0 0 0 0 0 0 0 0 0 0 0 0 0 0 0 0 0 0 0 0 0 0 0 0 0 0 0 0 0 0 0 0 0 0 0 0 0 0 0 0 0 0 0 0 0 0 0 0 0 0 0 0 0 0 0 0 0 0 0 0 0 0 0 0 0 0 0 0 0 0 0 0 0 0 0 0 0 0 0 0 0 0 0 0 0 0 0 0 0 0 0 0 0 0 0 0 0 0 0 0 0 0 0 0 0 0 0 0 0 0 0 0 0 0 0 0 0 0 0 0 0 0 0 0 0 0 0 0 0 0 0 0 0 0 0 0 0 0 0 0 0 0 0 0 0 0 0 0 0 0 0 0 0 0 0 0 0 0 0 0 0 0 0 0 0 0 0 0 0 0 0 0 0 0 0 0 0 0 0 0 0 0 0 0 0 0 0 0 0 0 0 0 0 0 0 0 0 0 0 0 0 0 0 0 0 0 0 0 0 0 0 0 0 0 0 0 0 0 0 0 0 0 0 0 0 0 0 0 0 0 0 0 0 0 0 0 0 0 0 0 0 0 0 0 0 0 0 0 0 0 0 0 0 0 0 0 0 0 0 0 0 0 0 0 0 0 0 0 0 0 0 0 0 0 0 0 0 0 0 0 0 0 0 0 0 0 0 0 0 0 0 0 0 0 0 0 0 0 0 0 0 0 0 0 0 0 0 0 0 0 0 0 0 0 0 0 0 0 0 0 0 0 0 0 0 0 0 0 0 0 0 0 0 0 0 0 0 0 0 0 0 0 0 0 0 0 0 0 0 0 0 0 0 0 0 0 0 0 0 0 0 0 0 0 0 0 0 0 0 0 0 0 0 0 0 0 0 0 0 0 0 0 0 0 0 0 0 0 0 0 0 0 0 0 0 0 0 0 0 0 0 0 0 0 0 0 0 0 0 0 0 0 0 0 0 0 0 0 0 0 0 0 0 0 0 0 0 0 0 0 0 0 0 0 0 0 0 0 0 0 0 0 0 0 0 0 0 0 0 0 0 0 0 0 0 0 0 0 0 0 0 0 0 0 0 0 0 0 0 0 0 0 0 0 0 0 0 0 0 0 0 0 0 0 0 0 0 0 0 0 0 0 0 0 0 0 0 0 0 0 0 0 0 0 0 0 0 0 0 0 0 0 0 0 0 0 0 0 0 0 0 0 0 0 0 0 0 0 0 0 0 0 0 0 0 0 0 0 0 0 0 0 0 0 0 0 0 0 0 0 0 0 0 0 0 0 0 0 0 0 0 0 0 0 0 0 0 0 0 0 0 0 0 0 0 0 0 0 0 0 0 0 0 0 0 0 0 0 0 0 0 0 0 0 0 0 0 0 0 0 0 0 0 0 0 0 0 0 0 0 0 0 0 0 0 0 0 0 0 0 0 0 0 0 0 0 0 0 0 0 0 0 0 0 0 0 0 0 0 0 0 0 0 0 0 0 0 0 0 0 0 0 0 0 0 0 0 0 0 0 0 0 0 0 0 0 0 0 0 0 0 0 0 0 0 0 0 0 0 0 0 0 0 0 0 0 0 0 0 0 0 0 0 0 0 0 0 0 0 0 0 0 0 0 0 0 0 0 0 0 0 0 0 0 0 0 0 0 0 0 0 0 0 0 0 0 0 0 0 0 0 0 0 0 0 0 0 0 0 0 0 0 0 0 0 0 0 0 0 0 0 0 0 0 0 0 0 0 0 0 0 0 0 0 0 0 0 0 0 0 0 0 0 0 0 0 0 0 0 0 0 0 0 0 0 0 0 0 0 0 0 0 0 0 0 0 0 0 0 0 0 0 0 0 0 0 0 0 0 0 0 0 0 0 0 0 0 0 0 0 0 0 0 0 0 0 0 0 0 0 0 0 0 0 0 0 0 0 0 0 0 0 0 0 0 0 0 0 0 0 0 0 0 0 0 0 0 0 0 0 0 0 0 0 0 0 0 0 0 0 0 0 0 0 0 0 0 0 0 0 0 0 0 0 0 0 0 0 0 0 0 0 0 0 0 0 0 0 0 0 0 0 0 0 0 0 0 0 0 0 0 0 0 0 0 0 0 0 0 0 0 0 0 0 0 0 0 0 0 0 0 0 0 0 0 0 0 0 0 0 0 0 0 0 0 0 0 0 0 0 0 0 0 0 0 0 0 0 0 0 0 0 0 0 0 0 0 0 0 0 0 0 0 0 0 0 0 0 0 0 0 0 0 0 0 0 0 0 0 0 0 0 0 0 0 0 0 0 0 0 0 0 0 0 0 0 0 0 0 0 0 0 0 0 0 0 0 0 0 0 0 0 0 0 0 0 0 0 0 0 0 0 0 0 0 0 0 0 0 0 0 0 0 0 0 0 0 0 0 0 0 0 0 0 0 0 0 0 0 0 0 0 0 0 0 0 0 0 0 0 0 0 0 0 0 0 0 0 0 0 0 0 0 0 0 0 0 0 0 0 0 0 0 0 0 0 0 0 0 0 0 0 0 0 0 0 0 0 0 0 0 0 0 0 0 0 0 0 0 0 0 0 0 0 0 0 0 0 0 0 0 0 0 0 0 0 0 0 0 0 0 0 0 0 0 0 0 0 0 0 0 0 0 0 0 0 0 0 0 0 0 0 0 0 0 0 0 0 0 0 0 0 0 0 0 0 0 0 0 0 0 0 0 0 0 0 0 0 0 0 0 0 0 0 0 0 0 0 0 0 0 0 0 0 0 0 0 0 0 0 0 0 0 0 0 0 0 0 0 0 0 0 0 0 0 0 0 0 0 0 0 0 0 0 0 0 0 0 0 0 0 0 0 0 0 0 0 0 0 0 0 0 0 0 0 0 0 0 0 0 0 0 0 0 0 0 0 0 0 0 0 0 0 0 0 0 0 0 0 0 0 0 0 0 0 0 0 0 0 0 0 0 0 0 0 0 0 0 0 0 0 0 0 0 0 0 0 0 0 0 0 0 0 0 0 0 0 0 0 0 0 0 0 0 0 0 0 0 0 0 0 0 0 0 0 0 0 0 0 0 0 0 0 0 0 0 0 0 0 0 0 0 0 0 0 0 0 0 0 0 0 0 0 0 0 0 0 0 0 0 0 0 0 0 0 0 0 0 0 0 0 0 0 0 0 0 0 0 0 0 0 0 0 0 0 0 0 0 0 0 0 0 0 0 0 0 0 0 0 0 0 0 0 0 0 0 0 0 0 0 0 0 0 0 0 0 0 0 0 0 0 0 0 0 0 0 0 0 0 0 0 0 0 0 0 0 0 0 0 0 0 0 0 0 0 0 0 0 0 0 0 0 0 0 0 0 0 0 0 0 0 0 0 0 0 0 0 0 0 0 0 0 0 0 0 0 0 0 0 0 0 0 0 0 0 0 0 0 0 0 0 0 0 0 0 0 0 0 0 0 0 0 0 0 0 0 0 0 0 0 0 0 0 0 0 0 0 0 0 0 0 0 0 0 0 0 0 0 0 0 0 0 0 0 0 0 0 0 0 0 0 0 0 0 0 0 0 0 0 0 0 0 0 0 0 0 0 0 0 0 0 0 0 0 0 0 0 0 0 0 0 0 0 0 0 0 0 0 0 0 0 0 0 0 0 0 0 0 0 0 0 0 0 0 0 0 0 0 0 0 0 0 0 0 0 0 0 0 0 0 0 0 0 0 0 0 0 0 0 0 0 0 0 0 0 0 0 0 0 0 0 0 0 0 0 0 0 0 0 0 0 0 0 0 0 0 0 0 0 0 0 0 0 0 0 0 0 0 0 0 0 0 0 0 0 0 0 0 0 0 0 0 0 0 0 0 0 0 0 0 0 0 0 0 0 0 0 0 0 0 0 0 0 0 0 0 0 0 0 0 0 0 0 0 0 0 0 0 0 0 0 0 0 0 0 0 0 0 0 0 0 0 0 0 0 0 0 0 0 0 0 0 0 0 0 0 0 0 0 0 0 0 0 0 0 0 0 0 0 0 0 0 0 0 0 0 0 0 0 0 0 0 0 0 0 0 0 0 0 0 0 0 0 0 0 0 0 0 0 0 0 0 0 0 0 0 0 0 0 0 0 0 0 0 0 0 0 0 0 0 0 0 0 0 0 0 0 0 0 0 0 0 0 0 0 0 0 0 0 0 0 0 0 0 0 0 0 0 0 0 0 0 0 0 0 0 0 0 0 0 0 0 0 0 0 0 0 0 0 0 0 0 0 0 0 0 0 0 0 0 0 0 0 0 0 0 0 0 0 0 0 0 0 0 0 0 0 0 0 0 0 0 0 0 0 0 0 0 0 0 0 0 0 0 0 0 0 0 0 0 0 0 0 0 0 0 0 0 0 0 0 0 0 0 0 0 0 0 0 0 0 0 0 0 0 0 0 0 0 0 0 0 0 0 0 0 0 0 0 0 0 0 0 0 0 0 0 0 0 0 0 0 0 0 0 0 0 0 0 0 0 0 0 0 0 0 0 0 0 0 0 0 0 0 0 0 0 0 0 0 0 0 0 0 0 0 0 0 0 0 0 0 0 0 0 0 0 0 0 0 0 0 0 0 0 0 0 0 0 0 0 0 0 0 0 0 0 0 0 0 0 0 0 0 0 0 0 0 0 0 0 0 0 0 0 0 0 0 0 0 0 0 0 0 0 0 0 0 0 0 0 0 0 0 0 0 0 0 0 0 0 0 0 0 0 0 0 0 0 0 0 0 0 0 0 0 0 0 0 0 0 0 0 0 0 0 0 0 0 0 0 0 0 0 0 0 0 0 0 0 0 0 0 0 0 0 0 0 0 0 0 0 0 0 0 0 0 0 0 0 0 0 0 0 0 0 0 0 0 0 0 0 0 0 0 0 0 0 0 0 0 0 0 0 0 0 0 0 0 0 0 0 0 0 0 0 0 0 0 0 0 0 0 0 0 0 0 0 0 0 0 0 0 0 0 0 0 0 0 0 0 0 0 0 0 0 0 0 0 0 0 0 0 0 0 0 0 0 0 0 0 0 0 0 0 0 0 0 0 0 0 0 0 0 0 0 0 0 0 0 0 0 0 0 0 0 0 0 0 0 0 0 0 0 0 0 0 0 0 0 0 0 0 0 0 0 0 0 0 0 0 0 0 0 0 0 0 0 0 0 0 0 0 0 0 0 0 0 0 0 0 0 0 0 0 0 0 0 0 0 0 0 0 0 0 0 0 0 0 0 0 0 0 0 0 0 0 0 0 0 0 0 0 0 0 0 0 0 0 0 0 0 0 0 0 0 0 0 0 0 0 0 0 0 0 0 0 0 0 0 0 0 0 0 0 0 0 0 0 0 0 0 0 0 0 0 0 0 0 0 0 0 0 0 0 0 0 0 0 0 0 0 0 0 0 0 0 0 0 0 0 0 0 0 0 0 0 0 0 0 0 0 0 0 0 0 0 0 0 0 0 0 0 0 0 0 0 0 0 0 0 0 0 0 0 0 0 0 0 0 0 0 0 0 0 0 0 0 0 0 0 0 0 0 0 0 0 0 0 0 0 0 0 0 0 0 0 0 0 0 0 0 0 0 0 0 0 0 0 0 0 0 0 0 0 0 0 0 0 0 0 0 0 0 0 0 0 0 0 0 0 0 0 0 0 0 0 0 0 0 0 0 0 0 0 0 0 0 0 0 0 0 0 0 0 0 0 0 0 0 0 0 0 0 0 0 0 0 0 0 0 0 0 0 0 0 0 0 0 0 0 0 0 0 0 0 0 0 0 0 0 0 0 0 0 0 0 0 0 0 0 0 0 0 0 0 0 0 0 0 0 0 0 0 0 0 0 0 0 0 0 0 0 0 0 0 0 0 0 0 0 0 0 0 0 0 0 0 0 0 0 0 0 0 0 0 0 0 0 0 0 0 0 0 0 0 0 0 0 0 0 0 0 0 0 0 0 0 0 0 0 0 0 0 0 0 0 0 0 0 0 0 0 0 0 0 0 0 0 0 0 0 0 0 0 0 0 0 0 0 0 0 0 0 0 0 0 0 0 0 0 0 0 0 0 0 0 0 0 0 0 0 0 0 0 0 0 0 0 0 0 0 0 0 0 0 0 0 0 0 0 0 0 0 0 0 0 0 0 0 0 0 0 0 0 0 0 0 0 0 0 0 0 0 0 0 0 0 0 0 0 0 0 0 0 0 0 0 0 0 0 0 0 0 0 0 0 0 0 0 0 0 0 0 0 0 0 0 0 0 0 0 0 0 0 0 0 0 0 0 0 0 0 0 0 0 0 0 0 0 0 0 0 0 0 0 0 0 0 0 0 0 0 0 0 0 0 0 0 0 0 0 0 0 0 0 0 0 0 0 0 0 0 0 0 0 0 0 0 0 0 0 0 0 0 0 0 0 0 0 0 0 0 0 0 0 0 0 0 0 0 0 0 0 0 0 0 0 0 0 0 0 0 0 0 0 0 0 0 0 0 0 0 0 0 0 0 0 0 0 0 0 0 0 0 0 0 0 0 0 0 0 0 0 0 0 0 0 0 0 0 0 0 0 0 0 0 0 0 0 0 0 0 0 0 0 0 0 0 0 0 0 0 0 0 0 0 0 0 0 0 0 0 0 0 0 0 0 0 0 0 0 0 0 0 0 0 0 0 0 0 0 0 0 0 0 0 0 0 0 0 0 0 0 0 0 0 0 0 0 0 0 0 0 0 0 0 0 0 0 0 0 0 0 0 0 0 0 0 0 0 0 0 0 0 0 0 0 0 0 0 0 0 0 0 0 0 0 0 0 0 0 0 0 0 0 0 0 0 0 0 0 0 0 0 0 0 0 0 0 0 0 0 0 0 0 0 0 0 0 0 0 0 0 0 0 0 0 0 0 0 0 0 0 0 0 0 0 0 0 0 0 0 0 0 0 0 0 0 0 0 0 0 0 0 0 0 0 0 0 0 0 0 0 0 0 0 0 0 0 0 0 0 0 0 0 0 0 0 0 0 0 0 0 0 0 0 0 0 0 0 0 0 0 0 0 0 0 0 0 0 0 0 0 0 0 0 0 0 0 0 0 0 0 0 0 0 0 0 0 0 0 0 0 0 0 0 0 0 0 0 0 0 0 0 0 0 0 0 0 0 0 0 0 0 0 0 0 0 0 0 0 0 0 0 0 0 0 0 0 0 0 0 0 0 0 0 0 0 0 0 0 0 0 0 0 0 0 0 0 0 0 0 0 0 0 0 0 0 0 0 0 0 0 0 0 0 0 0 0 0 0 0 0 0 0 0 0 0 0 0 0 0 0 0 0 0 0 0 0 0 0 0 0 0 0 0 0 0 0 0 0 0 0 0 0 0 0 0 0 0 0 0 0 0 0 0 0 0 0 0 0 0 0 0 0 0 0 0 0 0 0 0 0 0 0 0 0 0 0 0 0 0 0 0 0 0 0 0 0 0 0 0 0 0 0 0 0 0 0 0 0 0 0 0 0 0 0 0 0 0 0 0 0 0 0 0 0 0 0 0 0 0 0 0 0 0 0 0 0 0 0 0 0 0 0 0 0 0 0 0 0 0 0 0 0 0 0 0 0 0 0 0 0 0 0 0 0 0 0 0 0 0 0 0 0 0 0 0 0 0 0 0 0 0 0 0 0 0 0 0 0 0 0 0 0 0 0 0 0 0 0 0 0 0 0 0 0 0 0 0 0 0 0 0 0 0 0 0 0 0 0 0 0 0 0 0 0 0 0 0 0 0 0 0 0 0 0 0 0 0 0 0 0 0 0 0 0 0 0 0 0 0 0 0 0 0 0 0 0 0 0 0 0 0 0 0 0 0 0 0 0 0 0 0 0 0 0 0 0 0 0 0 0 0 0 0 0 0 0 0 0 0 0 0 0 0 0 0 0 0 0 0 0 0 0 0 0 0 0 0 0 0 0 0 0 0 0 0 0 0 0 0 0 0 0 0 0 0 0 0 0 0 0 0 0 0 0 0 0 0 0 0 0 0 0 0 0 0 0 0 0 0 0 0 0 0 0 0 0 0 0 0 0 0 0 0 0 0 0 0 0 0 0 0 0 0 0 0 0 0 0 0 0 0 0 0 0 0 0 0 0 0 0 0 0 0 0 0 0 0 0 0 0 0 0 0 0 0 0 0 0 0 0 0 0 0 0 0 0 0 0 0 0 0 0 0 0 0 0 0 0 0 0 0 0 0 0 0 0 0 0 0 0 0 0 0 0 0 0 0 0 0 0 0 0 0 0 0 0 0 0 0 0 0 0 0 0 0 0 0 0 0 0 0 0 0 0 0 0 0 0 0 0 0 0 0 0 0 0 0 0 0 0 0 0 0 0 0 0 0 0 0 0 0 0 0 0 0 0 0 0 0 0 0 0 0 0 0 0 0 0 0 0 0 0 0 0 0 0 0 0 0 0 0 0 0 0 0 0 0 0 0 0 0 0 0 0 0 0 0 0 0 0 0 0 0 0 0 0 0 0 0 0 0 0 0 0 0 0 0 0 0 0 0 0 0 0 0 0 0 0 0 0 0 0 0 0 0 0 0 0 0 0 0 0 0 0 0 0 0 0 0 0 0 0 0 0 0 0 0 0 0 0 0 0 0 0 0 0 0 0 0 0 0 0 0 0 0 0 0 0 0 0 0 0 0 0 0 0 0 0 0 0 0 0 0 0 0 0 0 0 0 0 0 0 0 0 0 0 0 0 0 0 0 0 0 0 0 0 0 0 0 0 0 0 0 0 0 0 0 0 0 0 0 0 0 0 0 0 0 0 0 0 0 0 0 0 0 0 0 0 0 0 0 0 0 0 0 0 0 0 0 0 0 0 0 0 0 0 0 0 0 0 0 0 0 0 0 0 0 0 0 0 0 0 0 0 0 0 0 0 0 0 0 0 0 0 0 0 0 0 0 0 0 0 0 0 0 0 0 0 0 0 0 0 0 0 0 0 0 0 0 0 0 0 0 0 0 0 0 0 0 0 0 0 0 0 0 0 0 0 0 0 0 0 0 0 0 0 0 0 0 0 0 0 0 0 0 0 0 0 0 0 0 0 0 0 0 0 0 0 0 0 0 0 0 0 0 0 0 0 0 0 0 0 0 0 0 0 0 0 0 0 0 0 0 0 0 0 0 0 0 0 0 0 0 0 0 0 0 0 0 0 0 0 0 0 0 0 0 0 0 0 0 0 0 0 0 0 0 0 0 0 0 0 0 0 0 0 0 0 0 0 0 0 0 0 0 0 0 0 0 0 0 0 0 0 0 0 0 0 0 0 0 0 0 0 0 0 0 0 0 0 0 0 0 0 0 0 0 0 0 0 0 0 0 0 0 0 0 0 0 0 0 0 0 0 0 0 0 0 0 0 0 0 0 0 0 0 0 0 0 0 0 0 0 0 0 0 0 0 0 0 0 0 0 0 0 0 0 0 0 0 0 0 0 0 0 0 0 0 0 0 0 0 0 0 0 0 0 0 0 0 0 0 0 0 0 0 0 0 0 0 0 0 0 0 0 0 0 0 0 0 0 0 0 0 0 0 0 0 0 0 0 0 0 0 0 0 0 0 0 0 0 0 0 0 0 0 0 0 0 0 0 0 0 0 0 0 0 0 0 0 0 0 0 0 0 0 0 0 0 0 0 0 0 0 0 0 0 0 0 0 0 0 0 0 0 0 0 0 0 0 0 0 0 0 0 0 0 0 0 0 0 0 0 0 0 0 0 0 0 0 0 0 0 0 0 0 0 0 0 0 0 0 0 0 0 0 0 0 0 0 0 0 0 0 0 0 0 0 0 0 0 0 0 0 0 0 0 0 0 0 0 0 0 0 0 0 0 0 0 0 0 0 0 0 0 0 0 0 0 0 0 0 0 0 0 0 0 0 0 0 0 0 0 0 0 0 0 0 0 0 0 0 0 0 0 0 0 0 0 0 0 0 0 0 0 0 0 0 0 0 0 0 0 0 0 0 0 0 0 0 0 0 0 0 0 0 0 0 0 0 0 0 0 0 0 0 0 0 0 0 0 0 0 0 0 0 0 0 0 0 0 0 0 0 0 0 0 0 0 0 0 0 0 0 0 0 0 0 0 0 0 0 0 0 0 0 0 0 0 0 0 0 0 0 0 0 0 0 0 0 0 0 0 0 0 0 0 0 0 0 0 0 0 0 0 0 0 0 0 0 0 0 0 0 0 0 0 0 0 0 0 0 0 0 0 0 0 0 0 0 0 0 0 0 0 0 0 0 0 0 0 0 0 0 0 0 0 0 0 0 0 0 0 0 0 0 0 0 0 0 0 0 0 0 0 0 0 0 0 0 0 0 0 0 0 0 0 0 0 0 0 0 0 0 0 0 0 0 0 0 0 0 0 0 0 0 0 0 0 0 0 0 0 0 0 0 0 0 0 0 0 0 0 0 0 0 0 0 0 0 0 0 0 0 0 0 0 0 0 0 0 0 0 0 0 0 0 0 0 0 0 0 0 0 0 0 0 0 0 0 0 0 0 0 0 0 0 0 0 0 0 0 0 0 0 0 0 0 0 0 0 0 0 0 0 0 0 0 0 0 0 0 0 0 0 0 0 0 0 0 0 0 0 0 0 0 0 0 0 0 0 0 0 0 0 0 0 0 0 0 0 0 0 0 0 0 0 0 0 0 0 0 0 0 0 0 0 0 0 0 0 0 0 0 0 0 0 0 0 0 0 0 0 0 0 0 0 0 0 0 0 0 0 0 0 0 0 0 0 0 0 0 0 0 0 0 0 0 0 0 0 0 0 0 0 0 0 0 0 0 0 0 0 0 0 0 0 0 0 0 0 0 0 0 0 0 0 0 0 0 0 0 0 0 0 0 0 0 0 0 0 0 0 0 0 0 0 0 0 0 0 0 0 0 0 0 0 0 0 0 0 0 0 0 0 0 0 0 0 0 0 0 0 0 0 0 0 0 0 0 0 0 0 0 0 0 0 0 0 0 0 0 0 0 0 0 0 0 0 0 0 0 0 0 0 0 0 0 0 0 0 0 0 0 0 0 0 0 0 0 0 0 0 0 0 0 0 0 0 0 0 0 0 0 0 0 0 0 0 0 0 0 0 0 0 0 0 0 0 0 0 0 0 0 0 0 0 0 0 0 0 0 0 0 0 0 0 0 0 0 0 0 0 0 0 0 0 0 0 0 0 0 0 0 0 0 0 0 0 0 0 0 0 0 0 0 0 0 0 0 0 0 0 0 0 0 0 0 0 0 0 0 0 0 0 0 0 0 0 0 0 0 0 0 0 0 0 0 0 0 0 0 0 0 0 0 0 0 0 0 0 0 0 0 0 0 0 0 0 0 0 0 0 0 0 0 0 0 0 0 0 0 0 0 0 0 0 0 0 0 0 0 0 0 0 0 0 0 0 0 0 0 0 0 0 0 0 0 0 0 0 0 0 0 0 0 0 0 0 0 0 0 0 0 0 0 0 0 0 0 0 0 0 0 0 0 0 0 0 0 0 0 0 0 0 0 0 0 0 0 0 0 0 0 0 0 0 0 0 0 0 0 0 0 0 0 0 0 0 0 0 0 0 0 0 0 0 0 0 0 0 0 0 0 0 0 0 0 0 0 0 0 0 0 0 0 0 0 0 0 0 0 0 0 0 0 0 0 0 0 0 0 0 0 0 0 0 0 0 0 0 0 0 0 0 0 0 0 0 0 0 0 0 0 0 0 0 0 0 0 0 0 0 0 0 0 0 0 0 0 0 0 0 0 0 0 0 0 0 0 0 0 0 0 0 0 0 0 0 0 0 0 0 0 0 0 0 0 0 0 0 0 0 0 0 0 0 0 0 0 0 0 0 0 0 0 0 0 0 0 0 0 0 0 0 0 0 0 0 0 0 0 0 0 0 0 0 0 0 0 0 0 0 0 0 0 0 0 0 0 0 0 0 0 0 0 0 0 0 0 0 0 0 0 0 0 0 0 0 0 0 0 0 0 0 0 0 0 0 0 0 0 0 0 0 0 0 0 0 0 0 0 0 0 0 0 0 0 0 0 0 0 0 0 0 0 0 0 0 0 0 0 0 0 0 0 0 0 0 0 0 0 0 0 0 0 0 0 0 0 0 0 0 0 0 0 0 0 0 0 0 0 0 0 0 0 0 0 0 0 0 0 0 0 0 0 0 0 0 0 0 0 0 0 0 0 0 0 0 0 0 0 0 0 0 0 0 0 0 0 0 0 0 0 0 0 0 0 0 0 0 0 0 0 0 0 0 0 0 0 0 0 0 0 0 0 0 0 0 0 0 0 0 0 0 0 0 0 0 0 0 0 0 0 0 0 0 0 0 0 0 0 0 0 0 0 0 0 0 0 0 0 0 0 0 0 0 0 0 0 0 0 0 0 0 0 0 0 0 0 0 0 0 0 0 0 0 0 0 0 0 0 0 0 0 0 0 0 0 0 0 0 0 0 0 0 0 0 0 0 0 0 0 0 0 0 0 0 0 0 0 0 0 0 0 0 0 0 0 0 0 0 0 0 0 0 0 0 0 0 0 0 0 0 0 0 0 0 0 0 0 0 0 0 0 0 0 0 0 0 0 0 0 0 0 0 0 0 0 0 0 0 0 0 0 0 0 0 0 0 0 0 0 0 0 0 0 0 0 0 0 0 0 0 0 0 0 0 0 0 0 0 0 0 0 0 0 0 0 0 0 0 0 0 0 0 0 0 0 0 0 0 0 0 0 0 0 0 0 0 0 0 0 0 0 0 0 0 0 0 0 0 0 0 0 0 0 0 0 0 0 0 0 0 0 0 0 0 0 0 0 0 0 0 0 0 0 0 0 0 0 0 0 0 0 0 0 0 0 0 0 0 0 0 0 0 0 0 0 0 0 0 0 0 0 0 0 0 0 0 0 0 0 0 0 0 0 0 0 0 0 0 0 0 0 0 0 0 0 0 0 0 0 0 0 0 0 0 0 0 0 0 0 0 0 0 0 0 0 0 0 0 0 0 0 0 0 0 0 0 0 0 0 0 0 0 0 0 0 0 0 0 0 0 0 0 0 0 0 0 0 0 0 0 0 0 0 0 0 0 0 0 0 0 0 0 0 0 0 0 0 0 0 0 0 0 0 0 0 0 0 0 0 0 0 0 0 0 0 0 0 0 0 0 0 0 0 0 0 0 0 0 0 0 0 0 0 0 0 0 0 0 0 0 0 0 0 0 0 0 0 0 0 0 0 0 0 0 0 0 0 0 0 0 0 0 0 0 0 0 0 0 0 0 0 0 0 0 0 0 0 0 0 0 0 0 0 0 0 0 0 0 0 0 0 0 0 0 0 0 0 0 0 0 0 0 0 0 0 0 0 0 0 0 0 0 0 0 0 0 0 0 0 0 0 0 0 0 0 0 0 0 0 0 0 0 0 0 0 0 0 0 0 0 0 0 0 0 0 0 0 0 0 0 0 0 0 0 0 0 0 0 0 0 0 0 0 0 0 0 0 0 0 0 0 0 0 0 0 0 0 0 0 0 0 0 0 0 0 0 0 0 0 0 0 0 0 0 0 0 0 0 0 0 0 0 0 0 0 0 0 0 0 0 0 0 0 0 0 0 0 0 0 0 0 0 0 0 0 0 0 0 0 0 0 0 0 0 0 0 0 0 0 0 0 0 0 0 0 0 0 0 0 0 0 0 0 0 0 0 0 0 0 0 0 0 0 0 0 0 0 0 0 0 0 0 0 0 0 0 0 0 0 0 0 0 0 0 0 0 0 0 0 0 0 0 0 0 0 0 0 0 0 0 0 0 0 0 0 0 0 0 0 0 0 0 0 0 0 0 0 0 0 0 0 0 0 0 0 0 0 0 0 0 0 0 0 0 0 0 0 0 0 0 0 0 0 0 0 0 0 0 0 0 0 0 0 0 0 0 0 0 0 0 0 0 0 0 0 0 0 0 0 0 0 0 0 0 0 0 0 0 0 0 0 0 0 0 0 0 0 0 0 0 0 0 0 0 0 0 0 0 0 0 0 0 0 0 0 0 0 0 0 0 0 0 0 0 0 0 0 0 0 0 0 0 0 0 0 0 0 0 0 0 0 0 0 0 0 0 0 0 0 0 0 0 0 0 0 0 0 0 0 0 0 0 0 0 0 0 0 0 0 0 0 0 0 0 0 0 0 0 0 0 0 0 0 0 0 0 0 0 0 0 0 0 0 0 0 0 0 0 0 0 0 0 0 0 0 0 0 0 0 0 0 0 0 0 0 0 0 0 0 0 0 0 0 0 0 0 0 0 0 0 0 0 0 0 0 0 0 0 0 0 0 0 0 0 0 0 0 0 0 0 0 0 0 0 0 0 0 0 0 0 0 0 0 0 0 0 0 0 0 0 0 0 0 0 0 0 0 0 0 0 0 0 0 0 0 0 0 0 0 0 0 0 0 0 0 0 0 0 0 0 0 0 0 0 0 0 0 0 0 0 0 0 0 0 0 0 0 0 0 0 0 0 0 0 0 0 0 0 0 0 0 0 0 0 0 0 0 0 0 0 0 0 0 0 0 0 0 0 0 0 0 0 0 0 0 0 0 0 0 0 0 0 0 0 0 0 0 0 0 0 0 0 0 0 0 0 0 0 0 0 0 0 0 0 0 0 0 0 0 0 0 0 0 0 0 0 0 0 0 0 0 0 0 0 0 0 0 0 0 0 0 0 0 0 0 0 0 0 0 0 0 0 0 0 0 0 0 0 0 0 0 0 0 0 0 0 0 0 0 0 0 0 0 0 0 0 0 0 0 0 0 0 0 0 0 0 0 0 0 0 0 0 0 0 0 0 0 0 0 0 0 0 0 0 0 0 0 0 0 0 0 0 0 0 0 0 0 0 0 0 0 0 0 0 0 0 0 0 0 0 0 0 0 0 0 0 0 0 0 0 0 0 0 0 0 0 0 0 0 0 0 0 0 0 0 0 0 0 0 0 0 0 0 0 0 0 0 0 0 0 0 0 0 0 0 0 0 0 0 0 0 0 0 0 0 0 0 0 0 0 0 0 0 0 0 0 0 0 0 0 0 0 0 0 0 0 0 0 0 0 0 0 0 0 0 0 0 0 0 0 0 0 0 0 0 0 0 0 0 0 0 0 0 0 0 0 0 0 0 0 0 0 0 0 0 0 0 0 0 0 0 0 0 0 0 0 0 0 0 0 0 0 0 0 0 0 0 0 0 0 0 0 0 0 0 0 0 0 0 0 0 0 0 0 0 0 0 0 0 0 0 0 0 0 0 0 0 0 0 0 0 0 0 0 0 0 0 0 0 0 0 0 0 0 0 0 0 0 0 0 0 0 0 0 0 0 0 0 0 0 0 0 0 0 0 0 0 0 0 0 0 0 0 0 0 0 0 0 0 0 0 0 0 0 0 0 0 0 0 0 0 0 0 0 0 0 0 0 0 0 0 0 0 0 0 0 0 0 0 0 0 0 0 0 0 0 0 0 0 0 0 0 0 0 0 0 0 0 0 0 0 0 0 0 0 0 0 0 0 0 0 0 0 0 0 0 0 0 0 0 0 0 0 0 0 0 0 0 0 0 0 0 0 0 0 0 0 0 0 0 0 0 0 0 0 0 0 0 0 0 0 0 0 0 0 0 0 0 0 0 0 0 0 0 0 0 0 0 0 0 0 0 0 0 0 0 0 0 0 0 0 0 0 0 0 0 0 0 0 0 0 0 0 0 0 0 0 0 0 0 0 0 0 0 0 0 0 0 0 0 0 0 0 0 0 0 0 0 0 0 0 0 0 0 0 0 0 0 0 0 0 0 0 0 0 0 0 0 0 0 0 0 0 0 0 0 0 0 0 0 0 0 0 0 0 0 0 0 0 0 0 0 0 0 0 0 0 0 0 0 0 0 0 0 0 0 0 0 0 0 0 0 0 0 0 0 0 0 0 0 0 0 0 0 0 0 0 0 0 0 0 0 0 0 0 0 0 0 0 0 0 0 0 0 0 0 0 0 0 0 0 0 0 0 0 0 0 0 0 0 0 0 0 0 0 0 0 0 0 0 0 0 0 0 0 0 0 0 0 0 0 0 0 0 0 0 0 0 0 0 0 0 0 0 0 0 0 0 0 0 0 0 0 0 0 0 0 0 0 0 0 0 0 0 0 0 0 0 0 0 0 0 0 0 0 0 0 0 0 0 0 0 0 0 0 0 0 0 0 0 0 0 0 0 0 0 0 0 0 0 0 0 0 0 0 0 0 0 0 0 0 0 0 0 0 0 0 0 0 0 0 0 0 0 0 0 0 0 0 0 0 0 0 0 0 0 0 0 0 0 0 0 0 0 0 0 0 0 0 0 0 0 0 0 0 0 0 0 0 0 0 0 0 0 0 0 0 0 0 0 0 0 0 0 0 0 0 0 0 0 0 0 0 0 0 0 0 0 0 0 0 0 0 0 0 0 0 0 0 0 0 0 0 0 0 0 0 0 0 0 0 0 0 0 0 0 0 0 0 0 0 0 0 0 0 0 0 0 0 0 0 0 0 0 0 0 0 0 0 0 0 0 0 0 0 0 0 0 0 0 0 0 0 0 0 0 0 0 0 0 0 0 0 0 0 0 0 0 0 0 0 0 0 0 0 0 0 0 0 0 0 0 0 0 0 0 0 0 0 0 0 0 0 0 0 0 0 0 0 0 0 0 0 0 0 0 0 0 0 0 0 0 0 0 0 0 0 0 0 0 0 0 0 0 0 0 0 0 0 0 0 0 0 0 0 0 0 0 0 0 0 0 0 0 0 0 0 0 0 0 0 0 0 0 0 0 0 0 0 0 0 0 0 0 0 0 0 0 0 0 0 0 0 0 0 0 0 0 0 0 0 0 0 0 0 0 0 0 0 0 0 0 0 0 0 0 0 0 0 0 0 0 0 0 0 0 0 0 0 0 0 0 0 0 0 0 0 0 0 0 0 0 0 0 0 0 0 0 0 0 0 0 0 0 0 0 0 0 0 0 0 0 0 0 0 0 0 0 0 0 0 0 0 0 0 0 0 0 0 0 0 0 0 0 0 0 0 0 0 0 0 0 0 0 0 0 0 0 0 0 0 0 0 0 0 0 0 0 0 0 0 0 0 0 0 0 0 0 0 0 0 0 0 0 0 0 0 0 0 0 0 0 0 0 0 0 0 0 0 0 0 0 0 0 0 0 0 0 0 0 0 0 0 0 0 0 0 0 0 0 0 0 0 0 0 0 0 0 0 0 0 0 0 0 0 0 0 0 0 0 0 0 0 0 0 0 0 0 0 0 0 0 0 0 0 0 0 0 0 0 0 0 0 0 0 0 0 0 0 0 0 0 0 0 0 0 0 0 0 0 0 0 0 0 0 0 0 0 0 0 0 0 0 0 0 0 0 0 0 0 0 0 0 0 0 0 0 0 0 0 0 0 0 0 0 0 0 0 0 0 0 0 0 0 0 0 0 0 0 0 0 0 0 0 0 0 0 0 0 0 0 0 0 0 0 0 0 0 0 0 0 0 0 0 0 0 0 0 0 0 0 0 0 0 0 0 0 0 0 0 0 0 0 0 0 0 0 0 0 0 0 0 0 0 0 0 0 0 0 0 0 0 0 0 0 0 0 0 0 0 0 0 0 0 0 0 0 0 0 0 0 0 0 0 0 0 0 0 0 0 0 0 0 0 0 0 0 0 0 0 0 0 0 0 0 0 0 0 0 0 0 0 0 0 0 0 0 0 0 0 0 0 0 0 0 0 0 0 0 0 0 0 0 0 0 0 0 0 0 0 0 0 0 0 0 0 0 0 0 0 0 0 0 0 0 0 0 0 0 0 0 0 0 0 0 0 0 0 0 0 0 0 0 0 0 0 0 0 0 0 0 0 0 0 0 0 0 0 0 0 0 0 0 0 0 0 0 0 0 0 0 0 0 0 0 0 0 0 0 0 0 0 0 0 0 0 0 0 0 0 0 0 0 0 0 0 0 0 0 0 0 0 0 0 0 0 0 0 0 0 0 0 0 0 0 0 0 0 0 0 0 0 0 0 0 0 0 0 0 0 0 0 0 0 0 0 0 0 0 0 0 0 0 0 0 0 0 0 0 0 0 0 0 0 0 0 0 0 0 0 0 0 0 0 0 0 0 0 0 0 0 0 0 0 0 0 0 0 0 0 0 0 0 0 0 0 0 0 0 0 0 0 0 0 0 0 0 0 0 0 0 0 0 0 0 0 0 0 0 0 0 0 0 0 0 0 0 0 0 0 0 0 0 0 0 0 0 0 0 0 0 0 0 0 0 0 0 0 0 0 0 0 0 0 0 0 0 0 0 0 0 0 0 0 0 0 0 0 0 0 0 0 0 0 0 0 0 0 0 0 0 0 0 0 0 0 0 0 0 0 0 0 0 0 0 0 0 0 0 0 0 0 0 0 0 0 0 0 0 0 0 0 0 0 0 0 0 0 0 0 0 0 0 0 0 0 0 0 0 0 0 0 0 0 0 0 0 0 0 0 0 0 0 0 0 0 0 0 0 0 0 0 0 0 0 0 0 0 0 0 0 0 0 0 0 0 0 0 0 0 0 0 0 0 0 0 0 0 0 0 0 0 0 0 0 0 0 0 0 0 0 0 0 0 0 0 0 0 0 0 0 0 0 0 0 0 0 0 0 0 0 0 0 0 0 0 0 0 0 0 0 0 0 0 0 0 0 0 0 0 0 0 0 0 0 0 0 0 0 0 0 0 0 0 0 0 0 0 0 0 0 0 0 0 0 0 0 0 0 0 0 0 0 0 0 0 0 0 0 0 0 0 0 0 0 0 0 0 0 0 0 0 0 0 0 0 0 0 0 0 0 0 0 0 0 0 0 0 0 0 0 0 0 0 0 0 0 0 0 0 0 0 0 0 0 0 0 0 0 0 0 0 0 0 0 0 0 0 0 0 0 0 0 0 0 0 0 0 0 0 0 0 0 0 0 0 0 0 0 0 0 0 0 0 0 0 0 0 0 0 0 0 0 0 0 0 0 0 0 0 0 0 0 0 0 0 0 0 0 0 0 0 0 0 0 0 0 0 0 0 0 0 0 0 0 0 0 0 0 0 0 0 0 0 0 0 0 0 0 0 0 0 0 0 0 0 0 0 0 0 0 0 0 0 0 0 0 0 0 0 0 0 0 0 0 0 0 0 0 0 0 0 0 0 0 0 0 0 0 0 0 0 0 0 0 0 0 0 0 0 0 0 0 0 0 0 0 0 0 0 0 0 0 0 0 0 0 0 0 0 0 0 0 0 0 0 0 0 0 0 0 0 0 0 0 0 0 0 0 0 0 0 0 0 0 0 0 0 0 0 0 0 0 0 0 0 0 0 0 0 0 0 0 0 0 0 0 0 0 0 0 0 0 0 0 0 0 0 0 0 0 0 0 0 0 0 0 0 0 0 0 0 0 0 0 0 0 0 0 0 0 0 0 0 0 0 0 0 0 0 0 0 0 0 0 0 0 0 0 0 0 0 0 0 0 0 0 0 0 0 0 0 0 0 0 0 0 0 0 0 0 0 0 0 0 0 0 0 0 0 0 0 0 0 0 0 0 0 0 0 0 0 0 0 0 0 0 0 0 0 0 0 0 0 0 0 0 0 0 0 0 0 0 0 0 0 0 0 0 0 0 0 0 0 0 0 0 0 0 0 0 0 0 0 0 0 0 0 0 0 0 0 0 0 0 0 0 0 0 0 0 0 0 0 0 0 0 0 0 0 0 0 0 0 0 0 0 0 0 0 0 0 0 0 0 0 0 0 0 0 0 0 0 0 0 0 0 0 0 0 0 0 0 0 0 0 0 0 0 0 0 0 0 0 0 0 0 0 0 0 0 0 0 0 0 0 0 0 0 0 0 0 0 0 0 0 0 0 0 0 0 0 0 0 0 0 0 0 0 0 0 0 0 0 0 0 0 0 0 0 0 0 0 0 0 0 0 0 0 0 0 0 0 0 0 0 0 0 0 0 0 0 0 0 0 0 0 0 0 0 0 0 0 0 0 0 0 0 0 0 0 0 0 0 0 0 0 0 0 0 0 0 0 0 0 0 0 0 0 0 0 0 0 0 0 0 0 0 0 0 0 0 0 0 0 0 0 0 0 0 0 0 0 0 0 0 0 0 0 0 0 0 0 0 0 0 0 0 0 0 0 0 0 0 0 0 0 0 0 0 0 0 0 0 0 0 0 0 0 0 0 0 0 0 0 0 0 0 0 0 0 0 0 0 0 0 0 0 0 0 0 0 0 0 0 0 0 0 0 0 0 0 0 0 0 0 0 0 0 0 0 0 0 0 0 0 0 0 0 0 0 0 0 0 0 0 0 0 0 0 0 0 0 0 0 0 0 0 0 0 0 0 0 0 0 0 0 0 0 0 0 0 0 0 0 0 0 0 0 0 0 0 0 0 0 0 0 0 0 0 0 0 0 0 0 0 0 0 0 0 0 0 0 0 0 0 0 0 0 0 0 0 0 0 0 0 0 0 0 0 0 0 0 0 0 0 0 0 0 0 0 0 0 0 0 0 0 0 0 0 0 0 0 0 0 0 0 0 0 0 0 0 0 0 0 0 0 0 0 0 0 0 0 0 0 0 0 0 0 0 0 0 0 0 0 0 0 0 0 0 0 0 0 0 0 0 0 0 0 0 0 0 0 0 0 0 0 0 0 0 0 0 0 0 0 0 0 0 0 0 0 0 0 0 0 0 0 0 0 0 0 0 0 0 0 0 0 0 0 0 0 0 0 0 0 0 0 0 0 0 0 0 0 0 0 0 0 0 0 0 0 0 0 0 0 0 0 0 0 0 0 0 0 0 0 0 0 0 0 0 0 0 0 0 0 0 0 0 0 0 0 0 0 0 0 0 0 0 0 0 0 0 0 0 0 0 0 0 0 0 0 0 0 0 0 0 0 0 0 0 0 0 0 0 0 0 0 0 0 0 0 0 0 0 0 0 0 0 0 0 0 0 0 0 0 0 0 0 0 0 0 0 0 0 0 0 0 0 0 0 0 0 0 0 0 0 0 0 0 0 0 0 0 0 0 0 0 0 0 0 0 0 0 0 0 0 0 0 0 0 0 0 0 0 0 0 0 0 0 0 0 0 0 0 0 0 0 0 0 0 0 0 0 0 0 0 0 0 0 0 0 0 0 0 0 0 0 0 0 0 0 0 0 0 0 0 0 0 0 0 0 0 0 0 0 0 0 0 0 0 0 0 0 0 0 0 0 0 0 0 0 0 0 0 0 0 0 0 0 0 0 0 0 0 0 0 0 0 0 0 0 0 0 0 0 0 0 0 0 0 0 0 0 0 0 0 0 0 0 0 0 0 0 0 0 0 0 0 0 0 0 0 0 0 0 0 0 0 0 0 0 0 0 0 0 0 0 0 0 0 0 0 0 0 0 0 0 0 0 0 0 0 0 0 0 0 0 0 0 0 0 0 0 0 0 0 0 0 0 0 0 0 0 0 0 0 0 0 0 0 0 0 0 0 0 0 0 0 0 0 0 0 0 0 0 0 0 0 0 0 0 0 0 0 0 0 0 0 0 0 0 0 0 0 0 0 0 0 0 0 0 0 0 0 0 0 0 0 0 0 0 0 0 0 0 0 0 0 0 0 0 0 0 0 0 0 0 0 0 0 0 0 0 0 0 0 0 0 0 0 0 0 0 0 0 0 0 0 0 0 0 0 0 0 0 0 0 0 0 0 0 0 0 0 0 0 0 0 0 0 0 0 0 0 0 0 0 0 0 0 0 0 0 0 0 0 0 0 0 0 0 0 0 0 0 0 0 0 0 0 0 0 0 0 0 0 0 0 0 0 0 0 0 0 0 0 0 0 0 0 0 0 0 0 0 0 0 0 0 0 0 0 0 0 0 0 0 0 0 0 0 0 0 0 0 0 0 0 0 0 0 0 0 0 0 0 0 0 0 0 0 0 0 0 0 0 0 0 0 0 0 0 0 0 0 0 0 0 0 0 0 0 0 0 0 0 0 0 0 0 0 0 0 0 0 0 0 0 0 0 0 0 0 0 0 0 0 0 0 0 0 0 0 0 0 0 0 0 0 0 0 0 0 0 0 0 0 0 0 0 0 0 0 0 0 0 0 0 0 0 0 0 0 0 0 0 0 0 0 0 0 0 0 0 0 0 0 0 0 0 0 0 0 0 0 0 0 0 0 0 0 0 0 0 0 0 0 0 0 0 0 0 0 0 0 0 0 0 0 0 0 0 0 0 0 0 0 0 0 0 0 0 0 0 0 0 0 0 0 0 0 0 0 0 0 0 0 0 0 0 0 0 0 0 0 0 0 0 0 0 0 0 0 0 0 0 0 0 0 0 0 0 0 0 0 0 0 0 0 0 0 0 0 0 0 0 0 0 0 0 0 0 0 0 0 0 0 0 0 0 0 0 0 0 0 0 0 0 0 0 0 0 0 0 0 0 0 0 0 0 0 0 0 0 0 0 0 0 0 0 0 0 0 0 0 0 0 0 0 0 0 0 0 0 0 0 0 0 0 0 0 0 0 0 0 0 0 0 0 0 0 0 0 0 0 0 0 0 0 0 0 0 0 0 0 0 0 0 0 0 0 0 0 0 0 0 0 0 0 0 0 0 0 0 0 0 0 0 0 0 0 0 0 0 0 0 0 0 0 0 0 0 0 0 0 0 0 0 0 0 0 0 0 0 0 0 0 0 0 0 0 0 0 0 0 0 0 0 0 0 0 0 0 0 0 0 0 0 0 0 0 0 0 0 0 0 0 0 0 0 0 0 0 0 0 0 0 0 0 0 0 0 0 0 0 0 0 0 0 0 0 0 0 0 0 0 0 0 0 0 0 0 0 0 0 0 0 0 0 0 0 0 0 0 0 0 0 0 0 0 0 0 0 0 0 0 0 0 0 0 0 0 0 0 0 0 0 0 0 0 0 0 0 0 0 0 0 0 0 0 0 0 0 0 0 0 0 0 0 0 0 0 0 0 0 0 0 0 0 0 0 0 0 0 0 0 0 0 0 0 0 0 0 0 0 0 0 0 0 0 0 0 0 0 0 0 0 0 0 0 0 0 0 0 0 0 0 0 0 0 0 0 0 0 0 0 0 0 0 0 0 0 0 0 0 0 0 0 0 0 0 0 0 0 0 0 0 0 0 0 0 0 0 0 0 0 0 0 0 0 0 0 0 0 0 0 0 0 0 0 0 0 0 0 0 0 0 0 0 0 0 0 0 0 0 0 0 0 0 0 0 0 0 0 0 0 0 0 0 0 0 0 0 0 0 0 0 0 0 0 0 0 0 0 0 0 0 0 0 0 0 0 0 0 0 0 0 0 0 0 0 0 0 0 0 0 0 0 0 0 0 0 0 0 0 0 0 0 0 0 0 0 0 0 0 0 0 0 0 0 0 0 0 0 0 0 0 0 0 0 0 0 0 0 0 0 0 0 0 0 0 0 0 0 0 0 0 0 0 0 0 0 0 0 0 0 0 0 0 0 0 0 0 0 0 0 0 0 0 0 0 0 0 0 0 0 0 0 0 0 0 0 0 0 0 0 0 0 0 0 0 0 0 0 0 0 0 0 0 0 0 0 0 0 0 0 0 0 0 0 0 0 0 0 0 0 0 0 0 0 0 0 0 0 0 0 0 0 0 0 0 0 0 0 0 0 0 0 0 0 0 0 0 0 0 0 0 0 0 0 0 0 0 0 0 0 0 0 0 0 0 0 0 0 0 0 0 0 0 0 0 0 0 0 0 0 0 0 0 0 0 0 0 0 0 0 0 0 0 0 0 0 0 0 0 0 0 0 0 0 0 0 0 0 0 0 0 0 0 0 0 0 0 0 0 0 0 0 0 0 0 0 0 0 0 0 0 0 0 0 0 0 0 0 0 0 0 0 0 0 0 0 0 0 0 0 0 0 0 0 0 0 0 0 0 0 0 0 0 0 0 0 0 0 0 0 0 0 0 0 0 0 0 0 0 0 0 0 0 0 0 0 0 0 0 0 0 0 0 0 0 0 0 0 0 0 0 0 0 0 0 0 0 0 0 0 0 0 0 0 0 0 0 0 0 0 0 0 0 0 0 0 0 0 0 0 0 0 0 0 0 0 0 0 0 0 0 0 0 0 0 0 0 0 0 0 0 0 0 0 0 0 0 0 0 0 0 0 0 0 0 0 0 0 0 0 0 0 0 0 0 0 0 0 0 0 0 0 0 0 0 0 0 0 0 0 0 0 0 0 0 0 0 0 0 0 0 0 0 0 0 0 0 0 0 0 0 0 0 0 0 0 0 0 0 0 0 0 0 0 0 0 0 0 0 0 0 0 0 0 0 0 0 0 0 0 0 0 0 0 0 0 0 0 0 0 0 0 0 0 0 0 0 0 0 0 0 0 0 0 0 0 0 0 0 0 0 0 0 0 0 0 0 0 0 0 0 0 0 0 0 0 0 0 0 0 0 0 0 0 0 0 0 0 0 0 0 0 0 0 0 0 0 0 0 0 0 0 0 0 0 0 0 0 0 0 0 0 0 0 0 0 0 0 0 0 0 0 0 0 0 0 0 0 0 0 0 0 0 0 0 0 0 0 0 0 0 0 0 0 0 0 0 0 0 0 0 0 0 0 0 0 0 0 0 0 0 0 0 0 0 0 0 0 0 0 0 0 0 0 0 0 0 0 0 0 0 0 0 0 0 0 0 0 0 0 0 0 0 0 0 0 0 0 0 0 0 0 0 0 0 0 0 0 0 0 0 0 0 0 0 0 0 0 0 0 0 0 0 0 0 0 0 0 0 0 0 0 0 0 0 0 0 0 0 0 0 0 0 0 0 0 0 0 0 0 0 0 0 0 0 0 0 0 0 0 0 0 0 0 0 0 0 0 0 0 0 0 0 0 0 0 0 0 0 0 0 0 0 0 0 0 0 0 0 0 0 0 0 0 0 0 0 0 0 0 0 0 0 0 0 0 0 0 0 0 0 0 0 0 0 0 0 0 0 0 0 0 0 0 0 0 0 0 0 0 0 0 0 0 0 0 0 0 0 0 0 0 0 0 0 0 0 0 0 0 0 0 0 0 0 0 0 0 0 0 0 0 0 0 0 0 0 0 0 0 0 0 0 0 0 0 0 0 0 0 0 0 0 0 0 0 0 0 0 0 0 0 0 0 0 0 0 0 0 0 0 0 0 0 0 0 0 0 0 0 0 0 0 0 0 0 0 0 0 0 0 0 0 0 0 0 0 0 0 0 0 0 0 0 0 0 0 0 0 0 0 0 0 0 0 0 0 0 0 0 0 0 0 0 0 0 0 0 0 0 0 0 0 0 0 0 0 0 0 0 0 0 0 0 0 0 0 0 0 0 0 0 0 0 0 0 0 0 0 0 0 0 0 0 0 0 0 0 0 0 0 0 0 0 0 0 0 0 0 0 0 0 0 0 0 0 0 0 0 0 0 0 0 0 0 0 0 0 0 0 0 0 0 0 0 0 0 0 0 0 0 0 0 0 0 0 0 0 0 0 0 0 0 0 0 0 0 0 0 0 0 0 0 0 0 0 0 0 0 0 0 0 0 0 0 0 0 0 0 0 0 0 0 0 0 0 0 0 0 0 0 0 0 0 0 0 0 0 0 0 0 0 0 0 0 0 0 0 0 0 0 0 0 0 0 0 0 0 0 0 0 0 0 0 0 0 0 0 0 0 0 0 0 0 0 0 0 0 0 0 0 0 0 0 0 0 0 0 0 0 0 0 0 0 0 0 0 0 0 0 0 0 0 0 0 0 0 0 0 0 0 0 0 0 0 0 0 0 0 0 0 0 0 0 0 0 0 0 0 0 0 0 0 0 0 0 0 0 0 0 0 0 0 0 0 0 0 0 0 0 0 0 0 0 0 0 0 0 0 0 0 0 0 0 0 0 0 0 0 0 0 0 0 0 0 0 0 0 0 0 0 0 0 0 0 0 0 0 0 0 0 0 0 0 0 0 0 0 0 0 0 0 0 0 0 0 0 0 0 0 0 0 0 0 0 0 0 0 0 0 0 0 0 0 0 0 0 0 0 0 0 0 0 0 0 0 0 0 0 0 0 0 0 0 0 0 0 0 0 0 0 0 0 0 0 0 0 0 0 0 0 0 0 0 0 0 0 0 0 0 0 0 0 0 0 0 0 0 0 0 0 0 0 0 0 0 0 0 0 0 0 0 0 0 0 0 0 0 0 0 0 0 0 0 0 0 0 0 0 0 0 0 0 0 0 0 0 0 0 0 0 0 0 0 0 0 0 0 0 0 0 0 0 0 0 0 0 0 0 0 0 0 0 0 0 0 0 0 0 0 0 0 0 0 0 0 0 0 0 0 0 0 0 0 0 0 0 0 0 0 0 0 0 0 0 0 0 0 0 0 0 0 0 0 0 0 0 0 0 0 0 0 0 0 0 0 0 0 0 0 0 0 0 0 0 0 0 0 0 0 0 0 0 0 0 0 0 0 0 0 0 0 0 0 0 0 0 0 0 0 0 0 0 0 0 0 0 0 0 0 0 0 0 0 0 0 0 0 0 0 0 0 0 0 0 0 0 0 0 0 0 0 0 0 0 0 0 0 0 0 0 0 0 0 0 0 0 0 0 0 0 0 0 0 0 0 0 0 0 0 0 0 0 0 0 0 0 0 0 0 0 0 0 0 0 0 0 0 0 0 0 0 0 0 0 0 0 0 0 0 0 0 0 0 0 0 0 0 0 0 0 0 0 0 0 0 0 0 0 0 0 0 0 0 0 0 0 0 0 0 0 0 0 0 0 0 0 0 0 0 0 0 0 0 0 0 0 0 0 0 0 0 0 0 0 0 0 0 0 0 0 0 0 0 0 0 0 0 0 0 0 0 0 0 0 0 0 0 0 0 0 0 0 0 0 0 0 0 0 0 0 0 0 0 0 0 0 0 0 0 0 0 0 0 0 0 0 0 0 0 0 0 0 0 0 0 0 0 0 0 0 0 0 0 0 0 0 0 0 0 0 0 0 0 0 0 0 0 0 0 0 0 0 0 0 0 0 0 0 0 0 0 0 0 0 0 0 0 0 0 0 0 0 0 0 0 0 0 0 0 0 0 0 0 0 0 0 0 0 0 0 0 0 0 0 0 0 0 0 0 0 0 0 0 0 0 0 0 0 0 0 0 0 0 0 0 0 0 0 0 0 0 0 0 0 0 0 0 0 0 0 0 0 0 0 0 0 0 0 0 0 0 0 0 0 0 0 0 0 0 0 0 0 0 0 0 0 0 0 0 0 0 0 0 0 0 0 0 0 0 0 0 0 0 0 0 0 0 0 0 0 0 0 0 0 0 0 0 0 0 0 0 0 0 0 0 0 0 0 0 0 0 0 0 0 0 0 0 0 0 0 0 0 0 0 0 0 0 0 0 0 0 0 0 0 0 0 0 0 0 0 0 0 0 0 0 0 0 0 0 0 0 0 0 0 0 0 0 0 0 0 0 0 0 0 0 0 0 0 0 0 0 0 0 0 0 0 0 0 0 0 0 0 0 0 0 0 0 0 0 0 0 0 0 0 0 0 0 0 0 0 0 0 0 0 0 0 0 0 0 0 0 0 0 0 0 0 0 0 0 0 0 0 0 0 0 0 0 0 0 0 0 0 0 0 0 0 0 0 0 0 0 0 0 0 0 0 0 0 0 0 0 0 0 0 0 0 0 0 0 0 0 0 0 0 0 0 0 0 0 0 0 0 0 0 0 0 0 0 0 0 0 0 0 0 0 0 0 0 0 0 0 0 0 0 0 0 0 0 0 0 0 0 0 0 0 0 0 0 0 0 0 0 0 0 0 0 0 0 0 0 0 0 0 0 0 0 0 0 0 0 0 0 0 0 0 0 0 0 0 0 0 0 0 0 0 0 0 0 0 0 0 0 0 0 0 0 0 0 0 0 0 0 0 0 0 0 0 0 0 0 0 0 0 0 0 0 0 0 0 0 0 0 0 0 0 0 0 0 0 0 0 0 0 0 0 0 0 0 0 0 0 0 0 0 0 0 0 0 0 0 0 0 0 0 0 0 0 0 0 0 0 0 0 0 0 0 0 0 0 0 0 0 0 0 0 0 0 0 0 0 0 0 0 0 0 0 0 0 0 0 0 0 0 0 0 0 0 0 0 0 0 0 0 0 0 0 0 0 0 0 0 0 0 0 0 0 0 0 0 0 0 0 0 0 0 0 0 0 0 0 0 0 0 0 0 0 0 0 0 0 0 0 0 0 0 0 0 0 0 0 0 0 0 0 0 0 0 0 0 0 0 0 0 0 0 0 0 0 0 0 0 0 0 0 0 0 0 0 0 0 0 0 0 0 0 0 0 0 0 0 0 0 0 0 0 0 0 0 0 0 0 0 0 0 0 0 0 0 0 0 0 0 0 0 0 0 0 0 0 0 0 0 0 0 0 0 0 0 0 0 0 0 0 0 0 0 0 0 0 0 0 0 0 0 0 0 0 0 0 0 0 0 0 0 0 0 0 0 0 0 0 0 0 0 0 0 0 0 0 0 0 0 0 0 0 0 0 0 0 0 0 0 0 0 0 0 0 0 0 0 0 0 0 0 0 0 0 0 0 0 0 0 0 0 0 0 0 0 0 0 0 0 0 0 0 0 0 0 0 0 0 0 0 0 0 0 0 0 0 0 0 0 0 0 0 0 0 0 0 0 0 0 0 0 0 0 0 0 0 0 0 0 0 0 0 0 0 0 0 0 0 0 0 0 0 0 0 0 0 0 0 0 0 0 0 0 0 0 0 0 0 0 0 0 0 0 0 0 0 0 0 0 0 0 0 0 0 0 0 0 0 0 0 0 0 0 0 0 0 0 0 0 0 0 0 0 0 0 0 0 0 0 0 0 0 0 0 0 0 0 0 0 0 0 0 0 0 0 0 0 0 0 0 0 0 0 0 0 0 0 0 0 0 0 0 0 0 0 0 0 0 0 0 0 0 0 0 0 0 0 0 0 0 0 0 0 0 0 0 0 0 0 0 0 0 0 0 0 0 0 0 0 0 0 0 0 0 0 0 0 0 0 0 0 0 0 0 0 0 0 0 0 0 0 0 0 0 0 0 0 0 0 0 0 0 0 0 0 0 0 0 0 0 0 0 0 0 0 0 0 0 0 0 0 0 0 0 0 0 0 0 0 0 0 0 0 0 0 0 0 0 0 0 0 0 0 0 0 0 0 0 0 0 0 0 0 0 0 0 0 0 0 0 0 0 0 0 0 0 0 0 0 0 0 0 0 0 0 0 0 0 0 0 0 0 0 0 0 0 0 0 0 0 0 0 0 0 0 0 0 0 0 0 0 0 0 0 0 0 0 0 0 0 0 0 0 0 0 0 0 0 0 0 0 0 0 0 0 0 0 0 0 0 0 0 0 0 0 0 0 0 0 0 0 0 0 0 0 0 0 0 0 0 0 0 0 0 0 0 0 0 0 0 0 0 0 0 0 0 0 0 0 0 0 0 0 0 0 0 0 0 0 0 0 0 0 0 0 0 0 0 0 0 0 0 0 0 0 0 0 0 0 0 0 0 0 0 0 0 0 0 0 0 0 0 0 0 0 0 0 0 0 0 0 0 0 0 0 0 0 0 0 0 0 0 0 0 0 0 0 0 0 0 0 0 0 0 0 0 0 0 0 0 0 0 0 0 0 0 0 0 0 0 0 0 0 0 0 0 0 0 0 0 0 0 0 0 0 0 0 0 0 0 0 0 0 0 0 0 0 0 0 0 0 0 0 0 0 0 0 0 0 0 0 0 0 0 0 0 0 0 0 0 0 0 0 0 0 0 0 0 0 0 0 0 0 0 0 0 0 0 0 0 0 0 0 0 0 0 0 0 0 0 0 0 0 0 0 0 0 0 0 0 0 0 0 0 0 0 0 0 0 0 0 0 0 0 0 0 0 0 0 0 0 0 0 0 0 0 0 0 0 0 0 0 0 0 0 0 0 0 0 0 0 0 0 0 0 0 0 0 0 0 0 0 0 0 0 0 0 0 0 0 0 0 0 0 0 0 0 0 0 0 0 0 0 0 0 0 0 0 0 0 0 0 0 0 0 0 0 0 0 0 0 0 0 0 0 0 0 0 0 0 0 0 0 0 0 0 0 0 0 0 0 0 0 0 0 0 0 0 0 0 0 0 0 0 0 0 0 0 0 0 0 0 0 0 0 0 0 0 0 0 0 0 0 0 0 0 0 0 0 0 0 0 0 0 0 0 0 0 0 0 0 0 0 0 0 0 0 0 0 0 0 0 0 0 0 0 0 0 0 0 0 0 0 0 0 0 0 0 0 0 0 0 0 0 0 0 0 0 0 0 0 0 0 0 0 0 0 0 0 0 0 0 0 0 0 0 0 0 0 0 0 0 0 1 0.6417098 1 0.6389298 1 0.6155545 0.96875 0.629337 0.96875 0.636765 0.96875 0.6091598 0.9375 0.6271381 0.9375 0.629337 0.9375 0.6036694 0.90625 0.5762585 0.90625 0.5724595 0.90625 0.5928862 0.875 0.5848491 0.875 0.5928862 0.875 0.5632956 0.84375 0.5464296 0.84375 0.5695321 0.84375 0.5346749 0.78125 0.5 0.78125 0.5 0.8125 0.5322032 0.75 0.5 0.78125 0.5273995 0.78125 0.5322032 0.75 0.5273995 0.71875 0.5 0.75 0.5322032 0.71875 0.5116125 0.7187501 0.5134078 0.71875 0.5464296 0.6875 0.5346749 0.6875 0.569532 0.6875 0.5674811 0.65625 0.569532 0.65625 0.5632956 0.65625 0.5848491 0.625 0.5724595 0.625 0.5836082 0.625 0.5928862 0.59375 0.6036694 0.59375 0.6143584 0.59375 0.5847105 0.5625 0.6085479 0.5625 0.6109822 0.5625 0.636765 0.53125 0.6417098 0.53125 0.637043 0.53125 0.6115127 0.5 0.6159675 0.5 0.6086928 0.5 0.6318064 0.46875 0.5939127 0.46875 0.6271381 0.46875 0.6048789 0.4375 0.5943025 0.4375 0.5976557 0.4375 0.5783712 0.40625 0.5447744 0.40625 0.5848491 0.40625 0.5633257 0.375 0.5365692 0.34375 0.5 0.375 0.5344275 0.3125 0.5 0.34375 0.5039532 0.34375 0.5189834 0.28125 0.5 0.28125 0.5 0.3125 0.5039532 0.21875 0.5039532 0.1875 0.5 0.1875 0.5 0.1875 0.5275332 0.1875 0.5189834 0.15625 0.5 0.15625 0.5325824 0.15625 0.5655183 0.15625 0.5344277 0.125 0.5368559 0.125 0.5447745 0.125 0.5655183 0.09375 0.5943025 0.09375 0.58968 0.09375 0.6163251 0.0625 0.6271381 0.0625 0.6048789 0.0625 0.6281821 0.03125 0.6142871 0.03125 0.6159675 0.03125 0.6389298 0.99 0.25 0.9796362 0.3157843 0.9796361 0.1842156 0.5559485 0.1099599 0.5263352 0.1645304 0.5504473 0.1166631 0 0 0 0 0 0 0 0 0 0 0 0 0 0 0 0 0 0 0 0 0 0 0 0 0 0 0 0 0 0 0 0 0 0 0 0 0 0 0 0 0 0 0 0 0 0 0 0 0 0 0 0 0 0 0 0 0 0 0 0 0 0 0 0 0 0 0 0 0 0 0 0 0 0 0 0 0 0 0 0 0 0 0 0 0 0 0 0 0 0 0 0 0 0 0 0 0 0 0 0 0 0 0 0 0 0 0 0 0 0 0 0 0 0 0 0 0 0 0 0 0 0 0 0 0 0 0 0 0 0 0 0 0 0 0 0 0 0 0 0 0 0 0 0 0 0 0 0 0 0 0 0 0 0 0 0 0 0 0 0 0 0 0 0 0 0 0 0 0 0 0 0 0 0 0 0 0 0 0 0 0 0 0 0 0 0 0 0 0 0 0 0 0 0 0 0 0 0 0 0 0 0 0 0 0 0 0 0 0 0 0 0 0 0 0 0 0 0 0 0 0 0 0 0 0 0 0 0 0 0 0 0 0 0 0 0 0 0 0 0 0 0 0 0 0 0 0 0 0 0 0 0 0 0 0 0 0 0 0 0 0 0 0 0 0 0 0 0 0 0 0 0 0 0 0 0 0 0 0 0 0 0 0 0 0 0 0 0 0 0 0 0 0 0 0 0 0 0 0 0 0 0 0 0 0 0 0 0 0 0 0 0 0 0 0 0 0 0 0 0 0 0 0 0 0 0 0 0 0 0 0 0 0 0 0 0 0 0 0 0 0 0 0 0 0 0 0 0 0 0 0 0 0 0 0 0 0 0 0 0 0 0 0 0 0 0 0 0 0 0 0 0 0 0 0 0 0 0 0 0 0 0 0 0 0 0 0 0 0 0 0 0 0 0 0 0 0 0 0 0 0 0 0 0 0 0 0 0 0 0 0 0 0 0 0 0 0 0 0 0 0 0 0 0 0 0 0 0 0 0 0 0 0 0 0 0 0 0 0 0 0 0 0 0 0 0 0 0 0 0 0 0 0 0 0 0 0 0 0 0 0 0 0 0 0 0 0 0 0 0 0 0 0 0 0 0 0 0 0 0 0 0 0 0 0 0 0 0 0 0 0 0 0 0 0 0 0 0 0 0 0 0 0 0 0 0 0 0 0 0 0 0 0 0 0 0 0 0 0 0 0 0 1 0.6155545 1 0.6115127 1 0.6407275 1 0.6115127 1 0.636765 1 0.6407275 1 0.6155545 1 0.6407275 1 0.6417098 0.96875 0.6115127 0.96875 0.6091598 0.96875 0.636765 0.96875 0.6091598 0.96875 0.6085479 0.96875 0.629337 0.96875 0.6085479 0.96875 0.6036694 0.96875 0.629337 0.9375 0.6036694 0.9375 0.5847105 0.9375 0.623686 0.9375 0.5847105 0.9375 0.6121892 0.9375 0.623686 0.9375 0.623686 0.9375 0.6271381 0.9375 0.6036694 0.90625 0.5724595 0.90625 0.5632956 0.90625 0.5928862 0.90625 0.5928862 0.90625 0.6121892 0.90625 0.5762585 0.90625 0.6121892 0.90625 0.5847105 0.90625 0.5762585 0.875 0.5632956 0.875 0.5346749 0.875 0.5770443 0.875 0.5346749 0.875 0.5695321 0.875 0.5770443 0.875 0.5770443 0.875 0.5848491 0.875 0.5632956 0.84375 0.5346749 0.84375 0.5205667 0.84375 0.5464296 0.84375 0.5205667 0.84375 0.5134078 0.84375 0.5464296 0.8125 0.5322032 0.8125 0.5464296 0.8125 0.5116125 0.8125 0.5464296 0.8125 0.5134078 0.8125 0.5116125 0.8125 0.5116125 0.78125 0.5 0.8125 0.5322032 0.75 0.5 0.75 0.5 0.78125 0.5273995 0.75 0.5273995 0.71875 0.5 0.71875 0.5 0.71875 0.5464296 0.71875 0.5322032 0.71875 0.5116125 0.71875 0.5322032 0.6875 0.5 0.6875 0.5 0.71875 0.5116125 0.71875 0.5322032 0.6875 0.5 0.6875 0.5674811 0.6875 0.5464296 0.6875 0.5278967 0.6875 0.5464296 0.6875001 0.5134078 0.6875 0.5278967 0.6875 0.5674811 0.6875 0.5278967 0.6875 0.5346749 0.65625 0.5346749 0.65625 0.5632956 0.65625 0.569532 0.65625 0.5632956 0.65625 0.5928862 0.65625 0.5848491 0.625 0.5836082 0.625 0.5847105 0.625 0.6121892 0.625 0.6121892 0.625 0.5928862 0.625 0.5836082 0.625 0.5928862 0.625 0.5632956 0.625 0.5724595 0.59375 0.6036694 0.59375 0.629337 0.59375 0.6271381 0.59375 0.6271381 0.59375 0.6143584 0.59375 0.6036694 0.59375 0.6143584 0.59375 0.6121892 0.59375 0.5847105 0.5625 0.6109822 0.5625 0.6115127 0.5625 0.636765 0.5625 0.636765 0.5625 0.629337 0.5625 0.6085479 0.5625 0.629337 0.5625 0.6036694 0.5625 0.6085479 0.53125 0.6155545 0.53125 0.6389297 0.53125 0.6417098 0.53125 0.637043 0.53125 0.636765 0.53125 0.6115127 0.53125 0.6155545 0.53125 0.6417098 0.53125 0.6115127 0.5 0.6389297 0.5 0.6155545 0.5 0.6159675 0.5 0.6086928 0.5 0.6048789 0.5 0.6318064 0.5 0.6048789 0.5 0.6312049 0.5 0.6318064 0.5 0.6389297 0.5 0.6159675 0.5 0.6318064 0.46875 0.5939127 0.46875 0.5915642 0.46875 0.6163251 0.46875 0.6163251 0.46875 0.6271381 0.46875 0.5939127 0.46875 0.6271381 0.46875 0.6312049 0.46875 0.6048789 0.4375 0.6163251 0.4375 0.5915642 0.4375 0.5976557 0.4375 0.5915642 0.4375 0.5783712 0.4375 0.5976557 0.4375 0.5783712 0.4375 0.5633257 0.4375 0.5943025 0.40625 0.5447744 0.40625 0.5325823 0.40625 0.5655183 0.40625 0.5655183 0.40625 0.5848491 0.40625 0.5447744 0.40625 0.5848491 0.40625 0.5943025 0.40625 0.5633257 0.375 0.5655183 0.375 0.5325823 0.375 0.5365692 0.375 0.5325823 0.375 0.5242143 0.375 0.5365692 0.375 0.5242143 0.34375 0.5 0.375 0.5365692 0.34375 0.5 0.34375 0.5 0.375 0.5344275 0.34375 0.5344275 0.3125 0.5 0.34375 0.5189834 0.3125 0.5 0.3125 0.5 0.34375 0.5189834 0.1875 0.5039532 0.15625 0.5 0.1875 0.5189834 0.15625 0.5 0.15625 0.5 0.1875 0.5189834 0.15625 0.5 0.1875 0.5344276 0.1875 0.5275332 0.15625 0.5344277 0.125 0.5 0.125 0.5 0.125 0.5 0.15625 0.5325824 0.15625 0.5344277 0.125 0.5447745 0.125 0.5633258 0.125 0.5848491 0.125 0.5633258 0.125 0.5943025 0.125 0.5887566 0.125 0.5887566 0.125 0.5848491 0.125 0.5633258 0.125 0.5848491 0.125 0.5655183 0.125 0.5447745 0.125 0.5655183 0.125 0.5325824 0.125 0.5368559 0.09375 0.5633258 0.09375 0.58968 0.09375 0.5943025 0.09375 0.58968 0.09375 0.5915642 0.09375 0.6163251 0.0625 0.6271381 0.0625 0.6163251 0.0625 0.5939127 0.0625 0.6163251 0.0625 0.5915642 0.0625 0.5939127 0.0625 0.5939127 0.0625 0.6048789 0.0625 0.6271381 0.0625 0.6048789 0.0625 0.6312049 0.0625 0.6281821 0.03125 0.6159675 0.03125 0.6155545 0.03125 0.6389298 0.03125 0.6389298 0.03125 0.6312049 0.03125 0.6142871 0.03125 0.6312049 0.03125 0.6048789 0.03125 0.6142871 0.9796361 0.1842156 0.9853885 0.2031783 0.99 0.25 0.99 0.25 0.9853885 0.2968217 0.9796362 0.3157843 0.5559485 0.1099599 0.5559485 0.39004 0.5263352 0.3354695 0.5559485 0.39004 0.5504473 0.3833369 0.5263352 0.3354695 0.5504473 0.3833369 0.5282689 0.341844 0.5263352 0.3354695 0.5263352 0.3354695 0.5263352 0.1645304 0.5559485 0.1099599 0.5263352 0.1645304 0.5282689 0.1581559 0.5504473 0.1166631</float_array>
          <technique_common>
            <accessor source="#straight_003-mesh-map-1-array" count="11322" stride="2">
              <param name="S" type="float"/>
              <param name="T" type="float"/>
            </accessor>
          </technique_common>
        </source>
        <vertices id="straight_003-mesh-vertices">
          <input semantic="POSITION" source="#straight_003-mesh-positions"/>
        </vertices>
        <triangles material="pipe_006-material" count="1578">
          <input semantic="VERTEX" source="#straight_003-mesh-vertices" offset="0"/>
          <input semantic="NORMAL" source="#straight_003-mesh-normals" offset="1"/>
          <input semantic="TEXCOORD" source="#straight_003-mesh-map-0" offset="2" set="0"/>
          <input semantic="TEXCOORD" source="#straight_003-mesh-map-1" offset="2" set="1"/>
          <p>73 0 0 71 0 1 72 0 2 46 0 3 49 0 4 90 0 5 52 1 6 51 1 7 50 1 8 258 2 9 257 2 10 256 2 11 85 0 12 86 0 13 84 0 14 10 3 15 9 3 16 11 3 17 10 4 18 11 4 19 12 4 20 12 4 21 11 4 22 13 4 23 12 4 24 13 4 25 14 4 26 14 5 27 13 5 28 16 5 29 79 6 30 78 6 31 77 6 32 77 0 33 76 0 34 75 0 35 75 7 36 74 7 37 73 7 38 254 4 39 252 4 40 253 4 41 272 8 42 133 8 43 135 8 44 68 0 45 69 0 46 67 0 47 66 9 48 67 9 49 65 9 50 34 5 51 33 5 52 35 5 53 34 4 54 35 4 55 36 4 56 36 4 57 35 4 58 37 4 59 36 4 60 37 4 61 38 4 62 38 3 63 37 3 64 39 3 65 64 10 66 65 10 67 63 10 68 393 4 69 319 4 70 321 4 71 89 0 72 90 0 73 88 0 74 153 0 75 283 0 76 284 0 77 251 4 78 252 4 79 250 4 80 211 0 81 110 0 82 91 0 83 41 4 84 42 4 85 40 4 86 39 11 87 40 11 88 38 11 89 58 0 90 56 0 91 59 0 92 58 0 93 59 0 94 61 0 95 61 0 96 59 0 97 62 0 98 61 0 99 62 0 100 63 0 101 63 0 102 62 0 103 64 0 104 33 12 105 32 12 106 31 12 107 268 4 108 269 4 109 267 4 110 22 13 111 23 13 112 20 13 113 230 4 114 232 4 115 271 4 116 233 4 117 232 4 118 231 4 119 256 14 120 255 14 121 254 14 122 87 0 123 88 0 124 86 0 125 239 15 126 238 15 127 237 15 128 80 0 129 79 0 130 81 0 131 80 0 132 81 0 133 82 0 134 82 0 135 81 0 136 83 0 137 82 0 138 83 0 139 84 0 140 84 0 141 83 0 142 85 0 143 167 0 144 277 0 145 165 0 146 7 16 147 6 16 148 5 16 149 5 17 150 4 17 151 3 17 152 179 18 153 119 19 154 178 20 155 189 21 156 129 22 157 188 23 158 73 24 159 22 25 160 75 26 161 80 27 162 95 28 163 78 29 164 1918 30 165 1919 31 166 167 32 167 170 33 168 1922 34 169 1921 35 170 76 36 171 93 37 172 74 38 173 78 29 174 94 39 175 76 36 176 87 40 177 5 41 178 89 42 179 85 43 180 7 44 181 87 40 182 83 45 183 9 46 184 85 43 185 81 47 186 11 48 187 83 45 188 188 23 189 128 49 190 187 50 191 338 51 192 335 52 193 336 53 194 67 54 195 109 55 196 65 56 197 56 57 198 37 58 199 59 59 200 126 60 201 18 61 202 125 62 203 52 63 204 41 64 205 54 65 206 68 66 207 27 67 208 70 68 209 64 69 210 31 70 211 66 71 212 386 72 213 366 73 214 385 74 215 53 75 216 103 76 217 51 77 218 55 78 219 104 79 220 53 75 221 84 80 222 97 81 223 82 82 224 86 83 225 98 84 226 84 80 227 88 85 228 99 86 229 86 83 230 90 87 231 100 88 232 88 85 233 49 89 234 101 90 235 90 87 236 119 19 237 34 91 238 118 92 239 118 92 240 36 93 241 117 94 242 113 95 243 2 96 244 112 97 245 120 98 246 32 99 247 119 19 248 61 100 249 106 101 250 58 102 251 63 103 252 107 104 253 61 100 254 65 56 255 108 105 256 63 103 257 123 106 258 25 107 259 122 108 260 122 108 261 28 109 262 121 110 263 50 111 264 43 112 265 52 63 266 112 97 267 4 113 268 111 114 269 51 77 270 102 115 271 49 89 272 128 49 273 12 116 274 127 117 275 117 94 276 38 118 277 116 119 278 177 120 279 117 94 280 176 121 281 192 122 282 171 123 283 191 124 284 340 125 285 337 126 286 338 51 287 121 110 288 30 127 289 120 98 290 136 128 291 133 129 292 134 130 293 134 130 294 131 131 295 132 132 296 140 133 297 137 134 298 138 135 299 138 135 300 135 136 301 136 128 302 130 137 303 8 138 304 129 22 305 127 117 306 14 139 307 126 60 308 172 140 309 112 97 310 171 123 311 186 141 312 126 60 313 185 142 314 176 121 315 116 119 316 175 143 317 111 114 318 6 144 319 130 137 320 363 145 321 296 146 322 362 147 323 243 148 324 288 149 325 245 150 326 132 132 327 169 151 328 170 33 329 142 152 330 139 153 331 140 133 332 144 154 333 141 155 334 142 152 335 146 156 336 143 157 337 144 154 338 148 158 339 145 159 340 146 156 341 155 160 342 156 161 343 158 162 344 152 163 345 149 164 346 150 165 347 154 166 348 151 167 349 152 163 350 156 161 351 153 168 352 154 166 353 1923 169 354 157 170 355 1924 171 356 1927 172 357 158 162 358 1926 173 359 1928 174 360 159 175 361 1929 176 362 1931 177 363 160 178 364 1930 179 365 1933 180 366 161 181 367 1934 182 368 1937 183 369 162 184 370 1936 185 371 163 186 372 1938 187 373 1939 188 374 164 189 375 1941 190 376 1940 191 377 165 192 378 1942 193 379 1943 194 380 168 195 381 1944 196 382 166 197 383 1662 198 384 210 199 385 1649 200 386 1647 201 387 201 202 388 1651 203 389 1655 204 390 193 205 391 192 122 392 187 50 393 127 117 394 186 141 395 365 206 396 298 207 397 364 208 398 205 209 399 184 210 400 204 211 401 181 212 402 121 110 403 180 213 404 182 214 405 122 108 406 181 212 407 183 215 408 123 106 409 182 214 410 184 210 411 124 216 412 183 215 413 185 142 414 125 62 415 184 210 416 180 213 417 120 98 418 179 18 419 231 217 420 272 218 421 233 219 422 1650 220 423 194 221 424 193 205 425 191 124 426 190 222 427 210 199 428 200 223 429 179 18 430 199 224 431 193 205 432 172 140 433 192 122 434 194 221 435 173 225 436 193 205 437 237 226 438 291 227 439 239 228 440 171 123 441 111 114 442 190 222 443 1681 229 444 371 230 445 1673 231 446 362 147 447 295 232 448 361 233 449 196 234 450 175 143 451 195 235 452 202 236 453 181 212 454 201 202 455 201 202 456 180 213 457 200 223 458 1659 237 459 203 238 460 1664 239 461 203 238 462 182 214 463 202 236 464 204 211 465 183 215 466 203 238 467 207 240 468 186 141 469 206 241 470 206 241 471 185 142 472 205 209 473 334 242 474 331 243 475 332 244 476 208 245 477 187 50 478 207 240 479 178 20 480 118 92 481 177 120 482 230 246 483 273 247 484 231 217 485 314 248 486 349 249 487 350 250 488 1673 231 489 370 251 490 1676 252 491 209 253 492 188 23 493 208 245 494 251 254 495 284 255 496 253 256 497 195 235 498 174 257 499 194 221 500 1658 258 501 195 235 502 1663 259 503 1651 203 504 200 223 505 1657 260 506 198 261 507 177 120 508 197 262 509 1657 260 510 199 224 511 1661 263 512 1660 264 513 206 241 514 1648 265 515 1656 266 516 207 240 517 1660 264 518 1656 266 519 209 253 520 208 245 521 1652 267 522 210 199 523 209 253 524 353 268 525 305 269 526 352 270 527 210 199 528 189 21 529 209 253 530 1661 263 531 198 261 532 1646 271 533 389 4 534 315 4 535 390 4 536 301 272 537 218 273 538 217 274 539 408 4 540 313 4 541 389 4 542 407 4 543 349 4 544 408 4 545 109 0 546 214 0 547 108 0 548 108 0 549 214 0 550 215 0 551 108 0 552 215 0 553 107 0 554 107 0 555 215 0 556 216 0 557 107 0 558 216 0 559 106 0 560 106 0 561 216 0 562 217 0 563 106 0 564 217 0 565 105 0 566 105 0 567 217 0 568 218 0 569 105 275 570 218 275 571 104 275 572 104 0 573 218 0 574 219 0 575 104 276 576 219 276 577 103 276 578 103 0 579 219 0 580 220 0 581 103 0 582 220 0 583 102 0 584 102 0 585 220 0 586 221 0 587 102 277 588 221 277 589 101 277 590 101 0 591 221 0 592 222 0 593 101 0 594 222 0 595 100 0 596 100 0 597 222 0 598 223 0 599 100 0 600 223 0 601 99 0 602 99 0 603 223 0 604 224 0 605 99 0 606 224 0 607 98 0 608 98 0 609 224 0 610 225 0 611 98 0 612 225 0 613 97 0 614 97 0 615 225 0 616 226 0 617 97 0 618 226 0 619 96 0 620 96 278 621 226 278 622 227 278 623 96 279 624 227 279 625 95 279 626 9 280 627 8 280 628 7 280 629 19 4 630 20 4 631 18 4 632 153 281 633 285 281 634 151 281 635 3 4 636 2 4 637 1 4 638 131 282 639 275 282 640 169 282 641 157 283 642 281 283 643 282 283 644 56 0 645 55 0 646 54 0 647 240 4 648 239 4 649 241 4 650 240 284 651 241 284 652 242 284 653 242 4 654 241 4 655 243 4 656 242 285 657 243 285 658 244 285 659 244 4 660 243 4 661 245 4 662 16 4 663 18 4 664 14 4 665 169 0 666 276 0 667 167 0 668 235 286 669 234 286 670 233 286 671 24 4 672 25 4 673 23 4 674 27 4 675 25 4 676 26 4 677 151 287 678 286 287 679 149 287 680 137 288 681 292 288 682 293 288 683 147 0 684 288 0 685 145 0 686 261 4 687 260 4 688 262 4 689 261 285 690 262 285 691 263 285 692 263 4 693 262 4 694 264 4 695 263 284 696 264 284 697 265 284 698 265 4 699 264 4 700 266 4 701 260 289 702 259 289 703 258 289 704 149 0 705 287 0 706 147 0 707 43 4 708 44 4 709 42 4 710 1666 290 711 382 291 712 1671 292 713 70 68 714 26 293 715 72 294 716 268 295 717 275 296 718 270 297 719 260 298 720 279 299 721 262 300 722 1677 301 723 378 302 724 377 303 725 256 304 726 281 305 727 258 306 728 254 307 729 282 308 730 256 304 731 1946 309 732 1947 310 733 325 311 734 328 312 735 1948 313 736 326 314 737 318 315 738 315 316 739 316 317 740 321 318 741 1951 319 742 1950 320 743 322 321 744 1952 322 745 1953 323 746 346 324 747 343 325 748 344 326 749 72 294 750 24 327 751 73 24 752 360 328 753 312 329 754 359 330 755 241 331 756 289 332 757 243 148 758 239 228 759 290 333 760 241 331 761 1954 334 762 1955 335 763 319 336 764 320 337 765 1959 338 766 1957 339 767 235 340 768 292 341 769 237 226 770 354 342 771 306 343 772 353 268 773 372 344 774 352 270 775 371 230 776 358 345 777 310 346 778 357 347 779 356 348 780 308 349 781 355 350 782 249 351 783 285 352 784 251 254 785 274 0 786 133 0 787 273 0 788 70 0 789 71 0 790 69 0 791 249 4 792 250 4 793 248 4 794 237 353 795 236 353 796 235 353 797 245 4 798 246 4 799 244 4 800 291 0 801 141 0 802 290 0 803 290 354 804 141 354 805 143 354 806 290 0 807 143 0 808 289 0 809 289 355 810 143 355 811 145 355 812 289 0 813 145 0 814 288 0 815 139 0 816 291 0 817 292 0 818 54 356 819 53 356 820 52 356 821 135 357 822 293 357 823 272 357 824 91 0 825 212 0 826 211 0 827 50 0 828 49 0 829 47 0 830 270 4 831 271 4 832 269 4 833 247 4 834 248 4 835 246 4 836 266 4 837 267 4 838 265 4 839 280 0 840 161 0 841 279 0 842 279 355 843 161 355 844 163 355 845 279 0 846 163 0 847 278 0 848 278 354 849 163 354 850 165 354 851 278 0 852 165 0 853 277 0 854 159 0 855 280 0 856 281 0 857 31 358 858 30 358 859 29 358 860 155 359 861 282 359 862 283 359 863 303 360 864 220 361 865 219 362 866 212 363 867 294 364 868 295 232 869 305 269 870 221 365 871 304 366 872 29 367 873 28 367 874 27 367 875 229 368 876 294 364 877 212 363 878 214 369 879 298 207 880 215 370 881 300 371 882 216 372 883 299 373 884 308 349 885 225 374 886 224 375 887 217 274 888 300 371 889 301 272 890 311 376 891 227 377 892 310 346 893 306 343 894 222 378 895 305 269 896 295 232 897 211 379 898 212 363 899 220 361 900 304 366 901 221 365 902 299 373 903 215 370 904 298 207 905 312 329 906 228 380 907 311 376 908 297 381 909 214 369 910 213 382 911 224 375 912 307 383 913 308 349 914 309 384 915 226 385 916 225 374 917 302 386 918 219 362 919 218 273 920 226 385 921 310 346 922 227 377 923 307 383 924 223 387 925 306 343 926 296 146 927 213 382 928 211 379 929 116 119 930 40 388 931 115 389 932 342 390 933 339 391 934 340 125 935 1676 252 936 388 392 937 1683 393 938 1960 394 939 1962 395 940 1961 396 941 330 397 942 1963 398 943 1965 399 944 1966 400 945 1967 401 946 329 402 947 332 244 948 1968 403 949 1970 404 950 350 250 951 347 405 952 348 406 953 336 53 954 333 407 955 334 242 956 359 330 957 311 376 958 358 345 959 348 406 960 345 408 961 346 324 962 175 143 963 115 389 964 174 257 965 344 326 966 341 409 967 342 390 968 47 410 969 0 411 970 50 111 971 266 412 972 276 413 973 268 295 974 357 347 975 309 384 976 356 348 977 1665 414 978 376 415 979 375 416 980 373 417 981 353 268 982 372 344 983 375 416 984 355 350 985 374 418 986 352 270 987 304 366 988 351 419 989 388 392 990 368 420 991 387 421 992 190 222 993 130 137 994 189 21 995 374 418 996 354 342 997 373 417 998 125 62 999 20 422 1000 124 216 1001 376 415 1002 356 348 1003 375 416 1004 1675 423 1005 372 344 1006 1681 229 1007 378 302 1008 358 345 1009 377 303 1010 371 230 1011 351 419 1012 370 251 1013 253 256 1014 283 424 1015 254 307 1016 262 300 1017 278 425 1018 264 426 1019 247 427 1020 286 428 1021 249 351 1022 233 219 1023 293 429 1024 235 340 1025 387 421 1026 367 430 1027 386 72 1028 380 431 1029 360 328 1030 379 432 1031 1669 433 1032 375 416 1033 374 418 1034 382 291 1035 362 147 1036 381 434 1037 383 435 1038 363 145 1039 382 291 1040 384 436 1041 364 208 1042 383 435 1043 370 251 1044 369 437 1045 388 392 1046 1668 438 1047 380 431 1048 379 432 1049 394 439 1050 267 440 1051 393 441 1052 401 442 1053 252 443 1054 400 444 1055 393 441 1056 269 445 1057 392 446 1058 1672 447 1059 385 74 1060 1678 448 1061 392 446 1062 271 449 1063 391 450 1064 403 451 1065 248 452 1066 402 453 1067 391 450 1068 232 454 1069 390 455 1070 1683 393 1071 387 421 1072 1667 456 1073 369 437 1074 302 386 1075 368 420 1076 115 389 1077 42 457 1078 114 458 1079 199 224 1080 178 20 1081 198 261 1082 1674 459 1083 380 431 1084 1682 460 1085 381 434 1086 361 233 1087 380 431 1088 379 432 1089 359 330 1090 378 302 1091 1679 461 1092 383 435 1093 1666 290 1094 385 74 1095 365 206 1096 384 436 1097 46 462 1098 1 463 1099 47 410 1100 390 455 1101 234 464 1102 389 465 1103 400 444 1104 255 466 1105 399 467 1106 77 468 1107 16 469 1108 79 470 1109 377 303 1110 357 347 1111 376 415 1112 406 471 1113 242 472 1114 405 473 1115 395 474 1116 265 475 1117 394 439 1118 396 476 1119 263 477 1120 395 474 1121 398 478 1122 259 479 1123 397 480 1124 399 467 1125 257 481 1126 398 478 1127 367 430 1128 300 371 1129 366 73 1130 69 482 1131 110 483 1132 67 54 1133 404 484 1134 246 485 1135 403 451 1136 405 473 1137 244 486 1138 404 484 1139 407 487 1140 240 488 1141 406 471 1142 408 489 1143 238 490 1144 407 487 1145 389 465 1146 236 491 1147 408 489 1148 93 0 1149 212 0 1150 92 0 1151 391 4 1152 315 4 1153 317 4 1154 392 4 1155 317 4 1156 319 4 1157 228 492 1158 95 492 1159 227 492 1160 347 4 1161 407 4 1162 406 4 1163 347 4 1164 406 4 1165 345 4 1166 345 4 1167 406 4 1168 405 4 1169 345 4 1170 405 4 1171 343 4 1172 343 4 1173 405 4 1174 404 4 1175 343 4 1176 404 4 1177 341 4 1178 341 4 1179 404 4 1180 403 4 1181 341 4 1182 403 4 1183 339 4 1184 339 4 1185 403 4 1186 402 4 1187 339 4 1188 402 4 1189 337 4 1190 337 4 1191 402 4 1192 401 4 1193 337 4 1194 401 4 1195 335 4 1196 335 4 1197 401 4 1198 400 4 1199 335 4 1200 400 4 1201 333 4 1202 333 4 1203 400 4 1204 399 4 1205 333 4 1206 399 4 1207 331 4 1208 331 4 1209 399 4 1210 398 4 1211 331 4 1212 398 4 1213 329 4 1214 329 4 1215 398 4 1216 397 4 1217 329 4 1218 397 4 1219 327 4 1220 327 4 1221 397 4 1222 396 4 1223 327 4 1224 396 4 1225 325 4 1226 325 4 1227 396 4 1228 395 4 1229 325 4 1230 395 4 1231 323 4 1232 323 4 1233 395 4 1234 394 4 1235 323 4 1236 394 4 1237 321 4 1238 321 4 1239 394 4 1240 393 4 1241 213 493 1242 109 493 1243 110 493 1244 229 0 1245 94 0 1246 228 0 1247 66 71 1248 29 494 1249 68 66 1250 173 225 1251 113 95 1252 172 140 1253 62 495 1254 33 496 1255 64 69 1256 150 165 1257 147 497 1258 148 158 1259 79 470 1260 13 498 1261 81 47 1262 89 42 1263 3 499 1264 46 462 1265 114 458 1266 44 500 1267 113 95 1268 82 82 1269 96 501 1270 80 27 1271 75 26 1272 19 502 1273 77 468 1274 366 73 1275 299 373 1276 365 206 1277 245 150 1278 287 503 1279 247 427 1280 317 504 1281 318 315 1282 320 337 1283 0 4 1284 2 4 1285 44 4 1286 129 22 1287 10 505 1288 128 49 1289 364 208 1290 297 381 1291 363 145 1292 197 262 1293 176 121 1294 196 234 1295 316 317 1296 313 506 1297 314 248 1298 397 480 1299 261 507 1300 396 476 1301 270 297 1302 274 508 1303 230 246 1304 264 426 1305 277 509 1306 266 412 1307 402 453 1308 250 510 1309 401 442 1310 351 419 1311 303 360 1312 369 437 1313 361 233 1314 294 364 1315 360 328 1316 59 59 1317 35 511 1318 62 495 1319 71 512 1320 91 513 1321 69 482 1322 355 350 1323 307 383 1324 354 342 1325 1648 265 1326 205 209 1327 1653 514 1328 1653 514 1329 204 211 1330 1659 237 1331 1664 239 1332 202 236 1333 1647 201 1334 1646 271 1335 197 262 1336 1654 515 1337 54 65 1338 39 516 1339 56 57 1340 1654 515 1341 196 234 1342 1658 258 1343 1663 259 1344 194 221 1345 1645 517 1346 174 257 1347 114 458 1348 173 225 1349 1667 456 1350 386 72 1351 1672 447 1352 1678 448 1353 384 436 1354 1679 461 1355 1680 518 1356 377 303 1357 376 415 1358 1671 292 1359 381 434 1360 1674 459 1361 1670 519 1362 379 432 1363 378 302 1364 1669 433 1365 373 417 1366 1675 423 1367 258 306 1368 280 520 1369 260 298 1370 368 420 1371 301 272 1372 367 430 1373 1655 204 1374 191 124 1375 1662 198 1376 124 216 1377 23 521 1378 123 106 1379 323 522 1380 1972 523 1381 1971 524 1382 324 525 1383 1973 526 1384 1974 527 1385 58 102 1386 105 528 1387 55 78 1388 74 38 1389 92 529 1390 71 512 1391 1759 530 1392 1655 204 1393 1662 198 1394 1742 531 1395 1663 259 1396 1645 517 1397 1755 532 1398 1654 515 1399 1658 258 1400 1751 533 1401 1646 271 1402 1654 515 1403 1761 534 1404 1647 201 1405 1744 535 1406 1750 536 1407 1659 237 1408 1756 537 1409 1745 538 1410 1653 514 1411 1750 536 1412 1743 539 1413 1661 263 1414 1646 271 1415 1749 540 1416 1649 200 1417 1652 267 1418 1749 540 1419 1656 266 1420 1753 541 1421 1753 541 1422 1660 264 1423 1757 542 1424 1757 542 1425 1648 265 1426 1745 538 1427 1754 543 1428 1661 263 1429 1758 544 1430 1748 545 1431 1657 260 1432 1754 543 1433 1760 546 1434 1658 258 1435 1663 259 1436 1756 537 1437 1664 239 1438 1761 534 1439 1747 547 1440 1645 517 1441 1650 220 1442 1752 548 1443 1650 220 1444 1655 204 1445 1744 535 1446 1651 203 1447 1748 545 1448 1746 549 1449 1662 198 1450 1649 200 1451 1733 550 1452 1669 433 1453 1675 423 1454 1728 551 1455 1668 438 1456 1670 519 1457 1729 552 1458 1674 459 1459 1732 553 1460 1738 554 1461 1677 301 1462 1680 518 1463 1736 555 1464 1679 461 1465 1737 556 1466 1725 557 1467 1672 447 1468 1730 558 1469 1737 556 1470 1666 290 1471 1724 559 1472 1740 560 1473 1674 459 1474 1682 460 1475 1741 561 1476 1667 456 1477 1725 557 1478 1730 558 1479 1678 448 1480 1736 555 1481 1726 562 1482 1682 460 1483 1668 438 1484 1727 563 1485 1665 414 1486 1669 433 1487 1739 564 1488 1675 423 1489 1681 229 1490 1723 565 1491 1680 518 1492 1665 414 1493 1734 566 1494 1683 393 1495 1741 561 1496 1735 567 1497 1670 519 1498 1677 301 1499 1724 559 1500 1671 292 1501 1729 552 1502 1731 568 1503 1676 252 1504 1734 566 1505 1739 564 1506 1673 231 1507 1731 568 1508 1805 569 1509 1701 570 1510 1688 571 1511 1807 572 1512 1686 573 1513 1690 574 1514 1811 575 1515 1689 576 1516 1694 577 1517 1806 578 1518 1684 579 1519 1689 576 1520 1815 580 1521 1703 581 1522 1820 582 1523 1819 583 1524 1697 584 1525 1702 585 1526 1807 572 1527 1696 586 1528 1813 587 1529 1813 587 1530 1700 588 1531 1817 589 1532 1816 590 1533 1687 591 1534 1804 592 1535 1816 590 1536 1695 593 1537 1699 594 1538 1812 595 1539 1691 596 1540 1695 593 1541 1808 597 1542 1688 571 1543 1691 596 1544 1817 589 1545 1685 598 1546 1802 599 1547 1804 592 1548 1692 600 1549 1809 601 1550 1809 601 1551 1698 602 1552 1815 580 1553 1820 582 1554 1686 573 1555 1803 603 1556 1802 599 1557 1693 604 1558 1810 605 1559 1810 605 1560 1697 584 1561 1814 606 1562 1801 607 1563 1702 585 1564 1684 579 1565 1818 608 1566 1694 577 1567 1701 570 1568 1837 609 1569 1712 610 1570 1829 611 1571 1829 611 1572 1715 612 1573 1832 613 1574 1827 614 1575 1705 615 1576 1710 616 1577 1833 617 1578 1709 618 1579 1716 619 1580 1832 613 1581 1722 620 1582 1839 621 1583 1836 622 1584 1704 623 1585 1821 624 1586 1831 625 1587 1720 626 1588 1837 609 1589 1821 624 1590 1708 627 1591 1825 628 1592 1824 629 1593 1721 630 1594 1707 631 1595 1828 632 1596 1717 633 1597 1834 634 1598 1839 621 1599 1706 635 1600 1823 636 1601 1838 637 1602 1713 638 1603 1721 630 1604 1822 639 1605 1718 640 1606 1705 615 1607 1823 636 1608 1711 641 1609 1828 632 1610 1834 634 1611 1718 640 1612 1835 642 1613 1836 622 1614 1716 619 1615 1719 643 1616 1830 644 1617 1710 616 1618 1713 638 1619 1826 645 1620 1707 631 1621 1709 618 1622 1825 628 1623 1714 646 1624 1831 625 1625 1876 647 1626 1731 568 1627 1868 648 1628 1868 648 1629 1734 566 1630 1871 649 1631 1861 650 1632 1729 552 1633 1866 651 1634 1872 652 1635 1728 551 1636 1735 567 1637 1871 649 1638 1741 561 1639 1878 653 1640 1860 654 1641 1738 554 1642 1723 565 1643 1870 655 1644 1739 564 1645 1876 647 1646 1864 656 1647 1723 565 1648 1727 563 1649 1863 657 1650 1740 560 1651 1726 562 1652 1867 658 1653 1736 555 1654 1873 659 1655 1878 653 1656 1725 557 1657 1862 660 1658 1877 661 1659 1732 553 1660 1740 560 1661 1874 662 1662 1724 559 1663 1861 650 1664 1862 660 1665 1730 558 1666 1867 658 1667 1873 659 1668 1737 556 1669 1874 662 1670 1875 663 1671 1735 567 1672 1738 554 1673 1869 664 1674 1729 552 1675 1732 553 1676 1865 665 1677 1726 562 1678 1728 551 1679 1870 655 1680 1727 563 1681 1733 550 1682 1857 666 1683 1746 549 1684 1844 667 1685 1846 668 1686 1744 535 1687 1748 545 1688 1845 669 1689 1752 548 1690 1850 670 1691 1840 671 1692 1747 547 1693 1845 669 1694 1854 672 1695 1761 534 1696 1859 673 1697 1858 674 1698 1755 532 1699 1760 546 1700 1846 668 1701 1754 543 1702 1852 675 1703 1852 675 1704 1758 544 1705 1856 676 1706 1855 677 1707 1745 538 1708 1843 678 1709 1851 679 1710 1757 542 1711 1855 677 1712 1847 680 1713 1753 541 1714 1851 679 1715 1844 667 1716 1749 540 1717 1847 680 1718 1841 681 1719 1758 544 1720 1743 539 1721 1843 678 1722 1750 536 1723 1848 682 1724 1848 682 1725 1756 537 1726 1854 672 1727 1859 673 1728 1744 535 1729 1842 683 1730 1849 684 1731 1743 539 1732 1751 533 1733 1853 685 1734 1751 533 1735 1755 532 1736 1840 671 1737 1760 546 1738 1742 531 1739 1850 670 1740 1759 530 1741 1857 666 1742 346 324 1743 1772 686 1744 348 406 1745 338 51 1746 1765 687 1747 1767 688 1748 332 244 1749 1768 689 1750 1771 690 1751 340 125 1752 1777 691 1753 342 390 1754 326 314 1755 1775 692 1756 1776 693 1757 322 321 1758 1764 694 1759 1769 695 1760 328 312 1761 1776 693 1762 1763 696 1763 334 242 1764 1771 690 1765 1779 697 1766 320 337 1767 1780 698 1768 1764 694 1769 324 525 1770 1769 695 1771 1775 692 1772 336 53 1773 1779 697 1774 1765 687 1775 344 326 1776 1766 699 1777 346 324 1778 348 406 1779 1778 700 1780 350 250 1781 342 390 1782 1762 701 1783 344 326 1784 318 315 1785 1773 702 1786 1780 698 1787 338 51 1788 1774 703 1789 340 125 1790 330 397 1791 1763 696 1792 1768 689 1793 316 317 1794 1770 704 1795 1773 702 1796 350 250 1797 1770 704 1798 314 248 1799 132 132 1800 1798 705 1801 134 130 1802 166 197 1803 1781 706 1804 168 195 1805 162 184 1806 1794 707 1807 164 189 1808 160 178 1809 1790 708 1810 162 184 1811 150 165 1812 1783 709 1813 152 163 1814 146 156 1815 1795 710 1816 148 158 1817 144 154 1818 1789 711 1819 146 156 1820 158 162 1821 1782 712 1822 160 178 1823 138 135 1824 1785 713 1825 1788 714 1826 140 133 1827 1788 714 1828 1792 715 1829 140 133 1830 1796 716 1831 142 152 1832 142 152 1833 1784 717 1834 144 154 1835 156 161 1836 1797 718 1837 158 162 1838 156 161 1839 1787 719 1840 1793 720 1841 164 189 1842 1799 721 1843 166 197 1844 148 158 1845 1800 722 1846 150 165 1847 168 195 1848 1786 723 1849 170 33 1850 170 33 1851 1791 724 1852 132 132 1853 152 163 1854 1787 719 1855 154 166 1856 136 128 1857 1798 705 1858 1785 713 1859 1791 724 1860 1818 608 1861 1798 705 1862 1799 721 1863 1801 607 1864 1781 706 1865 1790 708 1866 1814 606 1867 1794 707 1868 1782 712 1869 1810 605 1870 1790 708 1871 1800 722 1872 1803 603 1873 1783 709 1874 1789 711 1875 1815 580 1876 1795 710 1877 1784 717 1878 1809 601 1879 1789 711 1880 1797 718 1881 1802 599 1882 1782 712 1883 1788 714 1884 1805 569 1885 1808 597 1886 1792 715 1887 1808 597 1888 1812 595 1889 1792 715 1890 1816 590 1891 1796 716 1892 1796 716 1893 1804 592 1894 1784 717 1895 1793 720 1896 1817 589 1897 1797 718 1898 1793 720 1899 1807 572 1900 1813 587 1901 1794 707 1902 1819 583 1903 1799 721 1904 1795 710 1905 1820 582 1906 1800 722 1907 1781 706 1908 1806 578 1909 1786 723 1910 1786 723 1911 1811 575 1912 1791 724 1913 1783 709 1914 1807 572 1915 1787 719 1916 1785 713 1917 1818 608 1918 1805 569 1919 1766 699 1920 1831 625 1921 1772 686 1922 1767 688 1923 1824 629 1924 1826 645 1925 1771 690 1926 1827 614 1927 1830 644 1928 1774 703 1929 1836 622 1930 1777 691 1931 1776 693 1932 1834 634 1933 1835 642 1934 1764 694 1935 1828 632 1936 1769 695 1937 1763 696 1938 1835 642 1939 1822 639 1940 1779 697 1941 1830 644 1942 1838 637 1943 1780 698 1944 1823 636 1945 1764 694 1946 1775 692 1947 1828 632 1948 1834 634 1949 1765 687 1950 1838 637 1951 1824 629 1952 1762 701 1953 1825 628 1954 1766 699 1955 1772 686 1956 1837 609 1957 1778 700 1958 1777 691 1959 1821 624 1960 1762 701 1961 1773 702 1962 1839 621 1963 1780 698 1964 1774 703 1965 1826 645 1966 1833 617 1967 1768 689 1968 1822 639 1969 1827 614 1970 1770 704 1971 1832 613 1972 1773 702 1973 1778 700 1974 1829 611 1975 1770 704 1976 1889 725 1977 1857 666 1978 1896 726 1979 1897 727 1980 1840 671 1981 1879 728 1982 1892 729 1983 1849 684 1984 1853 685 1985 1888 730 1986 1841 681 1987 1849 684 1988 1881 731 1989 1859 673 1990 1842 683 1991 1887 732 1992 1854 672 1993 1893 733 1994 1882 734 1995 1848 682 1996 1887 732 1997 1880 735 1998 1856 676 1999 1841 681 2000 1883 736 2001 1847 680 2002 1886 737 2003 1886 737 2004 1851 679 2005 1890 738 2006 1890 738 2007 1855 677 2008 1894 739 2009 1894 739 2010 1843 678 2011 1882 734 2012 1891 740 2013 1856 676 2014 1895 741 2015 1891 740 2016 1846 668 2017 1852 675 2018 1897 727 2019 1853 685 2020 1858 674 2021 1893 733 2022 1859 673 2023 1898 742 2024 1879 728 2025 1845 669 2026 1884 743 2027 1884 743 2028 1850 670 2029 1889 725 2030 1885 744 2031 1842 683 2032 1846 668 2033 1896 726 2034 1844 667 2035 1883 736 2036 1903 745 2037 1870 655 2038 1909 746 2039 1904 747 2040 1863 657 2041 1865 665 2042 1908 748 2043 1866 651 2044 1869 664 2045 1914 749 2046 1872 652 2047 1875 663 2048 1912 750 2049 1874 662 2050 1913 751 2051 1901 752 2052 1867 658 2053 1906 753 2054 1913 751 2055 1861 650 2056 1900 754 2057 1916 755 2058 1869 664 2059 1877 661 2060 1917 756 2061 1862 660 2062 1901 752 2063 1906 753 2064 1873 659 2065 1912 750 2066 1902 757 2067 1877 661 2068 1863 657 2069 1903 745 2070 1860 654 2071 1864 656 2072 1909 746 2073 1876 647 2074 1915 758 2075 1899 759 2076 1875 663 2077 1860 654 2078 1910 760 2079 1878 653 2080 1917 756 2081 1911 761 2082 1865 665 2083 1872 652 2084 1905 762 2085 1861 650 2086 1866 651 2087 1907 763 2088 1871 649 2089 1910 760 2090 1915 758 2091 1868 648 2092 1907 763 2093 1688 571 2094 1896 726 2095 1883 736 2096 1690 574 2097 1881 731 2098 1885 744 2099 1694 577 2100 1884 743 2101 1889 725 2102 1689 576 2103 1879 728 2104 1884 743 2105 1698 602 2106 1898 742 2107 1703 581 2108 1702 585 2109 1892 729 2110 1897 727 2111 1690 574 2112 1891 740 2113 1696 586 2114 1696 586 2115 1895 741 2116 1700 588 2117 1687 591 2118 1894 739 2119 1882 734 2120 1695 593 2121 1894 739 2122 1699 594 2123 1695 593 2124 1886 737 2125 1890 738 2126 1688 571 2127 1886 737 2128 1691 596 2129 1700 588 2130 1880 735 2131 1685 598 2132 1687 591 2133 1887 732 2134 1692 600 2135 1692 600 2136 1893 733 2137 1698 602 2138 1686 573 2139 1898 742 2140 1881 731 2141 1685 598 2142 1888 730 2143 1693 604 2144 1693 604 2145 1892 729 2146 1697 584 2147 1684 579 2148 1897 727 2149 1879 728 2150 1701 570 2151 1889 725 2152 1896 726 2153 1720 626 2154 1907 763 2155 1712 610 2156 1712 610 2157 1910 760 2158 1715 612 2159 1710 616 2160 1900 754 2161 1905 762 2162 1716 619 2163 1904 747 2164 1911 761 2165 1715 612 2166 1917 756 2167 1722 620 2168 1704 623 2169 1914 749 2170 1899 759 2171 1714 646 2172 1915 758 2173 1720 626 2174 1708 627 2175 1899 759 2176 1903 745 2177 1707 631 2178 1916 755 2179 1902 757 2180 1711 641 2181 1912 750 2182 1717 633 2183 1722 620 2184 1901 752 2185 1706 635 2186 1721 630 2187 1908 748 2188 1916 755 2189 1718 640 2190 1900 754 2191 1705 615 2192 1706 635 2193 1906 753 2194 1711 641 2195 1717 633 2196 1913 751 2197 1718 640 2198 1719 643 2199 1911 761 2200 1914 749 2201 1713 638 2202 1905 762 2203 1908 748 2204 1709 618 2205 1902 757 2206 1904 747 2207 1708 627 2208 1909 746 2209 1714 646 2210 73 0 2211 74 0 2212 71 0 2213 46 0 2214 47 0 2215 49 0 2216 52 0 2217 53 0 2218 51 0 2219 258 4 2220 259 4 2221 257 4 2222 85 764 2223 87 764 2224 86 764 2225 79 0 2226 80 0 2227 78 0 2228 77 0 2229 78 0 2230 76 0 2231 75 0 2232 76 0 2233 74 0 2234 254 4 2235 255 4 2236 252 4 2237 272 0 2238 273 0 2239 133 0 2240 68 765 2241 70 765 2242 69 765 2243 66 766 2244 68 766 2245 67 766 2246 64 0 2247 66 0 2248 65 0 2249 393 4 2250 392 4 2251 319 4 2252 89 767 2253 46 767 2254 90 767 2255 153 281 2256 155 281 2257 283 281 2258 251 4 2259 253 4 2260 252 4 2261 211 0 2262 213 0 2263 110 0 2264 41 768 2265 43 768 2266 42 768 2267 39 769 2268 41 769 2269 40 769 2270 33 770 2271 34 770 2272 32 770 2273 268 353 2274 270 353 2275 269 353 2276 22 771 2277 24 771 2278 23 771 2279 230 4 2280 231 4 2281 232 4 2282 233 4 2283 234 4 2284 232 4 2285 256 4 2286 257 4 2287 255 4 2288 87 0 2289 89 0 2290 88 0 2291 239 4 2292 240 4 2293 238 4 2294 167 0 2295 276 0 2296 277 0 2297 7 4 2298 8 4 2299 6 4 2300 5 772 2301 6 772 2302 4 772 2303 179 18 2304 120 98 2305 119 19 2306 189 21 2307 130 137 2308 129 22 2309 73 24 2310 24 327 2311 22 25 2312 80 27 2313 96 501 2314 95 28 2315 169 151 2316 1977 773 2317 1978 774 2318 76 36 2319 94 39 2320 93 37 2321 78 29 2322 95 28 2323 94 39 2324 87 40 2325 7 44 2326 5 41 2327 85 43 2328 9 46 2329 7 44 2330 83 45 2331 11 48 2332 9 46 2333 81 47 2334 13 498 2335 11 48 2336 188 23 2337 129 22 2338 128 49 2339 338 51 2340 337 126 2341 335 52 2342 67 54 2343 110 483 2344 109 55 2345 56 57 2346 39 516 2347 37 58 2348 126 60 2349 14 139 2350 18 61 2351 52 63 2352 43 112 2353 41 64 2354 68 66 2355 29 494 2356 27 67 2357 64 69 2358 33 496 2359 31 70 2360 386 72 2361 367 430 2362 366 73 2363 53 75 2364 104 79 2365 103 76 2366 55 78 2367 105 528 2368 104 79 2369 84 80 2370 98 84 2371 97 81 2372 86 83 2373 99 86 2374 98 84 2375 88 85 2376 100 88 2377 99 86 2378 90 87 2379 101 90 2380 100 88 2381 49 89 2382 102 115 2383 101 90 2384 119 19 2385 32 99 2386 34 91 2387 118 92 2388 34 91 2389 36 93 2390 113 95 2391 44 500 2392 2 96 2393 120 98 2394 30 127 2395 32 99 2396 61 100 2397 107 104 2398 106 101 2399 63 103 2400 108 105 2401 107 104 2402 65 56 2403 109 55 2404 108 105 2405 123 106 2406 23 521 2407 25 107 2408 122 108 2409 25 107 2410 28 109 2411 50 111 2412 0 411 2413 43 112 2414 112 97 2415 2 96 2416 4 113 2417 51 77 2418 103 76 2419 102 115 2420 128 49 2421 10 505 2422 12 116 2423 117 94 2424 36 93 2425 38 118 2426 177 120 2427 118 92 2428 117 94 2429 192 122 2430 172 140 2431 171 123 2432 340 125 2433 339 391 2434 337 126 2435 121 110 2436 28 109 2437 30 127 2438 136 128 2439 135 136 2440 133 129 2441 134 130 2442 133 129 2443 131 131 2444 140 133 2445 139 153 2446 137 134 2447 138 135 2448 137 134 2449 135 136 2450 130 137 2451 6 144 2452 8 138 2453 127 117 2454 12 116 2455 14 139 2456 172 140 2457 113 95 2458 112 97 2459 186 141 2460 127 117 2461 126 60 2462 176 121 2463 117 94 2464 116 119 2465 111 114 2466 4 113 2467 6 144 2468 363 145 2469 297 381 2470 296 146 2471 243 148 2472 289 332 2473 288 149 2474 132 132 2475 131 131 2476 169 151 2477 142 152 2478 141 155 2479 139 153 2480 144 154 2481 143 157 2482 141 155 2483 146 156 2484 145 159 2485 143 157 2486 148 158 2487 147 497 2488 145 159 2489 155 160 2490 1984 775 2491 1981 776 2492 152 163 2493 151 167 2494 149 164 2495 154 166 2496 153 168 2497 151 167 2498 156 161 2499 155 160 2500 153 168 2501 157 170 2502 1987 777 2503 1985 778 2504 1932 779 2505 1926 173 2506 160 178 2507 1990 780 2508 1988 781 2509 159 175 2510 1935 782 2511 1930 179 2512 162 184 2513 1993 783 2514 1991 784 2515 161 181 2516 1940 191 2517 1936 185 2518 164 189 2519 166 197 2520 1997 785 2521 1996 786 2522 163 186 2523 1939 188 2524 1995 787 2525 168 195 2526 2001 788 2527 2000 789 2528 1943 194 2529 1999 790 2530 167 32 2531 1662 198 2532 191 124 2533 210 199 2534 1647 201 2535 202 236 2536 201 202 2537 1655 204 2538 1650 220 2539 193 205 2540 187 50 2541 128 49 2542 127 117 2543 365 206 2544 299 373 2545 298 207 2546 205 209 2547 185 142 2548 184 210 2549 181 212 2550 122 108 2551 121 110 2552 182 214 2553 123 106 2554 122 108 2555 183 215 2556 124 216 2557 123 106 2558 184 210 2559 125 62 2560 124 216 2561 185 142 2562 126 60 2563 125 62 2564 180 213 2565 121 110 2566 120 98 2567 231 217 2568 273 247 2569 272 218 2570 1650 220 2571 1645 517 2572 194 221 2573 191 124 2574 171 123 2575 190 222 2576 200 223 2577 180 213 2578 179 18 2579 193 205 2580 173 225 2581 172 140 2582 194 221 2583 174 257 2584 173 225 2585 237 226 2586 292 341 2587 291 227 2588 171 123 2589 112 97 2590 111 114 2591 1681 229 2592 372 344 2593 371 230 2594 362 147 2595 296 146 2596 295 232 2597 196 234 2598 176 121 2599 175 143 2600 202 236 2601 182 214 2602 181 212 2603 201 202 2604 181 212 2605 180 213 2606 1659 237 2607 204 211 2608 203 238 2609 203 238 2610 183 215 2611 182 214 2612 204 211 2613 184 210 2614 183 215 2615 207 240 2616 187 50 2617 186 141 2618 206 241 2619 186 141 2620 185 142 2621 334 242 2622 333 407 2623 331 243 2624 208 245 2625 188 23 2626 187 50 2627 178 20 2628 119 19 2629 118 92 2630 230 246 2631 274 508 2632 273 247 2633 314 248 2634 313 506 2635 349 249 2636 1673 231 2637 371 230 2638 370 251 2639 209 253 2640 189 21 2641 188 23 2642 251 254 2643 285 352 2644 284 255 2645 195 235 2646 175 143 2647 174 257 2648 1658 258 2649 196 234 2650 195 235 2651 1651 203 2652 201 202 2653 200 223 2654 198 261 2655 178 20 2656 177 120 2657 1657 260 2658 200 223 2659 199 224 2660 1660 264 2661 207 240 2662 206 241 2663 1656 266 2664 208 245 2665 207 240 2666 1656 266 2667 1652 267 2668 209 253 2669 1652 267 2670 1649 200 2671 210 199 2672 353 268 2673 306 343 2674 305 269 2675 210 199 2676 190 222 2677 189 21 2678 1661 263 2679 199 224 2680 198 261 2681 389 4 2682 313 4 2683 315 4 2684 301 272 2685 302 386 2686 218 273 2687 408 4 2688 349 4 2689 313 4 2690 407 4 2691 347 4 2692 349 4 2693 9 4 2694 10 4 2695 8 4 2696 19 791 2697 22 791 2698 20 791 2699 153 0 2700 284 0 2701 285 0 2702 3 4 2703 4 4 2704 2 4 2705 131 357 2706 274 357 2707 275 357 2708 157 0 2709 159 0 2710 281 0 2711 56 792 2712 58 792 2713 55 792 2714 16 793 2715 19 793 2716 18 793 2717 169 288 2718 275 288 2719 276 288 2720 235 4 2721 236 4 2722 234 4 2723 24 4 2724 26 4 2725 25 4 2726 27 4 2727 28 4 2728 25 4 2729 151 359 2730 285 359 2731 286 359 2732 137 0 2733 139 0 2734 292 0 2735 147 0 2736 287 0 2737 288 0 2738 260 4 2739 261 4 2740 259 4 2741 149 283 2742 286 283 2743 287 283 2744 43 794 2745 0 794 2746 44 794 2747 1666 290 2748 383 435 2749 382 291 2750 70 68 2751 27 67 2752 26 293 2753 268 295 2754 276 413 2755 275 296 2756 260 298 2757 280 520 2758 279 299 2759 1677 301 2760 1670 519 2761 378 302 2762 256 304 2763 282 308 2764 281 305 2765 254 307 2766 283 424 2767 282 308 2768 1949 795 2769 1964 796 2770 2003 797 2771 325 311 2772 1947 310 2773 2002 798 2774 318 315 2775 317 504 2776 315 316 2777 321 318 2778 2004 799 2779 2005 800 2780 324 525 2781 2007 801 2782 2006 802 2783 346 324 2784 345 408 2785 343 325 2786 72 294 2787 26 293 2788 24 327 2789 360 328 2790 294 364 2791 312 329 2792 241 331 2793 290 333 2794 289 332 2795 239 228 2796 291 227 2797 290 333 2798 2009 803 2799 1951 319 2800 319 336 2801 322 321 2802 2011 804 2803 2010 805 2804 235 340 2805 293 429 2806 292 341 2807 354 342 2808 307 383 2809 306 343 2810 372 344 2811 353 268 2812 352 270 2813 358 345 2814 311 376 2815 310 346 2816 356 348 2817 309 384 2818 308 349 2819 249 351 2820 286 428 2821 285 352 2822 274 8 2823 131 8 2824 133 8 2825 70 0 2826 72 0 2827 71 0 2828 249 14 2829 251 14 2830 250 14 2831 237 4 2832 238 4 2833 236 4 2834 245 289 2835 247 289 2836 246 289 2837 139 0 2838 141 0 2839 291 0 2840 54 806 2841 55 806 2842 53 806 2843 135 282 2844 137 282 2845 293 282 2846 91 0 2847 92 0 2848 212 0 2849 50 0 2850 51 0 2851 49 0 2852 270 286 2853 230 286 2854 271 286 2855 247 2 2856 249 2 2857 248 2 2858 266 15 2859 268 15 2860 267 15 2861 159 0 2862 161 0 2863 280 0 2864 31 4 2865 32 4 2866 30 4 2867 155 287 2868 157 287 2869 282 287 2870 303 360 2871 304 366 2872 220 361 2873 305 269 2874 222 378 2875 221 365 2876 29 4 2877 30 4 2878 28 4 2879 229 368 2880 312 329 2881 294 364 2882 300 371 2883 217 274 2884 216 372 2885 308 349 2886 309 384 2887 225 374 2888 311 376 2889 228 380 2890 227 377 2891 306 343 2892 223 387 2893 222 378 2894 295 232 2895 296 146 2896 211 379 2897 299 373 2898 216 372 2899 215 370 2900 312 329 2901 229 368 2902 228 380 2903 297 381 2904 298 207 2905 214 369 2906 309 384 2907 310 346 2908 226 385 2909 302 386 2910 303 360 2911 219 362 2912 307 383 2913 224 375 2914 223 387 2915 296 146 2916 297 381 2917 213 382 2918 116 119 2919 38 118 2920 40 388 2921 342 390 2922 341 409 2923 339 391 2924 1676 252 2925 370 251 2926 388 392 2927 1963 398 2928 1969 807 2929 2013 808 2930 2012 809 2931 329 402 2932 1960 394 2933 2016 810 2934 332 244 2935 331 243 2936 350 250 2937 349 249 2938 347 405 2939 336 53 2940 335 52 2941 333 407 2942 359 330 2943 312 329 2944 311 376 2945 348 406 2946 347 405 2947 345 408 2948 175 143 2949 116 119 2950 115 389 2951 344 326 2952 343 325 2953 341 409 2954 47 410 2955 1 463 2956 0 411 2957 266 412 2958 277 509 2959 276 413 2960 357 347 2961 310 346 2962 309 384 2963 1665 414 2964 1680 518 2965 376 415 2966 373 417 2967 354 342 2968 353 268 2969 375 416 2970 356 348 2971 355 350 2972 352 270 2973 305 269 2974 304 366 2975 388 392 2976 369 437 2977 368 420 2978 190 222 2979 111 114 2980 130 137 2981 374 418 2982 355 350 2983 354 342 2984 125 62 2985 18 61 2986 20 422 2987 376 415 2988 357 347 2989 356 348 2990 1675 423 2991 373 417 2992 372 344 2993 378 302 2994 359 330 2995 358 345 2996 371 230 2997 352 270 2998 351 419 2999 253 256 3000 284 255 3001 283 424 3002 262 300 3003 279 299 3004 278 425 3005 247 427 3006 287 503 3007 286 428 3008 233 219 3009 272 218 3010 293 429 3011 387 421 3012 368 420 3013 367 430 3014 380 431 3015 361 233 3016 360 328 3017 1669 433 3018 1665 414 3019 375 416 3020 382 291 3021 363 145 3022 362 147 3023 383 435 3024 364 208 3025 363 145 3026 384 436 3027 365 206 3028 364 208 3029 370 251 3030 351 419 3031 369 437 3032 1668 438 3033 1682 460 3034 380 431 3035 394 439 3036 265 475 3037 267 440 3038 401 442 3039 250 510 3040 252 443 3041 393 441 3042 267 440 3043 269 445 3044 1672 447 3045 386 72 3046 385 74 3047 392 446 3048 269 445 3049 271 449 3050 403 451 3051 246 485 3052 248 452 3053 391 450 3054 271 449 3055 232 454 3056 1683 393 3057 388 392 3058 387 421 3059 369 437 3060 303 360 3061 302 386 3062 115 389 3063 40 388 3064 42 457 3065 199 224 3066 179 18 3067 178 20 3068 1674 459 3069 381 434 3070 380 431 3071 381 434 3072 362 147 3073 361 233 3074 379 432 3075 360 328 3076 359 330 3077 1679 461 3078 384 436 3079 383 435 3080 385 74 3081 366 73 3082 365 206 3083 46 462 3084 3 499 3085 1 463 3086 390 455 3087 232 454 3088 234 464 3089 400 444 3090 252 443 3091 255 466 3092 77 468 3093 19 502 3094 16 469 3095 377 303 3096 358 345 3097 357 347 3098 406 471 3099 240 488 3100 242 472 3101 395 474 3102 263 477 3103 265 475 3104 396 476 3105 261 507 3106 263 477 3107 398 478 3108 257 481 3109 259 479 3110 399 467 3111 255 466 3112 257 481 3113 367 430 3114 301 272 3115 300 371 3116 69 482 3117 91 513 3118 110 483 3119 404 484 3120 244 486 3121 246 485 3122 405 473 3123 242 472 3124 244 486 3125 407 487 3126 238 490 3127 240 488 3128 408 489 3129 236 491 3130 238 490 3131 389 465 3132 234 464 3133 236 491 3134 93 0 3135 229 0 3136 212 0 3137 391 4 3138 390 4 3139 315 4 3140 392 4 3141 391 4 3142 317 4 3143 228 0 3144 94 0 3145 95 0 3146 213 811 3147 214 811 3148 109 811 3149 229 0 3150 93 0 3151 94 0 3152 66 71 3153 31 70 3154 29 494 3155 173 225 3156 114 458 3157 113 95 3158 62 495 3159 35 511 3160 33 496 3161 150 165 3162 149 164 3163 147 497 3164 79 470 3165 16 469 3166 13 498 3167 89 42 3168 5 41 3169 3 499 3170 114 458 3171 42 457 3172 44 500 3173 82 82 3174 97 81 3175 96 501 3176 75 26 3177 22 25 3178 19 502 3179 366 73 3180 300 371 3181 299 373 3182 245 150 3183 288 149 3184 287 503 3185 317 504 3186 2018 812 3187 2017 813 3188 0 4 3189 1 4 3190 2 4 3191 129 22 3192 8 138 3193 10 505 3194 364 208 3195 298 207 3196 297 381 3197 197 262 3198 177 120 3199 176 121 3200 316 317 3201 315 316 3202 313 506 3203 397 480 3204 259 479 3205 261 507 3206 270 297 3207 275 296 3208 274 508 3209 264 426 3210 278 425 3211 277 509 3212 402 453 3213 248 452 3214 250 510 3215 351 419 3216 304 366 3217 303 360 3218 361 233 3219 295 232 3220 294 364 3221 59 59 3222 37 58 3223 35 511 3224 71 512 3225 92 529 3226 91 513 3227 355 350 3228 308 349 3229 307 383 3230 1648 265 3231 206 241 3232 205 209 3233 1653 514 3234 205 209 3235 204 211 3236 1664 239 3237 203 238 3238 202 236 3239 1646 271 3240 198 261 3241 197 262 3242 54 65 3243 41 64 3244 39 516 3245 1654 515 3246 197 262 3247 196 234 3248 1663 259 3249 195 235 3250 194 221 3251 174 257 3252 115 389 3253 114 458 3254 1667 456 3255 387 421 3256 386 72 3257 1678 448 3258 385 74 3259 384 436 3260 1680 518 3261 1677 301 3262 377 303 3263 1671 292 3264 382 291 3265 381 434 3266 1670 519 3267 1668 438 3268 379 432 3269 1669 433 3270 374 418 3271 373 417 3272 258 306 3273 281 305 3274 280 520 3275 368 420 3276 302 386 3277 301 272 3278 1655 204 3279 192 122 3280 191 124 3281 124 216 3282 20 422 3283 23 521 3284 2019 814 3285 2020 815 3286 325 311 3287 326 314 3288 2021 816 3289 2022 817 3290 58 102 3291 106 101 3292 105 528 3293 74 38 3294 93 37 3295 92 529 3296 1759 530 3297 1752 548 3298 1655 204 3299 1742 531 3300 1760 546 3301 1663 259 3302 1755 532 3303 1751 533 3304 1654 515 3305 1751 533 3306 1743 539 3307 1646 271 3308 1761 534 3309 1664 239 3310 1647 201 3311 1750 536 3312 1653 514 3313 1659 237 3314 1745 538 3315 1648 265 3316 1653 514 3317 1743 539 3318 1758 544 3319 1661 263 3320 1749 540 3321 1746 549 3322 1649 200 3323 1749 540 3324 1652 267 3325 1656 266 3326 1753 541 3327 1656 266 3328 1660 264 3329 1757 542 3330 1660 264 3331 1648 265 3332 1754 543 3333 1657 260 3334 1661 263 3335 1748 545 3336 1651 203 3337 1657 260 3338 1760 546 3339 1755 532 3340 1658 258 3341 1756 537 3342 1659 237 3343 1664 239 3344 1747 547 3345 1742 531 3346 1645 517 3347 1752 548 3348 1747 547 3349 1650 220 3350 1744 535 3351 1647 201 3352 1651 203 3353 1746 549 3354 1759 530 3355 1662 198 3356 1733 550 3357 1727 563 3358 1669 433 3359 1728 551 3360 1726 562 3361 1668 438 3362 1729 552 3363 1671 292 3364 1674 459 3365 1738 554 3366 1735 567 3367 1677 301 3368 1736 555 3369 1678 448 3370 1679 461 3371 1725 557 3372 1667 456 3373 1672 447 3374 1737 556 3375 1679 461 3376 1666 290 3377 1740 560 3378 1732 553 3379 1674 459 3380 1741 561 3381 1683 393 3382 1667 456 3383 1730 558 3384 1672 447 3385 1678 448 3386 1726 562 3387 1740 560 3388 1682 460 3389 1727 563 3390 1723 565 3391 1665 414 3392 1739 564 3393 1733 550 3394 1675 423 3395 1723 565 3396 1738 554 3397 1680 518 3398 1734 566 3399 1676 252 3400 1683 393 3401 1735 567 3402 1728 551 3403 1670 519 3404 1724 559 3405 1666 290 3406 1671 292 3407 1731 568 3408 1673 231 3409 1676 252 3410 1739 564 3411 1681 229 3412 1673 231 3413 1805 569 3414 1818 608 3415 1701 570 3416 1807 572 3417 1803 603 3418 1686 573 3419 1811 575 3420 1806 578 3421 1689 576 3422 1806 578 3423 1801 607 3424 1684 579 3425 1815 580 3426 1698 602 3427 1703 581 3428 1819 583 3429 1814 606 3430 1697 584 3431 1807 572 3432 1690 574 3433 1696 586 3434 1813 587 3435 1696 586 3436 1700 588 3437 1816 590 3438 1699 594 3439 1687 591 3440 1816 590 3441 1812 595 3442 1695 593 3443 1812 595 3444 1808 597 3445 1691 596 3446 1808 597 3447 1805 569 3448 1688 571 3449 1817 589 3450 1700 588 3451 1685 598 3452 1804 592 3453 1687 591 3454 1692 600 3455 1809 601 3456 1692 600 3457 1698 602 3458 1820 582 3459 1703 581 3460 1686 573 3461 1802 599 3462 1685 598 3463 1693 604 3464 1810 605 3465 1693 604 3466 1697 584 3467 1801 607 3468 1819 583 3469 1702 585 3470 1818 608 3471 1811 575 3472 1694 577 3473 1837 609 3474 1720 626 3475 1712 610 3476 1829 611 3477 1712 610 3478 1715 612 3479 1827 614 3480 1822 639 3481 1705 615 3482 1833 617 3483 1826 645 3484 1709 618 3485 1832 613 3486 1715 612 3487 1722 620 3488 1836 622 3489 1719 643 3490 1704 623 3491 1831 625 3492 1714 646 3493 1720 626 3494 1821 624 3495 1704 623 3496 1708 627 3497 1824 629 3498 1838 637 3499 1721 630 3500 1828 632 3501 1711 641 3502 1717 633 3503 1839 621 3504 1722 620 3505 1706 635 3506 1838 637 3507 1830 644 3508 1713 638 3509 1822 639 3510 1835 642 3511 1718 640 3512 1823 636 3513 1706 635 3514 1711 641 3515 1834 634 3516 1717 633 3517 1718 640 3518 1836 622 3519 1833 617 3520 1716 619 3521 1830 644 3522 1827 614 3523 1710 616 3524 1826 645 3525 1824 629 3526 1707 631 3527 1825 628 3528 1708 627 3529 1714 646 3530 1876 647 3531 1739 564 3532 1731 568 3533 1868 648 3534 1731 568 3535 1734 566 3536 1861 650 3537 1724 559 3538 1729 552 3539 1872 652 3540 1865 665 3541 1728 551 3542 1871 649 3543 1734 566 3544 1741 561 3545 1860 654 3546 1875 663 3547 1738 554 3548 1870 655 3549 1733 550 3550 1739 564 3551 1864 656 3552 1860 654 3553 1723 565 3554 1863 657 3555 1877 661 3556 1740 560 3557 1867 658 3558 1730 558 3559 1736 555 3560 1878 653 3561 1741 561 3562 1725 557 3563 1877 661 3564 1869 664 3565 1732 553 3566 1874 662 3567 1737 556 3568 1724 559 3569 1862 660 3570 1725 557 3571 1730 558 3572 1873 659 3573 1736 555 3574 1737 556 3575 1875 663 3576 1872 652 3577 1735 567 3578 1869 664 3579 1866 651 3580 1729 552 3581 1865 665 3582 1863 657 3583 1726 562 3584 1870 655 3585 1864 656 3586 1727 563 3587 1857 666 3588 1759 530 3589 1746 549 3590 1846 668 3591 1842 683 3592 1744 535 3593 1845 669 3594 1747 547 3595 1752 548 3596 1840 671 3597 1742 531 3598 1747 547 3599 1854 672 3600 1756 537 3601 1761 534 3602 1858 674 3603 1853 685 3604 1755 532 3605 1846 668 3606 1748 545 3607 1754 543 3608 1852 675 3609 1754 543 3610 1758 544 3611 1855 677 3612 1757 542 3613 1745 538 3614 1851 679 3615 1753 541 3616 1757 542 3617 1847 680 3618 1749 540 3619 1753 541 3620 1844 667 3621 1746 549 3622 1749 540 3623 1841 681 3624 1856 676 3625 1758 544 3626 1843 678 3627 1745 538 3628 1750 536 3629 1848 682 3630 1750 536 3631 1756 537 3632 1859 673 3633 1761 534 3634 1744 535 3635 1849 684 3636 1841 681 3637 1743 539 3638 1853 685 3639 1849 684 3640 1751 533 3641 1840 671 3642 1858 674 3643 1760 546 3644 1850 670 3645 1752 548 3646 1759 530 3647 346 324 3648 1766 699 3649 1772 686 3650 338 51 3651 336 53 3652 1765 687 3653 332 244 3654 330 397 3655 1768 689 3656 340 125 3657 1774 703 3658 1777 691 3659 326 314 3660 324 525 3661 1775 692 3662 322 321 3663 320 337 3664 1764 694 3665 328 312 3666 326 314 3667 1776 693 3668 334 242 3669 332 244 3670 1771 690 3671 320 337 3672 318 315 3673 1780 698 3674 324 525 3675 322 321 3676 1769 695 3677 336 53 3678 334 242 3679 1779 697 3680 344 326 3681 1762 701 3682 1766 699 3683 348 406 3684 1772 686 3685 1778 700 3686 342 390 3687 1777 691 3688 1762 701 3689 318 315 3690 316 317 3691 1773 702 3692 338 51 3693 1767 688 3694 1774 703 3695 330 397 3696 328 312 3697 1763 696 3698 316 317 3699 314 248 3700 1770 704 3701 350 250 3702 1778 700 3703 1770 704 3704 132 132 3705 1791 724 3706 1798 705 3707 166 197 3708 1799 721 3709 1781 706 3710 162 184 3711 1790 708 3712 1794 707 3713 160 178 3714 1782 712 3715 1790 708 3716 150 165 3717 1800 722 3718 1783 709 3719 146 156 3720 1789 711 3721 1795 710 3722 144 154 3723 1784 717 3724 1789 711 3725 158 162 3726 1797 718 3727 1782 712 3728 138 135 3729 136 128 3730 1785 713 3731 140 133 3732 138 135 3733 1788 714 3734 140 133 3735 1792 715 3736 1796 716 3737 142 152 3738 1796 716 3739 1784 717 3740 156 161 3741 1793 720 3742 1797 718 3743 156 161 3744 154 166 3745 1787 719 3746 164 189 3747 1794 707 3748 1799 721 3749 148 158 3750 1795 710 3751 1800 722 3752 168 195 3753 1781 706 3754 1786 723 3755 170 33 3756 1786 723 3757 1791 724 3758 152 163 3759 1783 709 3760 1787 719 3761 136 128 3762 134 130 3763 1798 705 3764 1791 724 3765 1811 575 3766 1818 608 3767 1799 721 3768 1819 583 3769 1801 607 3770 1790 708 3771 1810 605 3772 1814 606 3773 1782 712 3774 1802 599 3775 1810 605 3776 1800 722 3777 1820 582 3778 1803 603 3779 1789 711 3780 1809 601 3781 1815 580 3782 1784 717 3783 1804 592 3784 1809 601 3785 1797 718 3786 1817 589 3787 1802 599 3788 1788 714 3789 1785 713 3790 1805 569 3791 1792 715 3792 1788 714 3793 1808 597 3794 1792 715 3795 1812 595 3796 1816 590 3797 1796 716 3798 1816 590 3799 1804 592 3800 1793 720 3801 1813 587 3802 1817 589 3803 1793 720 3804 1787 719 3805 1807 572 3806 1794 707 3807 1814 606 3808 1819 583 3809 1795 710 3810 1815 580 3811 1820 582 3812 1781 706 3813 1801 607 3814 1806 578 3815 1786 723 3816 1806 578 3817 1811 575 3818 1783 709 3819 1803 603 3820 1807 572 3821 1785 713 3822 1798 705 3823 1818 608 3824 1766 699 3825 1825 628 3826 1831 625 3827 1767 688 3828 1765 687 3829 1824 629 3830 1771 690 3831 1768 689 3832 1827 614 3833 1774 703 3834 1833 617 3835 1836 622 3836 1776 693 3837 1775 692 3838 1834 634 3839 1764 694 3840 1823 636 3841 1828 632 3842 1763 696 3843 1776 693 3844 1835 642 3845 1779 697 3846 1771 690 3847 1830 644 3848 1780 698 3849 1839 621 3850 1823 636 3851 1775 692 3852 1769 695 3853 1828 632 3854 1765 687 3855 1779 697 3856 1838 637 3857 1762 701 3858 1821 624 3859 1825 628 3860 1772 686 3861 1831 625 3862 1837 609 3863 1777 691 3864 1836 622 3865 1821 624 3866 1773 702 3867 1832 613 3868 1839 621 3869 1774 703 3870 1767 688 3871 1826 645 3872 1768 689 3873 1763 696 3874 1822 639 3875 1770 704 3876 1829 611 3877 1832 613 3878 1778 700 3879 1837 609 3880 1829 611 3881 1889 725 3882 1850 670 3883 1857 666 3884 1897 727 3885 1858 674 3886 1840 671 3887 1892 729 3888 1888 730 3889 1849 684 3890 1888 730 3891 1880 735 3892 1841 681 3893 1881 731 3894 1898 742 3895 1859 673 3896 1887 732 3897 1848 682 3898 1854 672 3899 1882 734 3900 1843 678 3901 1848 682 3902 1880 735 3903 1895 741 3904 1856 676 3905 1883 736 3906 1844 667 3907 1847 680 3908 1886 737 3909 1847 680 3910 1851 679 3911 1890 738 3912 1851 679 3913 1855 677 3914 1894 739 3915 1855 677 3916 1843 678 3917 1891 740 3918 1852 675 3919 1856 676 3920 1891 740 3921 1885 744 3922 1846 668 3923 1897 727 3924 1892 729 3925 1853 685 3926 1893 733 3927 1854 672 3928 1859 673 3929 1879 728 3930 1840 671 3931 1845 669 3932 1884 743 3933 1845 669 3934 1850 670 3935 1885 744 3936 1881 731 3937 1842 683 3938 1896 726 3939 1857 666 3940 1844 667 3941 1903 745 3942 1864 656 3943 1870 655 3944 1904 747 3945 1902 757 3946 1863 657 3947 1908 748 3948 1905 762 3949 1866 651 3950 1914 749 3951 1911 761 3952 1872 652 3953 1912 750 3954 1873 659 3955 1874 662 3956 1901 752 3957 1862 660 3958 1867 658 3959 1913 751 3960 1874 662 3961 1861 650 3962 1916 755 3963 1908 748 3964 1869 664 3965 1917 756 3966 1878 653 3967 1862 660 3968 1906 753 3969 1867 658 3970 1873 659 3971 1902 757 3972 1916 755 3973 1877 661 3974 1903 745 3975 1899 759 3976 1860 654 3977 1909 746 3978 1870 655 3979 1876 647 3980 1899 759 3981 1914 749 3982 1875 663 3983 1910 760 3984 1871 649 3985 1878 653 3986 1911 761 3987 1904 747 3988 1865 665 3989 1905 762 3990 1900 754 3991 1861 650 3992 1907 763 3993 1868 648 3994 1871 649 3995 1915 758 3996 1876 647 3997 1868 648 3998 1688 571 3999 1701 570 4000 1896 726 4001 1690 574 4002 1686 573 4003 1881 731 4004 1694 577 4005 1689 576 4006 1884 743 4007 1689 576 4008 1684 579 4009 1879 728 4010 1698 602 4011 1893 733 4012 1898 742 4013 1702 585 4014 1697 584 4015 1892 729 4016 1690 574 4017 1885 744 4018 1891 740 4019 1696 586 4020 1891 740 4021 1895 741 4022 1687 591 4023 1699 594 4024 1894 739 4025 1695 593 4026 1890 738 4027 1894 739 4028 1695 593 4029 1691 596 4030 1886 737 4031 1688 571 4032 1883 736 4033 1886 737 4034 1700 588 4035 1895 741 4036 1880 735 4037 1687 591 4038 1882 734 4039 1887 732 4040 1692 600 4041 1887 732 4042 1893 733 4043 1686 573 4044 1703 581 4045 1898 742 4046 1685 598 4047 1880 735 4048 1888 730 4049 1693 604 4050 1888 730 4051 1892 729 4052 1684 579 4053 1702 585 4054 1897 727 4055 1701 570 4056 1694 577 4057 1889 725 4058 1720 626 4059 1915 758 4060 1907 763 4061 1712 610 4062 1907 763 4063 1910 760 4064 1710 616 4065 1705 615 4066 1900 754 4067 1716 619 4068 1709 618 4069 1904 747 4070 1715 612 4071 1910 760 4072 1917 756 4073 1704 623 4074 1719 643 4075 1914 749 4076 1714 646 4077 1909 746 4078 1915 758 4079 1708 627 4080 1704 623 4081 1899 759 4082 1707 631 4083 1721 630 4084 1916 755 4085 1711 641 4086 1906 753 4087 1912 750 4088 1722 620 4089 1917 756 4090 1901 752 4091 1721 630 4092 1713 638 4093 1908 748 4094 1718 640 4095 1913 751 4096 1900 754 4097 1706 635 4098 1901 752 4099 1906 753 4100 1717 633 4101 1912 750 4102 1913 751 4103 1719 643 4104 1716 619 4105 1911 761 4106 1713 638 4107 1710 616 4108 1905 762 4109 1709 618 4110 1707 631 4111 1902 757 4112 1708 627 4113 1903 745 4114 1909 746 4115 1938 2277 10704 1991 2277 10705 2020 2277 10706 1994 2278 10707 1995 2278 10708 1971 2278 10709 1942 2279 10710 1994 2279 10711 2005 2279 10712 1950 2280 10713 1951 2280 10714 1998 2280 10715 1918 2281 10716 1998 2281 10717 2009 2281 10718 1976 2282 10719 1975 2282 10720 2008 2282 10721 2017 2283 10722 15 2283 10723 1977 2283 10724 15 2284 10725 1978 2284 10726 1977 2284 10727 1978 2285 10728 21 2285 10729 1980 2285 10730 1958 2286 10731 1957 2286 10732 1979 2286 10733 2010 2287 10734 1921 2287 10735 1922 2287 10736 1921 2288 10737 2011 2288 10738 1920 2288 10739 1953 2289 10740 1952 2289 10741 2001 2289 10742 2007 2290 10743 1945 2290 10744 2006 2290 10745 1974 2291 10746 1973 2291 10747 1996 2291 10748 1940 2292 10749 1941 2292 10750 2022 2292 10751 1948 2293 10752 1949 2293 10753 1936 2293 10754 1964 2294 10755 1935 2294 10756 2003 2294 10757 1931 2295 10758 1930 2295 10759 1963 2295 10760 1969 2296 10761 1932 2296 10762 2013 2296 10763 1926 2297 10764 2016 2297 10765 1927 2297 10766 48 2298 10767 1983 2298 10768 1925 2298 10769 48 2299 10770 1984 2299 10771 1983 2299 10772 1982 2300 10773 1981 2300 10774 57 2300 10775 1923 2301 10776 1924 2301 10777 60 2301 10778 2015 2302 10779 1985 2302 10780 1987 2302 10781 1967 2303 10782 1966 2303 10783 1985 2303 10784 1990 2304 10785 1960 2304 10786 1988 2304 10787 1934 2305 10788 2002 2305 10789 1933 2305 10790 1947 2306 10791 1946 2306 10792 1991 2306 10793 17 2307 10794 2017 2307 10795 2018 2307 10796 2016 2308 10797 1984 2308 10798 45 2308 10799 1921 35 10800 1920 2309 10801 170 33 10802 1920 2309 10803 168 195 10804 170 33 10805 1925 2310 10806 158 162 10807 1927 172 10808 158 162 10809 160 178 10810 1926 173 10811 1932 779 10812 160 178 10813 1931 177 10814 160 178 10815 162 184 10816 1930 179 10817 1935 782 10818 162 184 10819 1937 183 10820 162 184 10821 164 189 10822 1936 185 10823 164 189 10824 166 197 10825 1941 190 10826 168 195 10827 1945 2311 10828 1944 196 10829 328 312 10830 1949 795 10831 1948 313 10832 322 321 10833 324 525 10834 1952 322 10835 1954 334 10836 1956 2312 10837 1955 335 10838 1957 339 10839 1958 2313 10840 320 337 10841 320 337 10842 322 321 10843 1959 338 10844 1960 394 10845 327 2314 10846 1962 395 10847 1965 399 10848 1964 796 10849 330 397 10850 1964 796 10851 328 312 10852 330 397 10853 1970 404 10854 1969 807 10855 332 244 10856 1969 807 10857 330 397 10858 332 244 10859 324 525 10860 326 314 10861 1973 526 10862 1979 2315 10863 1922 34 10864 170 33 10865 169 151 10866 167 32 10867 1919 31 10868 169 151 10869 1919 31 10870 1975 2316 10871 1980 2317 10872 1979 2315 10873 170 33 10874 1978 774 10875 1980 2317 10876 170 33 10877 169 151 10878 1975 2316 10879 1976 2318 10880 169 151 10881 1976 2318 10882 1977 773 10883 1978 774 10884 170 33 10885 169 151 10886 1924 171 10887 157 170 10888 155 160 10889 158 162 10890 1925 2310 10891 1983 2319 10892 158 162 10893 1983 2319 10894 1984 775 10895 1982 2320 10896 1924 171 10897 155 160 10898 1981 776 10899 1982 2320 10900 155 160 10901 155 160 10902 158 162 10903 1984 775 10904 1929 176 10905 159 175 10906 157 170 10907 157 170 10908 1923 169 10909 1987 777 10910 1985 778 10911 1929 176 10912 157 170 10913 1932 779 10914 1986 2321 10915 1926 173 10916 1988 781 10917 1934 182 10918 161 181 10919 161 181 10920 159 175 10921 1988 781 10922 159 175 10923 1928 174 10924 1990 780 10925 1935 782 10926 1989 2322 10927 1930 179 10928 1991 784 10929 1938 187 10930 163 186 10931 163 186 10932 161 181 10933 1991 784 10934 161 181 10935 1933 180 10936 1993 783 10937 1940 191 10938 1992 2323 10939 1936 185 10940 1996 786 10941 1941 190 10942 166 197 10943 166 197 10944 1944 196 10945 1997 785 10946 1942 193 10947 165 192 10948 1994 2324 10949 165 192 10950 163 186 10951 1995 787 10952 1994 2324 10953 165 192 10954 1995 787 10955 2000 789 10956 1945 2311 10957 168 195 10958 168 195 10959 1920 2309 10960 2001 788 10961 1918 30 10962 167 32 10963 1998 2325 10964 167 32 10965 165 192 10966 1943 194 10967 1998 2325 10968 167 32 10969 1999 790 10970 1949 795 10971 328 312 10972 1964 796 10973 2002 798 10974 1962 395 10975 327 2314 10976 327 2314 10977 325 311 10978 2002 798 10979 1972 523 10980 323 522 10981 2005 800 10982 323 522 10983 321 318 10984 2005 800 10985 321 318 10986 1950 320 10987 2004 799 10988 2006 802 10989 1952 322 10990 324 525 10991 324 525 10992 1974 527 10993 2007 801 10994 321 318 10995 319 336 10996 1951 319 10997 319 336 10998 1955 335 10999 2008 2326 11000 319 336 11001 2008 2326 11002 2009 803 11003 2010 805 11004 1959 338 11005 322 321 11006 322 321 11007 1953 323 11008 2011 804 11009 1963 398 11010 330 397 11011 1969 807 11012 2012 809 11013 1966 400 11014 329 402 11015 329 402 11016 327 2314 11017 1960 394 11018 331 243 11019 329 402 11020 1967 401 11021 331 243 11022 1967 401 11023 2015 2327 11024 2016 810 11025 1968 403 11026 332 244 11027 331 243 11028 2015 2327 11029 2014 2328 11030 2014 2328 11031 2016 810 11032 331 243 11033 1954 334 11034 319 336 11035 317 504 11036 320 337 11037 1958 2313 11038 2018 812 11039 2017 813 11040 1954 334 11041 317 504 11042 317 504 11043 320 337 11044 2018 812 11045 2020 815 11046 1946 309 11047 325 311 11048 325 311 11049 323 522 11050 2019 814 11051 323 522 11052 1971 524 11053 2019 814 11054 2022 817 11055 1973 526 11056 326 314 11057 326 314 11058 1948 313 11059 2021 816 11060 2020 2329 11061 2019 2329 11062 1939 2329 11063 2019 2330 11064 1995 2330 11065 1939 2330 11066 2020 2331 11067 1939 2331 11068 1938 2331 11069 2019 2332 11070 1971 2332 11071 1995 2332 11072 1971 2333 11073 1972 2333 11074 1994 2333 11075 1972 2334 11076 2005 2334 11077 1994 2334 11078 2005 2335 11079 2004 2335 11080 1943 2335 11081 2004 2336 11082 1999 2336 11083 1943 2336 11084 1943 2337 11085 1942 2337 11086 2005 2337 11087 1951 2338 11088 2009 2338 11089 1998 2338 11090 1998 2339 11091 1999 2339 11092 1950 2339 11093 1999 2340 11094 2004 2340 11095 1950 2340 11096 2009 2341 11097 2008 2341 11098 1919 2341 11099 2008 2342 11100 1975 2342 11101 1919 2342 11102 1919 2343 11103 1918 2343 11104 2009 2343 11105 2008 2344 11106 1955 2344 11107 1976 2344 11108 1955 2345 11109 1956 2345 11110 1976 2345 11111 1977 2346 11112 1976 2346 11113 1954 2346 11114 1976 2347 11115 1956 2347 11116 1954 2347 11117 1954 2348 11118 2017 2348 11119 1977 2348 11120 15 2349 11121 17 2349 11122 1978 2349 11123 1978 2350 11124 17 2350 11125 21 2350 11126 1979 2351 11127 1980 2351 11128 1958 2351 11129 1980 2352 11130 21 2352 11131 2018 2352 11132 1958 2353 11133 1980 2353 11134 2018 2353 11135 1922 2354 11136 1979 2354 11137 1959 2354 11138 1979 2355 11139 1957 2355 11140 1959 2355 11141 1922 2356 11142 1959 2356 11143 2010 2356 11144 2010 2357 11145 2011 2357 11146 1921 2357 11147 2011 2358 11148 2001 2358 11149 1920 2358 11150 1952 2359 11151 2006 2359 11152 2000 2359 11153 2000 2360 11154 2001 2360 11155 1952 2360 11156 2001 2361 11157 2011 2361 11158 1953 2361 11159 2007 2362 11160 1997 2362 11161 1944 2362 11162 1944 2363 11163 1945 2363 11164 2007 2363 11165 1945 2364 11166 2000 2364 11167 2006 2364 11168 1973 2365 11169 2022 2365 11170 1996 2365 11171 1996 2366 11172 1997 2366 11173 1974 2366 11174 1997 2367 11175 2007 2367 11176 1974 2367 11177 2021 2368 11178 1992 2368 11179 1940 2368 11180 1941 2369 11181 1996 2369 11182 2022 2369 11183 2021 2370 11184 1940 2370 11185 2022 2370 11186 1992 2371 11187 2021 2371 11188 1948 2371 11189 1949 2372 11190 2003 2372 11191 1936 2372 11192 2003 2373 11193 1937 2373 11194 1936 2373 11195 1992 2374 11196 1948 2374 11197 1936 2374 11198 1964 2375 11199 1965 2375 11200 1989 2375 11201 1989 2376 11202 1935 2376 11203 1964 2376 11204 1935 2377 11205 1937 2377 11206 2003 2377 11207 1989 2378 11208 1965 2378 11209 1930 2378 11210 1965 2379 11211 1963 2379 11212 1930 2379 11213 1963 2380 11214 2013 2380 11215 1931 2380 11216 1969 2381 11217 1970 2381 11218 1986 2381 11219 1986 2382 11220 1932 2382 11221 1969 2382 11222 1932 2383 11223 1931 2383 11224 2013 2383 11225 1986 2384 11226 1970 2384 11227 1926 2384 11228 1970 2385 11229 1968 2385 11230 1926 2385 11231 1968 2386 11232 2016 2386 11233 1926 2386 11234 2016 2387 11235 45 2387 11236 1927 2387 11237 1927 2388 11238 45 2388 11239 1925 2388 11240 45 2389 11241 48 2389 11242 1925 2389 11243 1982 2390 11244 57 2390 11245 1924 2390 11246 57 2391 11247 60 2391 11248 1924 2391 11249 60 2392 11250 1987 2392 11251 1923 2392 11252 1987 2393 11253 60 2393 11254 2014 2393 11255 2014 2394 11256 2015 2394 11257 1987 2394 11258 1966 2395 11259 2012 2395 11260 1929 2395 11261 2012 2396 11262 1990 2396 11263 1928 2396 11264 1928 2397 11265 1929 2397 11266 2012 2397 11267 1929 2398 11268 1985 2398 11269 1966 2398 11270 1985 2399 11271 2015 2399 11272 1967 2399 11273 2012 2400 11274 1960 2400 11275 1990 2400 11276 1960 2401 11277 1961 2401 11278 1988 2401 11279 1934 2402 11280 1988 2402 11281 1962 2402 11282 1988 2403 11283 1961 2403 11284 1962 2403 11285 1962 2404 11286 2002 2404 11287 1934 2404 11288 2002 2405 11289 1993 2405 11290 1933 2405 11291 1946 2406 11292 2020 2406 11293 1991 2406 11294 1991 2407 11295 1993 2407 11296 1947 2407 11297 1993 2408 11298 2002 2408 11299 1947 2408 11300 2018 2409 11301 21 2409 11302 17 2409 11303 17 2308 11304 15 2308 11305 2017 2308 11306 2016 2308 11307 2014 2308 11308 1981 2308 11309 2014 2410 11310 60 2410 11311 1981 2410 11312 60 2411 11313 57 2411 11314 1981 2411 11315 1981 2308 11316 1984 2308 11317 2016 2308 11318 1984 2308 11319 48 2308 11320 45 2308 11321</p>
        </triangles>
        <triangles material="bolts_006-material" count="2196">
          <input semantic="VERTEX" source="#straight_003-mesh-vertices" offset="0"/>
          <input semantic="NORMAL" source="#straight_003-mesh-normals" offset="1"/>
          <input semantic="TEXCOORD" source="#straight_003-mesh-map-0" offset="2" set="0"/>
          <input semantic="TEXCOORD" source="#straight_003-mesh-map-1" offset="2" set="1"/>
          <p>596 818 4116 597 818 4117 595 818 4118 632 819 4119 633 819 4120 631 819 4121 1010 820 4122 1031 821 4123 1032 822 4124 680 823 4125 681 823 4126 679 823 4127 942 824 4128 939 825 4129 940 826 4130 1540 827 4131 1537 827 4132 1538 827 4133 1450 828 4134 1447 828 4135 1449 828 4136 1002 829 4137 1003 829 4138 1001 829 4139 520 830 4140 517 830 4141 518 830 4142 802 831 4143 799 832 4144 800 833 4145 1552 834 4146 1549 835 4147 1550 836 4148 524 837 4149 525 837 4150 523 837 4151 1178 838 4152 1175 839 4153 1176 840 4154 1150 841 4155 1147 842 4156 1148 843 4157 1140 844 4158 1137 845 4159 1138 846 4160 1114 847 4161 1111 847 4162 1113 847 4163 1102 848 4164 1099 849 4165 1100 850 4166 1076 851 4167 1073 851 4168 1075 851 4169 762 852 4170 759 853 4171 760 854 4172 756 855 4173 746 855 4174 755 855 4175 1500 856 4176 1497 857 4177 1498 858 4178 460 859 4179 457 860 4180 458 861 4181 1014 862 4182 1011 863 4183 1012 864 4184 675 865 4185 677 865 4186 673 865 4187 564 866 4188 554 866 4189 563 866 4190 414 867 4191 415 867 4192 413 867 4193 1580 868 4194 1577 868 4195 1579 868 4196 824 869 4197 825 869 4198 823 869 4199 642 870 4200 639 871 4201 640 872 4202 512 873 4203 509 874 4204 510 875 4205 1441 876 4206 1452 876 4207 1451 876 4208 1462 877 4209 1459 878 4210 1460 879 4211 1440 880 4212 1437 881 4213 1438 882 4214 502 883 4215 499 884 4216 500 885 4217 1396 886 4218 1393 887 4219 1394 888 4220 1366 889 4221 1363 890 4222 1364 891 4223 1328 892 4224 1325 893 4225 1326 894 4226 1324 895 4227 1321 896 4228 1322 897 4229 452 898 4230 453 898 4231 451 898 4232 411 899 4233 413 899 4234 409 899 4235 416 900 4236 417 900 4237 415 900 4238 810 901 4239 807 902 4240 808 903 4241 426 904 4242 423 905 4243 424 906 4244 424 906 4245 421 907 4246 422 908 4247 420 909 4248 410 909 4249 419 909 4250 412 910 4251 409 910 4252 410 910 4253 1132 911 4254 1129 912 4255 1130 913 4256 418 914 4257 419 914 4258 417 914 4259 422 908 4260 443 915 4261 444 916 4262 488 917 4263 489 917 4264 487 917 4265 450 918 4266 451 918 4267 449 918 4268 430 919 4269 427 920 4270 428 921 4271 412 0 4272 420 0 4273 411 0 4274 1343 0 4275 1337 0 4276 1334 0 4277 414 0 4278 418 0 4279 416 0 4280 1038 922 4281 1044 922 4282 1035 922 4283 419 4 4284 415 4 4285 417 4 4286 410 4 4287 409 4 4288 413 4 4289 432 923 4290 429 924 4291 430 919 4292 434 925 4293 431 926 4294 432 923 4295 436 927 4296 433 928 4297 434 925 4298 438 929 4299 435 930 4300 436 927 4301 440 931 4302 437 932 4303 438 929 4304 442 933 4305 439 934 4306 440 931 4307 444 916 4308 441 935 4309 442 933 4310 462 936 4311 459 937 4312 460 859 4313 448 938 4314 445 938 4315 446 938 4316 456 939 4317 446 939 4318 455 939 4319 468 940 4320 465 941 4321 466 942 4322 447 943 4323 449 943 4324 445 943 4325 1589 4 4326 1597 4 4327 1587 4 4328 1585 944 4329 1597 944 4330 1599 944 4331 443 0 4332 437 0 4333 439 0 4334 443 945 4335 439 945 4336 441 945 4337 431 946 4338 425 946 4339 427 946 4340 431 0 4341 427 0 4342 429 0 4343 1598 0 4344 1590 0 4345 1600 0 4346 1602 0 4347 1590 0 4348 1588 0 4349 1025 0 4350 1009 0 4351 1023 0 4352 440 4 4353 422 4 4354 444 4 4355 440 4 4356 444 4 4357 442 4 4358 428 4 4359 434 4 4360 432 4 4361 428 4 4362 432 4 4363 430 4 4364 464 947 4365 461 948 4366 462 936 4367 454 949 4368 455 949 4369 453 949 4370 458 861 4371 479 950 4372 480 951 4373 486 952 4374 487 952 4375 485 952 4376 466 942 4377 463 953 4378 464 947 4379 448 0 4380 456 0 4381 447 0 4382 629 954 4383 635 954 4384 626 954 4385 450 0 4386 454 0 4387 452 0 4388 934 955 4389 927 955 4390 936 955 4391 455 4 4392 451 4 4393 453 4 4394 446 956 4395 445 956 4396 449 956 4397 476 957 4398 473 958 4399 474 959 4400 470 960 4401 467 961 4402 468 940 4403 472 962 4404 469 963 4405 470 960 4406 474 959 4407 471 964 4408 472 962 4409 484 965 4410 481 965 4411 482 965 4412 478 966 4413 475 967 4414 476 957 4415 480 951 4416 477 968 4417 478 966 4418 498 969 4419 495 970 4420 496 971 4421 492 823 4422 482 823 4423 491 823 4424 496 971 4425 493 972 4426 494 973 4427 483 974 4428 485 974 4429 481 974 4430 1382 0 4431 1398 0 4432 1384 0 4433 954 4 4434 942 4 4435 940 4 4436 644 4 4437 652 4 4438 650 4 4439 479 0 4440 473 0 4441 475 0 4442 479 0 4443 475 0 4444 477 0 4445 467 0 4446 461 0 4447 463 0 4448 467 0 4449 463 0 4450 465 0 4451 1250 0 4452 1242 0 4453 1252 0 4454 1129 975 4455 1141 975 4456 1143 975 4457 1568 0 4458 1552 0 4459 1550 0 4460 476 4 4461 458 4 4462 480 4 4463 476 4 4464 480 4 4465 478 4 4466 464 4 4467 470 4 4468 468 4 4469 464 4 4470 468 4 4471 466 4 4472 500 885 4473 497 976 4474 498 969 4475 490 977 4476 491 977 4477 489 977 4478 487 4 4479 482 4 4480 485 4 4481 1490 978 4482 1511 979 4483 1512 980 4484 510 875 4485 507 981 4486 508 982 4487 484 0 4488 492 0 4489 483 0 4490 1379 0 4491 1373 0 4492 1370 0 4493 486 983 4494 490 983 4495 488 983 4496 494 973 4497 515 984 4498 516 985 4499 491 4 4500 487 4 4501 489 4 4502 482 4 4503 481 4 4504 485 4 4505 504 986 4506 501 987 4507 502 883 4508 506 988 4509 503 989 4510 504 986 4511 508 982 4512 505 990 4513 506 988 4514 514 991 4515 511 992 4516 512 873 4517 516 985 4518 513 993 4519 514 991 4520 1496 994 4521 1493 995 4522 1494 996 4523 1523 997 4524 1515 997 4525 1517 997 4526 1527 4 4527 1515 4 4528 1525 4 4529 1424 0 4530 1432 0 4531 1430 0 4532 515 998 4533 509 998 4534 511 998 4535 515 0 4536 511 0 4537 513 0 4538 503 0 4539 497 0 4540 499 0 4541 503 999 4542 499 999 4543 501 999 4544 1520 0 4545 1528 0 4546 1526 0 4547 1516 0 4548 1528 0 4549 1518 0 4550 761 1000 4551 769 1000 4552 759 1000 4553 512 4 4554 494 4 4555 516 4 4556 512 4 4557 516 4 4558 514 4 4559 500 4 4560 506 4 4561 504 4 4562 500 4 4563 504 4 4564 502 4 4565 1532 880 4566 1529 1001 4567 1530 1002 4568 526 1003 4569 527 1003 4570 525 1003 4571 530 1004 4572 551 1005 4573 552 1006 4574 860 1007 4575 861 1007 4576 859 1007 4577 558 1008 4578 559 1008 4579 557 1008 4580 538 1009 4581 535 1010 4582 536 1011 4583 520 0 4584 528 0 4585 519 0 4586 557 4 4587 563 4 4588 554 4 4589 522 1012 4590 526 1012 4591 524 1012 4592 862 0 4593 855 0 4594 864 0 4595 527 1013 4596 523 1013 4597 525 1013 4598 518 4 4599 517 4 4600 521 4 4601 540 1014 4602 537 1015 4603 538 1009 4604 542 1016 4605 539 1017 4606 540 1014 4607 544 1018 4608 541 1019 4609 542 1016 4610 546 1020 4611 543 1021 4612 544 1018 4613 548 1022 4614 545 1023 4615 546 1020 4616 550 1024 4617 547 1025 4618 548 1022 4619 552 1006 4620 549 1026 4621 550 1024 4622 570 1027 4623 567 1028 4624 568 1029 4625 572 1030 4626 569 1031 4627 570 1027 4628 568 1029 4629 565 1032 4630 566 1033 4631 555 1034 4632 557 1034 4633 553 1034 4634 566 4 4635 582 4 4636 568 4 4637 1146 0 4638 1134 0 4639 1132 0 4640 1505 4 4641 1489 4 4642 1503 4 4643 551 0 4644 545 0 4645 547 0 4646 551 1035 4647 547 1035 4648 549 1035 4649 539 0 4650 533 0 4651 535 0 4652 539 1036 4653 535 1036 4654 537 1036 4655 1145 1037 4656 1129 1038 4657 1143 1039 4658 1381 1040 4659 1393 1040 4660 1395 1040 4661 1490 0 4662 1506 0 4663 1492 0 4664 548 4 4665 530 4 4666 552 4 4667 548 4 4668 552 4 4669 550 4 4670 536 4 4671 542 4 4672 540 4 4673 536 4 4674 540 4 4675 538 4 4676 700 1041 4677 697 1042 4678 698 1043 4679 562 1044 4680 563 1044 4681 561 1044 4682 566 1033 4683 587 1045 4684 588 1046 4685 594 1047 4686 595 1047 4687 593 1047 4688 574 1048 4689 571 1049 4690 572 1030 4691 556 0 4692 564 0 4693 555 0 4694 1485 1050 4695 1478 1050 4696 1487 1050 4697 558 1051 4698 562 1051 4699 560 1051 4700 828 0 4701 822 0 4702 819 0 4703 563 1052 4704 559 1052 4705 561 1052 4706 554 1053 4707 553 1053 4708 557 1053 4709 576 1054 4710 573 1055 4711 574 1048 4712 578 1056 4713 575 1057 4714 576 1054 4715 580 1058 4716 577 1059 4717 578 1056 4718 582 1060 4719 579 1061 4720 580 1058 4721 584 1062 4722 581 1063 4723 582 1060 4724 586 1064 4725 583 1065 4726 584 1062 4727 588 1046 4728 585 1066 4729 586 1064 4730 606 1067 4731 603 1068 4732 604 1069 4733 592 1070 4734 589 1070 4735 590 1070 4736 600 1071 4737 590 1071 4738 599 1071 4739 598 0 4740 591 0 4741 600 0 4742 591 952 4743 593 952 4744 589 952 4745 881 0 4746 865 0 4747 879 0 4748 846 4 4749 834 4 4750 832 4 4751 869 0 4752 877 0 4753 867 0 4754 587 1072 4755 581 1072 4756 583 1072 4757 587 1073 4758 583 1073 4759 585 1073 4760 575 1074 4761 569 1074 4762 571 1074 4763 575 1075 4764 571 1075 4765 573 1075 4766 1466 0 4767 1458 0 4768 1468 0 4769 1470 0 4770 1458 0 4771 1456 0 4772 1148 0 4773 1132 0 4774 1130 0 4775 584 4 4776 566 4 4777 588 4 4778 584 4 4779 588 4 4780 586 4 4781 572 4 4782 578 4 4783 576 4 4784 572 4 4785 576 4 4786 574 4 4787 608 903 4788 605 1076 4789 606 1067 4790 598 823 4791 599 823 4792 597 823 4793 602 1077 4794 623 1078 4795 624 1079 4796 668 1080 4797 669 1080 4798 667 1080 4799 630 1081 4800 631 1081 4801 629 1081 4802 610 1082 4803 607 902 4804 608 903 4805 592 0 4806 600 0 4807 591 0 4808 604 1069 4809 601 1083 4810 602 1077 4811 594 0 4812 598 0 4813 596 0 4814 1415 1084 4815 1409 1084 4816 1406 1084 4817 599 1085 4818 595 1085 4819 597 1085 4820 590 4 4821 589 4 4822 593 4 4823 612 1086 4824 609 1087 4825 610 1082 4826 622 1088 4827 619 1089 4828 620 1090 4829 616 1091 4830 613 1092 4831 614 1093 4832 618 1094 4833 615 1095 4834 616 1091 4835 620 1090 4836 617 1096 4837 618 1094 4838 1119 1097 4839 1127 1097 4840 1117 1097 4841 640 872 4842 637 1098 4843 638 1099 4844 658 1100 4845 655 1101 4846 656 1102 4847 628 1103 4848 625 1103 4849 626 1103 4850 636 1104 4851 626 1104 4852 635 1104 4853 627 1105 4854 629 1105 4855 625 1105 4856 1532 0 4857 1516 0 4858 1514 0 4859 1204 0 4860 1216 0 4861 1206 0 4862 1439 1106 4863 1431 1106 4864 1433 1106 4865 623 1107 4866 617 1107 4867 619 1107 4868 623 1108 4869 619 1108 4870 621 1108 4871 611 1109 4872 605 1109 4873 607 1109 4874 611 1110 4875 607 1110 4876 609 1110 4877 1097 1111 4878 1081 1112 4879 1095 1113 4880 1436 0 4881 1420 0 4882 1418 0 4883 620 4 4884 602 4 4885 624 4 4886 620 4 4887 624 4 4888 622 4 4889 608 4 4890 614 4 4891 612 4 4892 608 4 4893 612 4 4894 610 4 4895 644 1114 4896 641 1115 4897 642 870 4898 634 1116 4899 635 1116 4900 633 1116 4901 638 1099 4902 659 1117 4903 660 1118 4904 666 1119 4905 667 1119 4906 665 1119 4907 646 1120 4908 643 1121 4909 644 1114 4910 628 0 4911 636 0 4912 627 0 4913 1545 0 4914 1538 0 4915 1547 0 4916 630 0 4917 634 0 4918 632 0 4919 756 1122 4920 750 1122 4921 747 1122 4922 635 1123 4923 631 1123 4924 633 1123 4925 626 1124 4926 625 1124 4927 629 1124 4928 648 1125 4929 645 1126 4930 646 1120 4931 650 1127 4932 647 1128 4933 648 1125 4934 652 1129 4935 649 1130 4936 650 1127 4937 654 1131 4938 651 1132 4939 652 1129 4940 656 1102 4941 653 1133 4942 654 1131 4943 1386 1134 4944 1383 1135 4945 1384 1136 4946 660 1118 4947 657 1137 4948 658 1100 4949 664 1138 4950 661 1138 4951 662 1138 4952 672 1139 4953 662 1139 4954 671 1139 4955 663 1140 4956 665 1140 4957 661 1140 4958 476 4 4959 460 4 4960 458 4 4961 774 4 4962 762 4 4963 760 4 4964 470 4 4965 462 4 4966 472 4 4967 659 1141 4968 653 1141 4969 655 1141 4970 659 0 4971 655 0 4972 657 0 4973 647 1142 4974 641 1142 4975 643 1142 4976 647 1143 4977 643 1143 4978 645 1143 4979 779 1144 4980 771 1144 4981 773 1144 4982 457 0 4983 469 0 4984 471 0 4985 647 0 4986 639 0 4987 641 0 4988 656 4 4989 638 4 4990 660 4 4991 656 4 4992 660 4 4993 658 4 4994 644 4 4995 650 4 4996 648 4 4997 644 4 4998 648 4 4999 646 4 5000 670 1145 5001 671 1145 5002 669 1145 5003 788 1146 5004 789 1146 5005 787 1146 5006 708 1147 5007 685 1148 5008 707 1149 5009 664 0 5010 672 0 5011 663 0 5012 1338 1150 5013 1344 1150 5014 1335 1150 5015 666 0 5016 670 0 5017 668 0 5018 720 1151 5019 714 1151 5020 711 1151 5021 671 1152 5022 667 1152 5023 669 1152 5024 662 1153 5025 661 1153 5026 665 1153 5027 688 1154 5028 689 1155 5029 687 1156 5030 676 952 5031 673 952 5032 674 952 5033 694 1157 5034 691 1158 5035 692 1159 5036 696 1160 5037 693 1161 5038 694 1157 5039 714 1162 5040 715 1162 5041 713 1162 5042 1586 0 5043 1602 0 5044 1588 0 5045 1290 0 5046 1278 0 5047 1276 0 5048 1361 1163 5049 1345 1163 5050 1359 1163 5051 1601 4 5052 1585 4 5053 1599 4 5054 829 1164 5055 841 1164 5056 843 1164 5057 1346 0 5058 1362 0 5059 1348 0 5060 692 1159 5061 689 1155 5062 690 1165 5063 997 1166 5064 1002 1166 5065 1001 1166 5066 681 1167 5067 684 1167 5068 683 1167 5069 752 1168 5070 753 1168 5071 751 1168 5072 1006 1169 5073 1007 1169 5074 1005 1169 5075 676 0 5076 684 0 5077 675 0 5078 1001 1170 5079 1007 1170 5080 998 1170 5081 678 0 5082 682 0 5083 680 0 5084 684 0 5085 678 0 5086 675 0 5087 683 1171 5088 679 1171 5089 681 1171 5090 674 1172 5091 673 1172 5092 677 1172 5093 698 1043 5094 695 1173 5095 696 1160 5096 708 1147 5097 705 1174 5098 706 1175 5099 726 1176 5100 723 1177 5101 724 1178 5102 704 1179 5103 701 1180 5104 702 1181 5105 706 1175 5106 703 1182 5107 704 1179 5108 1022 1183 5109 1023 1184 5110 1021 1185 5111 712 1186 5112 709 1186 5113 710 1186 5114 720 1187 5115 710 1187 5116 719 1187 5117 724 1178 5118 721 1188 5119 722 1189 5120 711 1190 5121 713 1190 5122 709 1190 5123 1640 0 5124 1624 0 5125 1622 0 5126 1323 4 5127 1311 4 5128 1321 4 5129 1022 4 5130 1014 4 5131 1024 4 5132 707 0 5133 701 0 5134 703 0 5135 707 0 5136 703 0 5137 705 0 5138 695 0 5139 689 0 5140 691 0 5141 695 0 5142 691 0 5143 693 0 5144 1322 0 5145 1314 0 5146 1324 0 5147 1312 0 5148 1324 0 5149 1314 0 5150 623 1191 5151 615 1191 5152 617 1191 5153 704 4 5154 686 4 5155 708 4 5156 704 4 5157 708 4 5158 706 4 5159 692 4 5160 698 4 5161 696 4 5162 692 4 5163 696 4 5164 694 4 5165 728 1192 5166 725 1193 5167 726 1176 5168 718 1194 5169 719 1194 5170 717 1194 5171 722 1189 5172 743 1195 5173 744 1196 5174 750 1197 5175 751 1197 5176 749 1197 5177 730 1198 5178 727 1199 5179 728 1192 5180 712 0 5181 720 0 5182 711 0 5183 1266 1200 5184 1272 1200 5185 1263 1200 5186 714 0 5187 718 0 5188 716 0 5189 672 0 5190 666 0 5191 663 0 5192 719 4 5193 715 4 5194 717 4 5195 710 4 5196 709 4 5197 713 4 5198 732 1201 5199 729 1202 5200 730 1198 5201 734 1203 5202 731 1204 5203 732 1201 5204 736 1205 5205 733 1206 5206 734 1203 5207 738 1207 5208 735 1208 5209 736 1205 5210 740 1209 5211 737 1210 5212 738 1207 5213 742 1211 5214 739 1212 5215 740 1209 5216 744 1196 5217 741 1213 5218 742 1211 5219 1242 1214 5220 1239 1215 5221 1240 1216 5222 748 1217 5223 745 1217 5224 746 1217 5225 747 1218 5226 749 1218 5227 745 1218 5228 1046 0 5229 1062 0 5230 1048 0 5231 1362 0 5232 1350 0 5233 1348 0 5234 986 4 5235 978 4 5236 988 4 5237 743 0 5238 737 0 5239 739 0 5240 743 1219 5241 739 1219 5242 741 1219 5243 731 1220 5244 725 1220 5245 727 1220 5246 731 0 5247 727 0 5248 729 0 5249 1289 1221 5250 1273 1222 5251 1287 1223 5252 507 1224 5253 495 1224 5254 505 1224 5255 1274 0 5256 1290 0 5257 1276 0 5258 740 4 5259 722 4 5260 744 4 5261 740 4 5262 744 4 5263 742 4 5264 728 4 5265 734 4 5266 732 4 5267 728 4 5268 732 4 5269 730 4 5270 754 1225 5271 755 1225 5272 753 1225 5273 758 1226 5274 779 1227 5275 780 1228 5276 896 1229 5277 897 1229 5278 895 1229 5279 786 823 5280 787 823 5281 785 823 5282 766 1230 5283 763 1231 5284 764 1232 5285 748 0 5286 756 0 5287 747 0 5288 1079 0 5289 1073 0 5290 1070 0 5291 750 0 5292 754 0 5293 752 0 5294 634 1233 5295 627 1233 5296 636 1233 5297 755 4 5298 751 4 5299 753 4 5300 746 1234 5301 745 1234 5302 749 1234 5303 776 1235 5304 773 1236 5305 774 1237 5306 770 1238 5307 767 1239 5308 768 1240 5309 772 1241 5310 769 1242 5311 770 1238 5312 774 1237 5313 771 1243 5314 772 1241 5315 784 1244 5316 781 1244 5317 782 1244 5318 778 1245 5319 775 1246 5320 776 1235 5321 780 1228 5322 777 1247 5323 778 1245 5324 798 1248 5325 795 1089 5326 796 1090 5327 856 1249 5328 853 1249 5329 854 1249 5330 792 952 5331 782 952 5332 791 952 5333 796 1090 5334 793 1096 5335 794 1094 5336 783 1250 5337 785 1250 5338 781 1250 5339 1241 4 5340 1249 4 5341 1239 4 5342 654 4 5343 642 4 5344 640 4 5345 944 4 5346 952 4 5347 950 4 5348 779 0 5349 773 0 5350 775 0 5351 779 0 5352 775 0 5353 777 0 5354 767 0 5355 761 0 5356 763 0 5357 767 0 5358 763 0 5359 765 0 5360 653 1251 5361 637 1251 5362 651 1251 5363 937 1252 5364 949 1252 5365 951 1252 5366 1391 1253 5367 1383 1253 5368 1385 1253 5369 776 4 5370 758 4 5371 780 4 5372 776 4 5373 780 4 5374 778 4 5375 764 4 5376 770 4 5377 768 4 5378 764 4 5379 768 4 5380 766 4 5381 800 833 5382 797 1254 5383 798 1248 5384 790 1255 5385 791 1255 5386 789 1255 5387 787 4 5388 782 4 5389 785 4 5390 932 1256 5391 933 1256 5392 931 1256 5393 822 1257 5394 823 1257 5395 821 1257 5396 784 0 5397 792 0 5398 783 0 5399 1194 1258 5400 1200 1258 5401 1191 1258 5402 786 1259 5403 790 1259 5404 788 1259 5405 794 1094 5406 815 1095 5407 816 1091 5408 791 4 5409 787 4 5410 789 4 5411 782 4 5412 781 4 5413 785 4 5414 804 1069 5415 801 1260 5416 802 831 5417 806 1067 5418 803 1068 5419 804 1069 5420 808 903 5421 805 1076 5422 806 1067 5423 914 1261 5424 911 1262 5425 912 1263 5426 836 1264 5427 833 1265 5428 834 1266 5429 814 1267 5430 811 1268 5431 812 1269 5432 816 1091 5433 813 1270 5434 814 1267 5435 834 1266 5436 831 1271 5437 832 1272 5438 820 1273 5439 817 1273 5440 818 1273 5441 828 1274 5442 818 1274 5443 827 1274 5444 832 1272 5445 829 1275 5446 830 1276 5447 819 1277 5448 821 1277 5449 817 1277 5450 920 4 5451 904 4 5452 902 4 5453 1420 0 5454 1432 0 5455 1422 0 5456 1223 1278 5457 1215 1278 5458 1217 1278 5459 815 1279 5460 809 1279 5461 811 1279 5462 815 0 5463 811 0 5464 813 0 5465 803 0 5466 797 0 5467 799 0 5468 803 1280 5469 799 1280 5470 801 1280 5471 815 1281 5472 807 1281 5473 809 1281 5474 1453 1282 5475 1465 1282 5476 1467 1282 5477 1220 0 5478 1204 0 5479 1202 0 5480 812 4 5481 794 4 5482 816 4 5483 812 4 5484 816 4 5485 814 4 5486 800 4 5487 806 4 5488 804 4 5489 800 4 5490 804 4 5491 802 4 5492 924 1283 5493 921 1284 5494 922 1285 5495 826 1286 5496 827 1286 5497 825 1286 5498 830 1276 5499 851 1287 5500 852 1288 5501 560 1289 5502 561 1289 5503 559 1289 5504 858 1290 5505 859 1290 5506 857 1290 5507 838 1291 5508 835 1292 5509 836 1264 5510 820 0 5511 828 0 5512 819 0 5513 523 1293 5514 518 1293 5515 521 1293 5516 822 1051 5517 826 1051 5518 824 1051 5519 562 0 5520 555 0 5521 564 0 5522 827 1294 5523 823 1294 5524 825 1294 5525 818 4 5526 817 4 5527 821 4 5528 840 1295 5529 837 1296 5530 838 1291 5531 842 1297 5532 839 1298 5533 840 1295 5534 844 1299 5535 841 1300 5536 842 1297 5537 846 1301 5538 843 1302 5539 844 1299 5540 848 1303 5541 845 1304 5542 846 1301 5543 850 1305 5544 847 1306 5545 848 1303 5546 852 1288 5547 849 1307 5548 850 1305 5549 870 1308 5550 867 1309 5551 868 1310 5552 872 1311 5553 869 1312 5554 870 1308 5555 864 1313 5556 854 1313 5557 863 1313 5558 868 1310 5559 865 1314 5560 866 1315 5561 855 1316 5562 857 1316 5563 853 1316 5564 866 4 5565 882 4 5566 868 4 5567 1165 1317 5568 1177 1317 5569 1179 1317 5570 1142 0 5571 1134 0 5572 1144 0 5573 851 0 5574 845 0 5575 847 0 5576 851 1318 5577 847 1318 5578 849 1318 5579 839 0 5580 833 0 5581 835 0 5582 839 1319 5583 835 1319 5584 837 1319 5585 530 4 5586 546 4 5587 532 4 5588 865 0 5589 877 0 5590 879 0 5591 542 4 5592 534 4 5593 544 4 5594 848 4 5595 830 4 5596 852 4 5597 848 4 5598 852 4 5599 850 4 5600 836 4 5601 842 4 5602 840 4 5603 836 4 5604 840 4 5605 838 4 5606 624 1079 5607 621 1320 5608 622 1088 5609 862 1321 5610 863 1321 5611 861 1321 5612 866 1315 5613 887 1322 5614 888 1323 5615 1326 894 5616 1323 1324 5617 1324 895 5618 894 1325 5619 895 1325 5620 893 1325 5621 874 1326 5622 871 1327 5623 872 1311 5624 856 0 5625 864 0 5626 855 0 5627 823 1328 5628 818 1328 5629 821 1328 5630 858 1012 5631 862 1012 5632 860 1012 5633 528 0 5634 522 0 5635 519 0 5636 863 1329 5637 859 1329 5638 861 1329 5639 854 1330 5640 853 1330 5641 857 1330 5642 876 1331 5643 873 1332 5644 874 1326 5645 878 1333 5646 875 1334 5647 876 1331 5648 880 1335 5649 877 1336 5650 878 1333 5651 882 1337 5652 879 1338 5653 880 1335 5654 884 1339 5655 881 1340 5656 882 1337 5657 886 1341 5658 883 1342 5659 884 1339 5660 888 1323 5661 885 1343 5662 886 1341 5663 1170 1344 5664 1167 1345 5665 1168 1346 5666 892 1347 5667 889 1347 5668 890 1347 5669 900 1348 5670 890 1348 5671 899 1348 5672 898 0 5673 891 0 5674 900 0 5675 891 823 5676 893 823 5677 889 823 5678 1166 0 5679 1182 0 5680 1168 0 5681 546 4 5682 534 4 5683 532 4 5684 1457 4 5685 1465 4 5686 1455 4 5687 887 1349 5688 881 1349 5689 883 1349 5690 887 1350 5691 883 1350 5692 885 1350 5693 875 1351 5694 869 1351 5695 871 1351 5696 875 1352 5697 871 1352 5698 873 1352 5699 1169 4 5700 1177 4 5701 1167 4 5702 1549 1353 5703 1561 1353 5704 1563 1353 5705 533 0 5706 541 0 5707 531 0 5708 884 4 5709 866 4 5710 888 4 5711 884 4 5712 888 4 5713 886 4 5714 872 4 5715 878 4 5716 876 4 5717 872 4 5718 876 4 5719 874 4 5720 908 982 5721 905 990 5722 906 988 5723 898 952 5724 899 952 5725 897 952 5726 902 1354 5727 923 1355 5728 924 1283 5729 968 1356 5730 969 1356 5731 967 1356 5732 930 1357 5733 931 1357 5734 929 1357 5735 910 1358 5736 907 981 5737 908 982 5738 892 0 5739 900 0 5740 891 0 5741 904 986 5742 901 1359 5743 902 1354 5744 894 0 5745 898 0 5746 896 0 5747 899 1360 5748 895 1360 5749 897 1360 5750 890 4 5751 889 4 5752 893 4 5753 912 1263 5754 909 1361 5755 910 1358 5756 922 1285 5757 919 970 5758 920 971 5759 916 985 5760 913 1362 5761 914 1261 5762 918 973 5763 915 984 5764 916 985 5765 920 971 5766 917 972 5767 918 973 5768 940 826 5769 937 1363 5770 938 1364 5771 958 1365 5772 955 1366 5773 956 1367 5774 928 1368 5775 925 1368 5776 926 1368 5777 936 1369 5778 926 1369 5779 935 1369 5780 556 1370 5781 553 1370 5782 554 1370 5783 927 1371 5784 929 1371 5785 925 1371 5786 1208 0 5787 1216 0 5788 1214 0 5789 923 1372 5790 917 1372 5791 919 1372 5792 923 1373 5793 919 1373 5794 921 1373 5795 911 1374 5796 905 1374 5797 907 1374 5798 911 1375 5799 907 1375 5800 909 1375 5801 920 4 5802 902 4 5803 924 4 5804 920 4 5805 924 4 5806 922 4 5807 908 4 5808 914 4 5809 912 4 5810 908 4 5811 912 4 5812 910 4 5813 944 1376 5814 941 1377 5815 942 824 5816 934 1378 5817 935 1378 5818 933 1378 5819 938 1364 5820 959 1379 5821 960 1380 5822 1004 952 5823 1005 952 5824 1003 952 5825 966 1381 5826 967 1381 5827 965 1381 5828 946 1382 5829 943 1383 5830 944 1376 5831 928 0 5832 936 0 5833 927 0 5834 751 4 5835 746 4 5836 749 4 5837 930 0 5838 934 0 5839 932 0 5840 456 1384 5841 450 1384 5842 447 1384 5843 935 1385 5844 931 1385 5845 933 1385 5846 926 1386 5847 925 1386 5848 929 1386 5849 948 1387 5850 945 1388 5851 946 1382 5852 950 1389 5853 947 1390 5854 948 1387 5855 952 1391 5856 949 1392 5857 950 1389 5858 954 1393 5859 951 1394 5860 952 1391 5861 956 1367 5862 953 1395 5863 954 1393 5864 614 1093 5865 611 1396 5866 612 1086 5867 960 1380 5868 957 1397 5869 958 1365 5870 978 1398 5871 975 1399 5872 976 1400 5873 964 1401 5874 961 1401 5875 962 1401 5876 972 1402 5877 962 1402 5878 971 1402 5879 976 1400 5880 973 1403 5881 974 1404 5882 970 1405 5883 971 1405 5884 969 1405 5885 776 4 5886 760 4 5887 758 4 5888 474 4 5889 462 4 5890 460 4 5891 770 4 5892 762 4 5893 772 4 5894 959 1406 5895 953 1406 5896 955 1406 5897 959 0 5898 955 0 5899 957 0 5900 947 1407 5901 941 1407 5902 943 1407 5903 947 1408 5904 943 1408 5905 945 1408 5906 1388 0 5907 1396 0 5908 1394 0 5909 1237 1409 5910 1249 1409 5911 1251 1409 5912 1082 0 5913 1098 0 5914 1084 0 5915 956 4 5916 938 4 5917 960 4 5918 956 4 5919 960 4 5920 958 4 5921 944 4 5922 950 4 5923 948 4 5924 944 4 5925 948 4 5926 946 4 5927 980 1410 5928 977 1411 5929 978 1398 5930 1418 1412 5931 1439 1413 5932 1440 880 5933 974 1404 5934 995 1414 5935 996 1415 5936 982 1416 5937 979 1417 5938 980 1410 5939 964 0 5940 972 0 5941 963 0 5942 421 1418 5943 433 1418 5944 435 1418 5945 966 0 5946 970 0 5947 968 0 5948 1578 1419 5949 1584 1419 5950 1575 1419 5951 971 1420 5952 967 1420 5953 969 1420 5954 962 1421 5955 961 1421 5956 965 1421 5957 984 1422 5958 981 1423 5959 982 1416 5960 986 1424 5961 983 1425 5962 984 1422 5963 988 1426 5964 985 1427 5965 986 1424 5966 990 1428 5967 987 1429 5968 988 1426 5969 992 1430 5970 989 1431 5971 990 1428 5972 994 1432 5973 991 1433 5974 992 1430 5975 996 1415 5976 993 1434 5977 994 1432 5978 534 1435 5979 531 1436 5980 532 1437 5981 1000 823 5982 997 823 5983 998 823 5984 528 1438 5985 518 1438 5986 527 1438 5987 532 1437 5988 529 1439 5989 530 1004 5990 1049 1440 5991 1057 1441 5992 1047 1442 5993 1045 4 5994 1057 4 5995 1059 4 5996 1286 0 5997 1278 0 5998 1288 0 5999 995 0 6000 989 0 6001 991 0 6002 995 1443 6003 991 1443 6004 993 1443 6005 983 0 6006 977 0 6007 979 0 6008 983 1444 6009 979 1444 6010 981 1444 6011 437 0 6012 421 0 6013 435 0 6014 1062 0 6015 1050 0 6016 1048 0 6017 977 0 6018 985 0 6019 975 0 6020 992 4 6021 974 4 6022 996 4 6023 992 4 6024 996 4 6025 994 4 6026 980 4 6027 986 4 6028 984 4 6029 980 4 6030 984 4 6031 982 4 6032 536 1011 6033 533 1445 6034 534 1435 6035 677 1446 6036 680 1446 6037 679 1446 6038 1246 1447 6039 1243 1448 6040 1244 1449 6041 1007 1450 6042 1000 1450 6043 998 1450 6044 684 1451 6045 674 1451 6046 683 1451 6047 1000 0 6048 1008 0 6049 999 0 6050 1583 0 6051 1577 0 6052 1574 0 6053 1002 0 6054 1006 0 6055 1004 0 6056 1008 0 6057 1002 0 6058 999 0 6059 1007 1452 6060 1003 1452 6061 1005 1452 6062 998 1453 6063 997 1453 6064 1001 1453 6065 1020 1454 6066 1017 1455 6067 1018 1456 6068 686 1457 6069 687 1156 6070 685 1148 6071 1032 822 6072 1029 1458 6073 1030 1459 6074 1050 1460 6075 1047 1461 6076 1048 1462 6077 1028 1463 6078 1025 1464 6079 1026 1465 6080 1030 1459 6081 1027 1466 6082 1028 1463 6083 1034 1467 6084 1035 1467 6085 1033 1467 6086 1052 1468 6087 1049 1469 6088 1050 1460 6089 1038 1470 6090 1034 1470 6091 1037 1470 6092 1048 1462 6093 1045 1471 6094 1046 1472 6095 1082 1473 6096 1103 1474 6097 1104 1475 6098 1328 1476 6099 1312 1476 6100 1310 1476 6101 1635 4 6102 1623 4 6103 1633 4 6104 1634 0 6105 1626 0 6106 1636 0 6107 1031 0 6108 1025 0 6109 1027 0 6110 1031 0 6111 1027 0 6112 1029 0 6113 1019 0 6114 1013 0 6115 1015 0 6116 1019 0 6117 1015 0 6118 1017 0 6119 503 1477 6120 495 1477 6121 497 1477 6122 1624 0 6123 1636 0 6124 1626 0 6125 1631 1478 6126 1623 1478 6127 1625 1478 6128 1028 4 6129 1010 4 6130 1032 4 6131 1028 4 6132 1032 4 6133 1030 4 6134 1016 4 6135 1022 4 6136 1020 4 6137 1016 4 6138 1020 4 6139 1018 4 6140 1264 1479 6141 1261 1479 6142 1262 1479 6143 1054 1480 6144 1051 1481 6145 1052 1468 6146 1271 1482 6147 1270 1482 6148 1269 1482 6149 1582 1483 6150 1579 1483 6151 1581 1483 6152 1269 1484 6153 1268 1484 6154 1267 1484 6155 972 0 6156 966 0 6157 963 0 6158 1044 4 6159 1040 4 6160 1042 4 6161 1035 1485 6162 1036 1485 6163 1038 1485 6164 1033 0 6165 1043 0 6166 1034 0 6167 929 1486 6168 935 1486 6169 926 1486 6170 1037 0 6171 1041 0 6172 1039 0 6173 1056 1487 6174 1053 1488 6175 1054 1480 6176 1058 1489 6177 1055 1490 6178 1056 1487 6179 1060 1491 6180 1057 1492 6181 1058 1489 6182 1062 1493 6183 1059 1494 6184 1060 1491 6185 1064 1495 6186 1061 1496 6187 1062 1493 6188 1066 1497 6189 1063 1498 6190 1064 1495 6191 1068 1499 6192 1065 1500 6193 1066 1497 6194 1078 1501 6195 1075 1501 6196 1077 1501 6197 1072 1502 6198 1069 1502 6199 1070 1502 6200 1074 1503 6201 1070 1503 6202 1073 1503 6203 1071 1504 6204 1079 1504 6205 1069 1504 6206 722 4 6207 738 4 6208 724 4 6209 438 4 6210 426 4 6211 424 4 6212 989 0 6213 973 0 6214 987 0 6215 1067 4 6216 1061 4 6217 1063 4 6218 1067 4 6219 1063 4 6220 1065 4 6221 1055 4 6222 1049 4 6223 1051 4 6224 1055 1505 6225 1051 1505 6226 1053 1505 6227 737 0 6228 721 0 6229 735 0 6230 1273 1506 6231 1285 1506 6232 1287 1506 6233 974 4 6234 990 4 6235 976 4 6236 1064 0 6237 1046 0 6238 1068 0 6239 1064 0 6240 1068 0 6241 1066 0 6242 1052 0 6243 1058 0 6244 1056 0 6245 1052 0 6246 1056 0 6247 1054 0 6248 1080 1507 6249 1077 1507 6250 1079 1507 6251 1090 1508 6252 1087 1509 6253 1088 1510 6254 1084 1511 6255 1081 1512 6256 1082 1473 6257 1088 1510 6258 1085 1513 6259 1086 1514 6260 1619 1515 6261 1613 1515 6262 1610 1515 6263 1080 4 6264 1076 4 6265 1078 4 6266 1071 1516 6267 1072 1516 6268 1074 1516 6269 1069 0 6270 1079 0 6271 1070 0 6272 1542 1517 6273 1548 1517 6274 1539 1517 6275 1073 0 6276 1077 0 6277 1075 0 6278 1092 1518 6279 1089 1519 6280 1090 1508 6281 1094 1520 6282 1091 1521 6283 1092 1518 6284 1096 1522 6285 1093 1523 6286 1094 1520 6287 1098 1524 6288 1095 1525 6289 1096 1522 6290 1100 850 6291 1097 1526 6292 1098 1524 6293 1158 1527 6294 1154 1527 6295 1157 1527 6296 1104 1475 6297 1101 1528 6298 1102 848 6299 1108 1529 6300 1105 1529 6301 1106 1529 6302 1110 1530 6303 1106 1530 6304 1109 1530 6305 1112 952 6306 1109 952 6307 1111 952 6308 1107 823 6309 1115 823 6310 1105 823 6311 947 0 6312 939 0 6313 941 0 6314 1566 0 6315 1554 0 6316 1552 0 6317 1562 0 6318 1554 0 6319 1564 0 6320 1103 1531 6321 1097 1531 6322 1099 1531 6323 1103 4 6324 1099 4 6325 1101 4 6326 1091 1532 6327 1085 1532 6328 1087 1532 6329 1091 1533 6330 1087 1533 6331 1089 1533 6332 757 0 6333 769 0 6334 771 0 6335 1553 4 6336 1561 4 6337 1551 4 6338 1100 0 6339 1082 0 6340 1104 0 6341 1100 0 6342 1104 0 6343 1102 0 6344 1088 0 6345 1094 0 6346 1092 0 6347 1088 0 6348 1092 0 6349 1090 0 6350 1116 1534 6351 1113 1534 6352 1115 1534 6353 1112 4 6354 1107 4 6355 1110 4 6356 1130 913 6357 1151 1535 6358 1152 1536 6359 1116 4 6360 1112 4 6361 1114 4 6362 1107 4 6363 1108 4 6364 1110 4 6365 1105 0 6366 1115 0 6367 1106 0 6368 893 4 6369 899 4 6370 890 4 6371 1109 1537 6372 1113 1537 6373 1111 1537 6374 1210 1538 6375 1207 1539 6376 1208 1540 6377 1124 1541 6378 1121 1541 6379 1123 1541 6380 1134 1542 6381 1131 1543 6382 1132 911 6383 1136 1544 6384 1133 1545 6385 1134 1542 6386 1122 1546 6387 1118 1546 6388 1121 1546 6389 1220 1547 6390 1217 1548 6391 1218 1549 6392 1166 1550 6393 1187 1551 6394 1188 1552 6395 812 4 6396 796 4 6397 794 4 6398 496 4 6399 508 4 6400 498 4 6401 923 1553 6402 915 1553 6403 917 1553 6404 1535 1554 6405 1527 1554 6406 1529 1554 6407 1215 4 6408 1203 4 6409 1213 4 6410 569 0 6411 577 0 6412 567 0 6413 1127 1555 6414 1126 1555 6415 1125 1555 6416 1138 846 6417 1135 1556 6418 1136 1544 6419 1159 1557 6420 1158 1557 6421 1157 1557 6422 702 1181 6423 699 1558 6424 700 1041 6425 1161 1559 6426 1154 1559 6427 1163 1559 6428 1128 4 6429 1124 4 6430 1126 4 6431 1119 4 6432 1120 4 6433 1122 4 6434 1117 0 6435 1127 0 6436 1118 0 6437 1158 1560 6438 1164 1560 6439 1155 1560 6440 1121 1561 6441 1125 1561 6442 1123 1561 6443 428 921 6444 425 1562 6445 426 904 6446 1142 1563 6447 1139 1564 6448 1140 844 6449 1144 1565 6450 1141 1566 6451 1142 1563 6452 1146 1567 6453 1143 1568 6454 1144 1565 6455 1148 843 6456 1145 1569 6457 1146 1567 6458 1152 1536 6459 1149 1570 6460 1150 841 6461 1164 1571 6462 1161 1571 6463 1163 1571 6464 1174 1572 6465 1171 1573 6466 1172 1574 6467 1168 1346 6468 1165 1575 6469 1166 1550 6470 1155 1576 6471 1163 1576 6472 1153 1576 6473 1469 4 6474 1453 4 6475 1467 4 6476 1506 0 6477 1494 0 6478 1492 0 6479 1502 0 6480 1494 0 6481 1504 0 6482 1151 1577 6483 1145 1577 6484 1147 1577 6485 1151 4 6486 1147 4 6487 1149 4 6488 1139 1578 6489 1133 1578 6490 1135 1578 6491 1139 1579 6492 1135 1580 6493 1137 1581 6494 878 4 6495 870 4 6496 880 4 6497 882 4 6498 870 4 6499 868 4 6500 1499 1582 6501 1491 1582 6502 1493 1582 6503 1148 0 6504 1130 0 6505 1152 0 6506 1148 0 6507 1152 0 6508 1150 0 6509 1136 0 6510 1142 0 6511 1140 0 6512 1136 0 6513 1140 0 6514 1138 0 6515 1486 1583 6516 1483 1583 6517 1485 1583 6518 1522 1584 6519 1519 1585 6520 1520 1586 6521 1478 1587 6522 1479 1587 6523 1477 1587 6524 1442 1588 6525 1443 1588 6526 1441 1588 6527 1172 1574 6528 1169 1589 6529 1170 1344 6530 1197 0 6531 1190 0 6532 1199 0 6533 1482 1590 6534 1488 1590 6535 1479 1590 6536 1164 4 6537 1160 4 6538 1162 4 6539 1155 4 6540 1156 4 6541 1158 4 6542 1153 1591 6543 1163 1591 6544 1154 1591 6545 1448 1592 6546 1443 1592 6547 1446 1592 6548 1157 1593 6549 1161 1593 6550 1159 1593 6551 1176 840 6552 1173 1594 6553 1174 1572 6554 906 988 6555 903 989 6556 904 986 6557 1180 1595 6558 1177 1596 6559 1178 838 6560 1182 1597 6561 1179 1598 6562 1180 1595 6563 1184 1599 6564 1181 1600 6565 1182 1597 6566 1186 1601 6567 1183 1602 6568 1184 1599 6569 1188 1552 6570 1185 1603 6571 1186 1601 6572 1198 1604 6573 1195 1604 6574 1197 1604 6575 1192 1605 6576 1189 1605 6577 1190 1605 6578 1194 952 6579 1190 952 6580 1193 952 6581 1196 847 6582 1193 847 6583 1195 847 6584 1191 1606 6585 1199 1606 6586 1189 1606 6587 1454 0 6588 1470 0 6589 1456 0 6590 582 4 6591 570 4 6592 568 4 6593 845 0 6594 829 0 6595 843 0 6596 1187 1607 6597 1181 1608 6598 1183 1609 6599 1187 1610 6600 1183 1611 6601 1185 1612 6602 1175 1613 6603 1169 1614 6604 1171 1615 6605 1175 4 6606 1171 4 6607 1173 4 6608 1133 4 6609 1141 4 6610 1131 4 6611 565 0 6612 577 0 6613 579 0 6614 830 4 6615 846 4 6616 832 4 6617 1184 0 6618 1166 0 6619 1188 0 6620 1184 0 6621 1188 0 6622 1186 0 6623 1172 0 6624 1178 0 6625 1176 0 6626 1172 0 6627 1176 0 6628 1174 0 6629 1200 823 6630 1197 823 6631 1199 823 6632 1218 1549 6633 1215 1616 6634 1216 1617 6635 1204 1618 6636 1201 1619 6637 1202 1620 6638 1206 1621 6639 1203 1622 6640 1204 1618 6641 1208 1540 6642 1205 1623 6643 1206 1621 6644 1238 1624 6645 1259 1625 6646 1260 1626 6647 1115 1627 6648 1109 1627 6649 1106 1627 6650 1200 1628 6651 1196 1628 6652 1198 1628 6653 1191 4 6654 1192 4 6655 1194 4 6656 1189 0 6657 1199 0 6658 1190 0 6659 1202 1620 6660 1223 1629 6661 1224 1630 6662 1193 0 6663 1197 0 6664 1195 0 6665 1212 1631 6666 1209 1632 6667 1210 1538 6668 1214 1633 6669 1211 1634 6670 1212 1631 6671 1216 1617 6672 1213 1635 6673 1214 1633 6674 1636 1636 6675 1637 1637 6676 1635 1638 6677 1228 1639 6678 1225 1639 6679 1226 1639 6680 1222 1640 6681 1219 1641 6682 1220 1547 6683 1224 1630 6684 1221 1642 6685 1222 1640 6686 1234 1643 6687 1231 1643 6688 1233 1643 6689 1230 1644 6690 1226 1644 6691 1229 1644 6692 1232 1645 6693 1229 1645 6694 1231 1645 6695 1227 1646 6696 1235 1646 6697 1225 1646 6698 803 1647 6699 795 1647 6700 797 1647 6701 807 1648 6702 795 1648 6703 805 1648 6704 908 4 6705 916 4 6706 914 4 6707 1223 1649 6708 1217 1649 6709 1219 1649 6710 1223 4 6711 1219 4 6712 1221 4 6713 1211 1650 6714 1205 1650 6715 1207 1650 6716 1211 1651 6717 1207 1652 6718 1209 1653 6719 800 4 6720 808 4 6721 806 4 6722 796 4 6723 808 4 6724 798 4 6725 1427 1654 6726 1419 1654 6727 1421 1654 6728 1220 0 6729 1202 0 6730 1224 0 6731 1220 0 6732 1224 0 6733 1222 0 6734 1208 0 6735 1214 0 6736 1212 0 6737 1208 0 6738 1212 0 6739 1210 0 6740 1236 1655 6741 1233 1655 6742 1235 1655 6743 1502 1656 6744 1499 1657 6745 1500 856 6746 768 1240 6747 765 1658 6748 766 1230 6749 1498 858 6750 1495 1659 6751 1496 994 6752 716 1660 6753 717 1660 6754 715 1660 6755 1274 1661 6756 1295 1662 6757 1296 1663 6758 665 4 6759 671 4 6760 662 4 6761 1236 4 6762 1232 4 6763 1234 4 6764 1227 1664 6765 1228 1665 6766 1230 1666 6767 1225 0 6768 1235 0 6769 1226 0 6770 1376 1667 6771 1371 1667 6772 1374 1667 6773 1229 0 6774 1233 0 6775 1231 0 6776 1256 1668 6777 1253 1669 6778 1254 1670 6779 1250 1671 6780 1247 1672 6781 1248 1673 6782 1252 1674 6783 1249 1675 6784 1250 1671 6785 1254 1670 6786 1251 1676 6787 1252 1674 6788 1280 1677 6789 1277 1678 6790 1278 1679 6791 1258 1680 6792 1255 1681 6793 1256 1668 6794 1260 1626 6795 1257 1682 6796 1258 1680 6797 1278 1679 6798 1275 1683 6799 1276 1684 6800 1343 1685 6801 1342 1685 6802 1341 1685 6803 1282 1686 6804 1279 1687 6805 1280 1677 6806 1276 1684 6807 1273 1688 6808 1274 1661 6809 1263 1689 6810 1271 1689 6811 1261 1689 6812 938 4 6813 954 4 6814 940 4 6815 1398 0 6816 1386 0 6817 1384 0 6818 1571 1690 6819 1563 1690 6820 1565 1690 6821 1259 1691 6822 1253 1691 6823 1255 1691 6824 1259 4 6825 1255 4 6826 1257 4 6827 1247 1692 6828 1241 1692 6829 1243 1692 6830 1247 4 6831 1243 4 6832 1245 4 6833 1397 1693 6834 1381 1693 6835 1395 1693 6836 637 1694 6837 649 1694 6838 651 1694 6839 425 0 6840 433 0 6841 423 0 6842 1256 0 6843 1238 0 6844 1260 0 6845 1256 0 6846 1260 0 6847 1258 0 6848 1244 0 6849 1250 0 6850 1248 0 6851 1244 0 6852 1248 0 6853 1246 0 6854 1574 1695 6855 1575 1695 6856 1573 1695 6857 1042 1696 6858 1039 1696 6859 1041 1696 6860 1341 1697 6861 1340 1697 6862 1339 1697 6863 1266 1698 6864 1262 1698 6865 1265 1698 6866 1332 1699 6867 1309 1700 6868 1331 1701 6869 965 4 6870 971 4 6871 962 4 6872 1272 1702 6873 1268 1702 6874 1270 1702 6875 1263 1703 6876 1264 1703 6877 1266 1703 6878 1261 0 6879 1271 0 6880 1262 0 6881 713 1704 6882 719 1704 6883 710 1704 6884 1265 0 6885 1269 0 6886 1267 0 6887 1284 1705 6888 1281 1706 6889 1282 1686 6890 1286 1707 6891 1283 1708 6892 1284 1705 6893 1288 1709 6894 1285 1710 6895 1286 1707 6896 1290 1711 6897 1287 1712 6898 1288 1709 6899 1292 1713 6900 1289 1714 6901 1290 1711 6902 1294 1715 6903 1291 1716 6904 1292 1713 6905 1296 1663 6906 1293 1717 6907 1294 1715 6908 1306 823 6909 1303 823 6910 1305 823 6911 1300 952 6912 1297 952 6913 1298 952 6914 1302 1718 6915 1298 1718 6916 1301 1718 6917 1304 1719 6918 1301 1719 6919 1303 1719 6920 1299 1720 6921 1307 1720 6922 1297 1720 6923 725 0 6924 733 0 6925 723 0 6926 721 1721 6927 733 1721 6928 735 1721 6929 1058 0 6930 1050 0 6931 1060 0 6932 1295 1722 6933 1289 1722 6934 1291 1722 6935 1295 4 6936 1291 4 6937 1293 4 6938 1283 1723 6939 1277 1723 6940 1279 1723 6941 1283 4 6942 1279 4 6943 1281 4 6944 734 4 6945 726 4 6946 736 4 6947 738 4 6948 726 4 6949 724 4 6950 1349 1724 6951 1357 1725 6952 1347 1726 6953 1292 0 6954 1274 0 6955 1296 0 6956 1292 0 6957 1296 0 6958 1294 0 6959 1280 0 6960 1286 0 6961 1284 0 6962 1280 0 6963 1284 0 6964 1282 0 6965 1308 1727 6966 1305 1727 6967 1307 1727 6968 1318 1728 6969 1315 1729 6970 1316 1730 6971 1310 1731 6972 1311 1732 6973 1309 1700 6974 1312 1733 6975 1313 1734 6976 1311 1732 6977 1316 1730 6978 1313 1734 6979 1314 1735 6980 1346 1736 6981 1367 1737 6982 1368 1738 6983 677 1739 6984 683 1739 6985 674 1739 6986 1308 4 6987 1304 4 6988 1306 4 6989 1299 1740 6990 1300 1740 6991 1302 1740 6992 1297 0 6993 1307 0 6994 1298 0 6995 1302 1741 6996 1308 1741 6997 1299 1741 6998 1301 0 6999 1305 0 7000 1303 0 7001 1320 1742 7002 1317 1743 7003 1318 1728 7004 1322 897 7005 1319 1744 7006 1320 1742 7007 1332 1699 7008 1329 1745 7009 1330 1746 7010 1350 1747 7011 1347 1748 7012 1348 1749 7013 1330 1746 7014 1327 1750 7015 1328 892 7016 1044 1751 7017 1041 1751 7018 1043 1751 7019 1430 1752 7020 1427 1753 7021 1428 1754 7022 1352 1755 7023 1349 1756 7024 1350 1747 7025 1338 1757 7026 1334 1757 7027 1337 1757 7028 1348 1749 7029 1345 1758 7030 1346 1736 7031 1382 1759 7032 1403 1760 7033 1404 1761 7034 1028 4 7035 1012 4 7036 1010 4 7037 688 4 7038 700 4 7039 690 4 7040 701 0 7041 685 0 7042 699 0 7043 1331 4 7044 1325 4 7045 1327 4 7046 1331 4 7047 1327 4 7048 1329 4 7049 1319 4 7050 1313 4 7051 1315 4 7052 1319 4 7053 1315 4 7054 1317 4 7055 1325 4 7056 1309 4 7057 1323 4 7058 1023 0 7059 1011 0 7060 1021 0 7061 1319 4 7062 1311 4 7063 1313 4 7064 1328 0 7065 1310 0 7066 1332 0 7067 1328 0 7068 1332 0 7069 1330 0 7070 1316 0 7071 1322 0 7072 1320 0 7073 1316 0 7074 1320 0 7075 1318 0 7076 1040 1762 7077 1037 1762 7078 1039 1762 7079 1354 1763 7080 1351 1764 7081 1352 1755 7082 1584 1765 7083 1581 1765 7084 1583 1765 7085 1577 1766 7086 1576 1766 7087 1574 1766 7088 1339 1767 7089 1338 1767 7090 1337 1767 7091 413 1768 7092 419 1768 7093 410 1768 7094 1344 4 7095 1340 4 7096 1342 4 7097 1335 1769 7098 1336 1769 7099 1338 1769 7100 1333 0 7101 1343 0 7102 1334 0 7103 1043 1770 7104 1037 1770 7105 1034 1770 7106 1337 1771 7107 1341 1771 7108 1339 1771 7109 1356 1772 7110 1353 1773 7111 1354 1763 7112 1358 1774 7113 1355 1775 7114 1356 1772 7115 1360 1776 7116 1357 1777 7117 1358 1774 7118 1362 1778 7119 1359 1779 7120 1360 1776 7121 1364 891 7122 1361 1780 7123 1362 1778 7124 1368 1738 7125 1365 1781 7126 1366 889 7127 1378 1782 7128 1375 1782 7129 1377 1782 7130 1372 1501 7131 1369 1501 7132 1370 1501 7133 1374 1783 7134 1370 1783 7135 1373 1783 7136 1376 1695 7137 1373 1695 7138 1375 1695 7139 1371 1784 7140 1379 1784 7141 1369 1784 7142 434 4 7143 426 4 7144 436 4 7145 1367 4 7146 1361 4 7147 1363 4 7148 1367 1785 7149 1363 1785 7150 1365 1785 7151 1355 4 7152 1349 4 7153 1351 4 7154 1355 1786 7155 1351 1786 7156 1353 1786 7157 695 0 7158 687 0 7159 689 0 7160 1277 4 7161 1285 4 7162 1275 4 7163 1364 0 7164 1346 0 7165 1368 0 7166 1364 0 7167 1368 0 7168 1366 0 7169 1352 0 7170 1358 0 7171 1356 0 7172 1352 0 7173 1356 0 7174 1354 0 7175 1380 1787 7176 1377 1787 7177 1379 1787 7178 1390 1788 7179 1387 1789 7180 1388 1790 7181 1384 1136 7182 1381 1791 7183 1382 1759 7184 1402 1792 7185 1399 1793 7186 1400 1794 7187 1388 1790 7188 1385 1795 7189 1386 1134 7190 963 1796 7191 965 1796 7192 961 1796 7193 451 4 7194 446 4 7195 449 4 7196 1380 4 7197 1376 4 7198 1378 4 7199 1371 1797 7200 1372 1797 7201 1374 1797 7202 1369 0 7203 1379 0 7204 1370 0 7205 1230 1798 7206 1236 1798 7207 1227 1798 7208 1373 0 7209 1377 0 7210 1375 0 7211 1392 1799 7212 1389 1800 7213 1390 1788 7214 1394 888 7215 1391 1801 7216 1392 1799 7217 1398 1802 7218 1395 1803 7219 1396 886 7220 1400 1794 7221 1397 1804 7222 1398 1802 7223 1481 1805 7224 1480 1805 7225 1478 1805 7226 1404 1761 7227 1401 1806 7228 1402 1792 7229 1414 1807 7230 1411 1807 7231 1413 1807 7232 1408 847 7233 1405 847 7234 1406 847 7235 1410 1604 7236 1406 1604 7237 1409 1604 7238 1412 823 7239 1409 823 7240 1411 823 7241 1407 952 7242 1415 952 7243 1405 952 7244 1256 0 7245 1240 0 7246 1238 0 7247 1254 0 7248 1242 0 7249 1240 0 7250 911 1808 7251 903 1808 7252 905 1808 7253 1403 1809 7254 1397 1809 7255 1399 1809 7256 1403 4 7257 1399 4 7258 1401 4 7259 1391 1810 7260 1385 1810 7261 1387 1810 7262 1391 1811 7263 1387 1811 7264 1389 1811 7265 1259 1812 7266 1251 1812 7267 1253 1812 7268 915 1813 7269 903 1813 7270 913 1813 7271 638 4 7272 654 4 7273 640 4 7274 1400 0 7275 1382 0 7276 1404 0 7277 1400 0 7278 1404 0 7279 1402 0 7280 1388 0 7281 1394 0 7282 1392 0 7283 1388 0 7284 1392 0 7285 1390 0 7286 1416 1814 7287 1413 1814 7288 1415 1814 7289 1426 1815 7290 1423 1616 7291 1424 1617 7292 1412 4 7293 1407 4 7294 1410 4 7295 1422 1633 7296 1419 1634 7297 1420 1631 7298 1424 1617 7299 1421 1635 7300 1422 1633 7301 1454 1816 7302 1475 1817 7303 1476 1818 7304 1420 1631 7305 1417 1819 7306 1418 1412 7307 1416 4 7308 1412 4 7309 1414 4 7310 1407 4 7311 1408 4 7312 1410 4 7313 1405 0 7314 1415 0 7315 1406 0 7316 792 0 7317 786 0 7318 783 0 7319 1409 1820 7320 1413 1820 7321 1411 1820 7322 1428 1754 7323 1425 1821 7324 1426 1815 7325 1438 882 7326 1435 1822 7327 1436 1823 7328 1432 1824 7329 1429 1825 7330 1430 1752 7331 1434 1620 7332 1431 1826 7333 1432 1824 7334 1436 1823 7335 1433 1619 7336 1434 1620 7337 1086 1514 7338 1083 1827 7339 1084 1511 7340 1448 1828 7341 1445 1828 7342 1447 1828 7343 1458 1829 7344 1455 1830 7345 1456 1831 7346 1460 879 7347 1457 1832 7348 1458 1829 7349 1446 1833 7350 1442 1833 7351 1445 1833 7352 760 854 7353 757 1834 7354 758 1226 7355 764 1232 7356 761 1835 7357 762 852 7358 611 1836 7359 603 1836 7360 605 1836 7361 615 1837 7362 603 1837 7363 613 1837 7364 500 4 7365 508 4 7366 506 4 7367 1439 1838 7368 1433 1839 7369 1435 1840 7370 1439 1841 7371 1435 1842 7372 1437 1843 7373 1427 1844 7374 1421 1844 7375 1423 1844 7376 1427 4 7377 1423 4 7378 1425 4 7379 608 4 7380 616 4 7381 614 4 7382 604 4 7383 616 4 7384 606 4 7385 1211 1845 7386 1203 1845 7387 1205 1845 7388 1436 0 7389 1418 0 7390 1440 0 7391 1436 0 7392 1440 0 7393 1438 0 7394 1424 0 7395 1430 0 7396 1428 0 7397 1424 0 7398 1428 0 7399 1426 0 7400 1452 1846 7401 1449 1846 7402 1451 1846 7403 1456 1831 7404 1453 1847 7405 1454 1816 7406 1161 1848 7407 1160 1848 7408 1159 1848 7409 1484 1849 7410 1481 1849 7411 1483 1849 7412 812 1269 7413 809 1850 7414 810 901 7415 1233 0 7416 1226 0 7417 1235 0 7418 1452 4 7419 1448 4 7420 1450 4 7421 1443 4 7422 1444 4 7423 1446 4 7424 1441 0 7425 1451 0 7426 1442 0 7427 857 4 7428 863 4 7429 854 4 7430 1445 1851 7431 1449 1851 7432 1447 1851 7433 1464 1852 7434 1461 1853 7435 1462 877 7436 1466 1854 7437 1463 1855 7438 1464 1852 7439 1468 1856 7440 1465 1857 7441 1466 1854 7442 1470 1858 7443 1467 1859 7444 1468 1856 7445 1472 1860 7446 1469 1861 7447 1470 1858 7448 1474 1862 7449 1471 1863 7450 1472 1860 7451 1476 1818 7452 1473 1864 7453 1474 1862 7454 1494 996 7455 1491 1865 7456 1492 1866 7457 1488 1867 7458 1485 1867 7459 1487 1867 7460 1018 1456 7461 1015 1868 7462 1016 1869 7463 1492 1866 7464 1489 1870 7465 1490 978 7466 1479 1871 7467 1487 1871 7468 1477 1871 7469 842 4 7470 834 4 7471 844 4 7472 1182 0 7473 1170 0 7474 1168 0 7475 581 0 7476 565 0 7477 579 0 7478 1475 1872 7479 1469 1872 7480 1471 1872 7481 1475 4 7482 1471 4 7483 1473 4 7484 1463 1873 7485 1457 1873 7486 1459 1873 7487 1463 1874 7488 1459 1875 7489 1461 1876 7490 1181 4 7491 1165 4 7492 1179 4 7493 1489 1877 7494 1501 1877 7495 1503 1877 7496 833 0 7497 841 0 7498 831 0 7499 1472 0 7500 1454 0 7501 1476 0 7502 1472 0 7503 1476 0 7504 1474 0 7505 1460 0 7506 1466 0 7507 1464 0 7508 1460 0 7509 1464 0 7510 1462 0 7511 1120 1646 7512 1117 1646 7513 1118 1646 7514 1024 1878 7515 1025 1464 7516 1023 1184 7517 1156 1879 7518 1153 1879 7519 1154 1879 7520 1125 1880 7521 1124 1880 7522 1123 1880 7523 1016 1869 7524 1013 1881 7525 1014 862 7526 519 1882 7527 521 1882 7528 517 1882 7529 1451 0 7530 1445 0 7531 1442 0 7532 1488 4 7533 1484 4 7534 1486 4 7535 1479 4 7536 1480 4 7537 1482 4 7538 1477 1883 7539 1487 1883 7540 1478 1883 7541 1124 1884 7542 1119 1884 7543 1122 1884 7544 1481 1885 7545 1485 1885 7546 1483 1885 7547 1012 864 7548 1009 1886 7549 1010 820 7550 1020 1454 7551 1021 1185 7552 1019 1887 7553 1504 1888 7554 1501 1889 7555 1502 1656 7556 1506 1890 7557 1503 1891 7558 1504 1888 7559 1508 1892 7560 1505 1893 7561 1506 1890 7562 1510 1894 7563 1507 1895 7564 1508 1892 7565 1512 980 7566 1509 1896 7567 1510 1894 7568 479 1897 7569 471 1897 7570 473 1897 7571 529 1898 7572 541 1898 7573 543 1898 7574 578 4 7575 570 4 7576 580 4 7577 1511 4 7578 1505 4 7579 1507 4 7580 1511 1899 7581 1507 1900 7582 1509 1901 7583 1499 4 7584 1493 4 7585 1495 4 7586 1499 4 7587 1495 4 7588 1497 4 7589 545 0 7590 529 0 7591 543 0 7592 1081 1902 7593 1093 1902 7594 1095 1902 7595 1178 0 7596 1170 0 7597 1180 0 7598 1508 0 7599 1490 0 7600 1512 0 7601 1508 0 7602 1512 0 7603 1510 0 7604 1496 0 7605 1502 0 7606 1500 0 7607 1496 0 7608 1500 0 7609 1498 0 7610 1530 1002 7611 1527 1903 7612 1528 1904 7613 1516 1905 7614 1513 1906 7615 1514 1907 7616 1518 1908 7617 1515 1909 7618 1516 1905 7619 1520 1586 7620 1517 1910 7621 1518 1908 7622 1550 836 7623 1571 1911 7624 1572 1912 7625 492 0 7626 486 0 7627 483 0 7628 1514 1907 7629 1535 1913 7630 1536 1914 7631 1524 1915 7632 1521 1916 7633 1522 1584 7634 1526 1917 7635 1523 1918 7636 1524 1915 7637 1528 1904 7638 1525 1919 7639 1526 1917 7640 1548 1920 7641 1545 1920 7642 1547 1920 7643 1534 1921 7644 1531 1922 7645 1532 880 7646 1536 1914 7647 1533 1923 7648 1534 1921 7649 1546 1924 7650 1543 1924 7651 1545 1924 7652 1542 1925 7653 1538 1925 7654 1541 1925 7655 1544 1926 7656 1541 1926 7657 1543 1926 7658 1539 1927 7659 1547 1927 7660 1537 1927 7661 620 4 7662 604 4 7663 602 4 7664 904 4 7665 916 4 7666 906 4 7667 515 1928 7668 507 1928 7669 509 1928 7670 1535 1929 7671 1529 1929 7672 1531 1929 7673 1535 4 7674 1531 4 7675 1533 4 7676 1523 1930 7677 1517 1930 7678 1519 1930 7679 1523 1931 7680 1519 1932 7681 1521 1933 7682 1431 1934 7683 1419 1935 7684 1429 1936 7685 512 4 7686 496 4 7687 494 4 7688 1532 0 7689 1514 0 7690 1536 0 7691 1532 0 7692 1536 0 7693 1534 0 7694 1520 0 7695 1526 0 7696 1524 0 7697 1520 0 7698 1524 0 7699 1522 0 7700 1558 1937 7701 1555 1938 7702 1556 1939 7703 1560 1940 7704 1557 1941 7705 1558 1937 7706 1554 1942 7707 1551 1943 7708 1552 834 7709 1556 1939 7710 1553 1944 7711 1554 1942 7712 1586 1945 7713 1607 1946 7714 1608 1947 7715 1127 0 7716 1121 0 7717 1118 0 7718 1548 1948 7719 1544 1948 7720 1546 1948 7721 1539 4 7722 1540 4 7723 1542 4 7724 1537 0 7725 1547 0 7726 1538 0 7727 1076 4 7728 1071 4 7729 1074 4 7730 1541 0 7731 1545 0 7732 1543 0 7733 1568 1949 7734 1565 1950 7735 1566 1951 7736 1562 1952 7737 1559 1953 7738 1560 1940 7739 1564 1954 7740 1561 1955 7741 1562 1952 7742 1566 1951 7743 1563 1956 7744 1564 1954 7745 1592 1957 7746 1589 1958 7747 1590 1959 7748 1570 1960 7749 1567 1961 7750 1568 1949 7751 1572 1912 7752 1569 1962 7753 1570 1960 7754 1590 1959 7755 1587 1963 7756 1588 1964 7757 1267 1965 7758 1266 1965 7759 1265 1965 7760 1594 1966 7761 1591 1967 7762 1592 1957 7763 1588 1964 7764 1585 1968 7765 1586 1945 7766 1575 1969 7767 1583 1969 7768 1573 1969 7769 461 1970 7770 469 1970 7771 459 1970 7772 1098 0 7773 1086 0 7774 1084 0 7775 1088 0 7776 1096 0 7777 1094 0 7778 1571 1971 7779 1565 1971 7780 1567 1971 7781 1571 4 7782 1567 4 7783 1569 4 7784 1559 1972 7785 1553 1972 7786 1555 1972 7787 1559 4 7788 1555 4 7789 1557 4 7790 953 1973 7791 937 1973 7792 951 1973 7793 699 0 7794 687 0 7795 697 0 7796 1091 1974 7797 1083 1974 7798 1085 1974 7799 1568 0 7800 1550 0 7801 1572 0 7802 1568 0 7803 1572 0 7804 1570 0 7805 1556 0 7806 1562 0 7807 1560 0 7808 1556 0 7809 1560 0 7810 1558 0 7811 1336 1975 7812 1333 1975 7813 1334 1975 7814 1335 1976 7815 1343 1976 7816 1333 1976 7817 1634 1977 7818 1635 1638 7819 1633 1978 7820 1033 1979 7821 1044 1979 7822 1043 1979 7823 593 4 7824 599 4 7825 590 4 7826 1622 1980 7827 1643 1981 7828 1644 1982 7829 420 1983 7830 414 1983 7831 411 1983 7832 1584 1984 7833 1580 1984 7834 1582 1984 7835 1575 1985 7836 1576 1985 7837 1578 1985 7838 1573 0 7839 1583 0 7840 1574 0 7841 1271 0 7842 1265 0 7843 1262 0 7844 1577 0 7845 1581 0 7846 1579 0 7847 1596 1986 7848 1593 1987 7849 1594 1966 7850 1598 1988 7851 1595 1989 7852 1596 1986 7853 1600 1990 7854 1597 1991 7855 1598 1988 7856 1602 1992 7857 1599 1993 7858 1600 1990 7859 1604 1994 7860 1601 1995 7861 1602 1992 7862 1606 1996 7863 1603 1997 7864 1604 1994 7865 1608 1947 7866 1605 1998 7867 1606 1996 7868 1618 952 7869 1615 952 7870 1617 952 7871 1612 823 7872 1609 823 7873 1610 823 7874 1614 1999 7875 1610 1999 7876 1613 1999 7877 1616 2000 7878 1613 2000 7879 1615 2000 7880 1611 1719 7881 1619 1719 7882 1609 1719 7883 990 4 7884 978 4 7885 976 4 7886 1358 0 7887 1350 0 7888 1360 0 7889 1607 2001 7890 1601 2001 7891 1603 2001 7892 1607 4 7893 1603 4 7894 1605 4 7895 1595 2002 7896 1589 2002 7897 1591 2002 7898 1595 4 7899 1591 4 7900 1593 4 7901 1061 2003 7902 1045 2003 7903 1059 2003 7904 1345 2004 7905 1357 2004 7906 1359 2004 7907 422 4 7908 438 4 7909 424 4 7910 1604 0 7911 1586 0 7912 1608 0 7913 1604 0 7914 1608 0 7915 1606 0 7916 1592 0 7917 1598 0 7918 1596 0 7919 1592 0 7920 1596 0 7921 1594 0 7922 1620 2005 7923 1617 2005 7924 1619 2005 7925 1630 2006 7926 1627 2007 7927 1628 2008 7928 1624 2009 7929 1621 2010 7930 1622 1980 7931 1626 2011 7932 1623 2012 7933 1624 2009 7934 1628 2008 7935 1625 2013 7936 1626 2011 7937 1046 1472 7938 1067 2014 7939 1068 1499 7940 1307 2015 7941 1301 2015 7942 1298 2015 7943 1620 2016 7944 1616 2016 7945 1618 2016 7946 1611 2017 7947 1612 2017 7948 1614 2017 7949 1609 0 7950 1619 0 7951 1610 0 7952 1614 2018 7953 1620 2018 7954 1611 2018 7955 1613 2019 7956 1617 2019 7957 1615 2019 7958 1632 2020 7959 1629 2021 7960 1630 2006 7961 1632 2020 7962 1633 1978 7963 1631 2022 7964 1644 1982 7965 1641 2023 7966 1642 2024 7967 522 2025 7968 523 2025 7969 521 2025 7970 1640 2026 7971 1637 1637 7972 1638 2027 7973 1642 2024 7974 1639 2028 7975 1640 2026 7976 1240 1216 7977 1237 2029 7978 1238 1624 7979 1244 1449 7980 1241 2030 7981 1242 1214 7982 1248 1673 7983 1245 2031 7984 1246 1447 7985 704 4 7986 688 4 7987 686 4 7988 1012 4 7989 1024 4 7990 1014 4 7991 698 4 7992 690 4 7993 700 4 7994 1643 4 7995 1637 4 7996 1639 4 7997 1643 4 7998 1639 4 7999 1641 4 8000 1631 4 8001 1625 4 8002 1627 4 8003 1631 4 8004 1627 4 8005 1629 4 8006 1637 4 8007 1621 4 8008 1635 4 8009 973 0 8010 985 0 8011 987 0 8012 1019 0 8013 1011 0 8014 1013 0 8015 1640 0 8016 1622 0 8017 1644 0 8018 1640 0 8019 1644 0 8020 1642 0 8021 1628 0 8022 1634 0 8023 1632 0 8024 1628 0 8025 1632 0 8026 1630 0 8027 596 2032 8028 598 2032 8029 597 2032 8030 632 2033 8031 634 2033 8032 633 2033 8033 1010 820 8034 1009 1886 8035 1031 821 8036 680 823 8037 682 823 8038 681 823 8039 942 824 8040 941 1377 8041 939 825 8042 1540 2034 8043 1539 2034 8044 1537 2034 8045 1450 2035 8046 1448 2035 8047 1447 2035 8048 1002 2036 8049 1004 2036 8050 1003 2036 8051 520 2037 8052 519 2037 8053 517 2037 8054 802 831 8055 801 1260 8056 799 832 8057 1552 834 8058 1551 1943 8059 1549 835 8060 524 2038 8061 526 2038 8062 525 2038 8063 1178 838 8064 1177 1596 8065 1175 839 8066 1150 841 8067 1149 1570 8068 1147 842 8069 1140 844 8070 1139 1564 8071 1137 845 8072 1114 2039 8073 1112 2039 8074 1111 2039 8075 1102 848 8076 1101 1528 8077 1099 849 8078 1076 2040 8079 1074 2040 8080 1073 2040 8081 762 852 8082 761 1835 8083 759 853 8084 756 2041 8085 748 2041 8086 746 2041 8087 1500 856 8088 1499 1657 8089 1497 857 8090 460 859 8091 459 937 8092 457 860 8093 1014 862 8094 1013 1881 8095 1011 863 8096 675 2042 8097 678 2042 8098 677 2042 8099 564 2043 8100 556 2043 8101 554 2043 8102 414 2044 8103 416 2044 8104 415 2044 8105 1580 2045 8106 1578 2045 8107 1577 2045 8108 824 2046 8109 826 2046 8110 825 2046 8111 642 870 8112 641 1115 8113 639 871 8114 512 873 8115 511 992 8116 509 874 8117 1441 2047 8118 1443 2047 8119 1452 2047 8120 1462 877 8121 1461 1853 8122 1459 878 8123 1440 880 8124 1439 1413 8125 1437 881 8126 502 883 8127 501 987 8128 499 884 8129 1396 886 8130 1395 1803 8131 1393 887 8132 1366 889 8133 1365 1781 8134 1363 890 8135 1328 892 8136 1327 1750 8137 1325 893 8138 1324 895 8139 1323 1324 8140 1321 896 8141 452 2048 8142 454 2048 8143 453 2048 8144 411 2049 8145 414 2049 8146 413 2049 8147 416 2050 8148 418 2050 8149 417 2050 8150 810 901 8151 809 1850 8152 807 902 8153 426 904 8154 425 1562 8155 423 905 8156 424 906 8157 423 905 8158 421 907 8159 420 2051 8160 412 2051 8161 410 2051 8162 412 2052 8163 411 2052 8164 409 2052 8165 1132 911 8166 1131 1543 8167 1129 912 8168 418 914 8169 420 914 8170 419 914 8171 422 908 8172 421 907 8173 443 915 8174 488 2053 8175 490 2053 8176 489 2053 8177 450 2054 8178 452 2054 8179 451 2054 8180 430 919 8181 429 924 8182 427 920 8183 1343 0 8184 1341 0 8185 1337 0 8186 1038 2055 8187 1040 2055 8188 1044 2055 8189 432 923 8190 431 926 8191 429 924 8192 434 925 8193 433 928 8194 431 926 8195 436 927 8196 435 930 8197 433 928 8198 438 929 8199 437 932 8200 435 930 8201 440 931 8202 439 934 8203 437 932 8204 442 933 8205 441 935 8206 439 934 8207 444 916 8208 443 915 8209 441 935 8210 462 936 8211 461 948 8212 459 937 8213 448 2056 8214 447 2056 8215 445 2056 8216 456 2057 8217 448 2057 8218 446 2057 8219 468 940 8220 467 961 8221 465 941 8222 447 2058 8223 450 2058 8224 449 2058 8225 1589 4 8226 1595 4 8227 1597 4 8228 1585 4 8229 1587 4 8230 1597 4 8231 1598 0 8232 1592 0 8233 1590 0 8234 1602 0 8235 1600 0 8236 1590 0 8237 1025 0 8238 1031 0 8239 1009 0 8240 464 947 8241 463 953 8242 461 948 8243 454 2059 8244 456 2059 8245 455 2059 8246 458 861 8247 457 860 8248 479 950 8249 486 952 8250 488 952 8251 487 952 8252 466 942 8253 465 941 8254 463 953 8255 629 4 8256 631 4 8257 635 4 8258 934 0 8259 930 0 8260 927 0 8261 476 957 8262 475 967 8263 473 958 8264 470 960 8265 469 963 8266 467 961 8267 472 962 8268 471 964 8269 469 963 8270 474 959 8271 473 958 8272 471 964 8273 484 965 8274 483 965 8275 481 965 8276 478 966 8277 477 968 8278 475 967 8279 480 951 8280 479 950 8281 477 968 8282 498 969 8283 497 976 8284 495 970 8285 492 823 8286 484 823 8287 482 823 8288 496 971 8289 495 970 8290 493 972 8291 483 2060 8292 486 2060 8293 485 2060 8294 1382 0 8295 1400 0 8296 1398 0 8297 954 4 8298 952 4 8299 942 4 8300 644 4 8301 642 4 8302 652 4 8303 1250 0 8304 1244 0 8305 1242 0 8306 1129 4 8307 1131 4 8308 1141 4 8309 1568 0 8310 1566 0 8311 1552 0 8312 500 885 8313 499 884 8314 497 976 8315 490 2061 8316 492 2061 8317 491 2061 8318 487 4 8319 491 4 8320 482 4 8321 1490 978 8322 1489 1870 8323 1511 979 8324 510 875 8325 509 874 8326 507 981 8327 1379 0 8328 1377 0 8329 1373 0 8330 494 973 8331 493 972 8332 515 984 8333 504 986 8334 503 989 8335 501 987 8336 506 988 8337 505 990 8338 503 989 8339 508 982 8340 507 981 8341 505 990 8342 514 991 8343 513 993 8344 511 992 8345 516 985 8346 515 984 8347 513 993 8348 1496 994 8349 1495 1659 8350 1493 995 8351 1523 4 8352 1525 4 8353 1515 4 8354 1527 2062 8355 1513 2062 8356 1515 2062 8357 1424 0 8358 1422 0 8359 1432 0 8360 1520 0 8361 1518 0 8362 1528 0 8363 1516 0 8364 1530 0 8365 1528 0 8366 761 2063 8367 767 2063 8368 769 2063 8369 1532 880 8370 1531 1922 8371 1529 1001 8372 526 2064 8373 528 2064 8374 527 2064 8375 530 1004 8376 529 1439 8377 551 1005 8378 860 2065 8379 862 2065 8380 861 2065 8381 558 2066 8382 560 2066 8383 559 2066 8384 538 1009 8385 537 1015 8386 535 1010 8387 557 4 8388 559 4 8389 563 4 8390 862 0 8391 858 0 8392 855 0 8393 540 1014 8394 539 1017 8395 537 1015 8396 542 1016 8397 541 1019 8398 539 1017 8399 544 1018 8400 543 1021 8401 541 1019 8402 546 1020 8403 545 1023 8404 543 1021 8405 548 1022 8406 547 1025 8407 545 1023 8408 550 1024 8409 549 1026 8410 547 1025 8411 552 1006 8412 551 1005 8413 549 1026 8414 570 1027 8415 569 1031 8416 567 1028 8417 572 1030 8418 571 1049 8419 569 1031 8420 568 1029 8421 567 1028 8422 565 1032 8423 555 2067 8424 558 2067 8425 557 2067 8426 566 4 8427 584 4 8428 582 4 8429 1146 0 8430 1144 0 8431 1134 0 8432 1505 2068 8433 1511 2068 8434 1489 2068 8435 1145 2069 8436 1151 2069 8437 1129 2069 8438 1381 2070 8439 1383 2071 8440 1393 2072 8441 1490 0 8442 1508 0 8443 1506 0 8444 700 1041 8445 699 1558 8446 697 1042 8447 562 2073 8448 564 2073 8449 563 2073 8450 566 1033 8451 565 1032 8452 587 1045 8453 594 2074 8454 596 2074 8455 595 2074 8456 574 1048 8457 573 1055 8458 571 1049 8459 1485 2075 8460 1481 2075 8461 1478 2075 8462 828 0 8463 826 0 8464 822 0 8465 576 1054 8466 575 1057 8467 573 1055 8468 578 1056 8469 577 1059 8470 575 1057 8471 580 1058 8472 579 1061 8473 577 1059 8474 582 1060 8475 581 1063 8476 579 1061 8477 584 1062 8478 583 1065 8479 581 1063 8480 586 1064 8481 585 1066 8482 583 1065 8483 588 1046 8484 587 1045 8485 585 1066 8486 606 1067 8487 605 1076 8488 603 1068 8489 592 1070 8490 591 1070 8491 589 1070 8492 600 2076 8493 592 2076 8494 590 2076 8495 598 0 8496 594 0 8497 591 0 8498 591 952 8499 594 952 8500 593 952 8501 881 0 8502 887 0 8503 865 0 8504 846 4 8505 844 4 8506 834 4 8507 869 0 8508 875 0 8509 877 0 8510 1466 0 8511 1460 0 8512 1458 0 8513 1470 0 8514 1468 0 8515 1458 0 8516 1148 0 8517 1146 0 8518 1132 0 8519 608 903 8520 607 902 8521 605 1076 8522 598 823 8523 600 823 8524 599 823 8525 602 1077 8526 601 1083 8527 623 1078 8528 668 2077 8529 670 2077 8530 669 2077 8531 630 2078 8532 632 2078 8533 631 2078 8534 610 1082 8535 609 1087 8536 607 902 8537 604 1069 8538 603 1068 8539 601 1083 8540 1415 0 8541 1413 0 8542 1409 0 8543 612 1086 8544 611 1396 8545 609 1087 8546 622 1088 8547 621 1320 8548 619 1089 8549 616 1091 8550 615 1095 8551 613 1092 8552 618 1094 8553 617 1096 8554 615 1095 8555 620 1090 8556 619 1089 8557 617 1096 8558 1119 2079 8559 1128 2079 8560 1127 2079 8561 640 872 8562 639 871 8563 637 1098 8564 658 1100 8565 657 1137 8566 655 1101 8567 628 2080 8568 627 2080 8569 625 2080 8570 636 2081 8571 628 2081 8572 626 2081 8573 627 2082 8574 630 2082 8575 629 2082 8576 1532 0 8577 1530 0 8578 1516 0 8579 1204 0 8580 1218 0 8581 1216 0 8582 1439 4 8583 1417 4 8584 1431 4 8585 1097 2083 8586 1103 2083 8587 1081 2083 8588 1436 0 8589 1434 0 8590 1420 0 8591 644 1114 8592 643 1121 8593 641 1115 8594 634 2084 8595 636 2084 8596 635 2084 8597 638 1099 8598 637 1098 8599 659 1117 8600 666 1119 8601 668 1119 8602 667 1119 8603 646 1120 8604 645 1126 8605 643 1121 8606 1545 0 8607 1541 0 8608 1538 0 8609 756 0 8610 754 0 8611 750 0 8612 648 1125 8613 647 1128 8614 645 1126 8615 650 1127 8616 649 1130 8617 647 1128 8618 652 1129 8619 651 1132 8620 649 1130 8621 654 1131 8622 653 1133 8623 651 1132 8624 656 1102 8625 655 1101 8626 653 1133 8627 1386 1134 8628 1385 1795 8629 1383 1135 8630 660 1118 8631 659 1117 8632 657 1137 8633 664 2085 8634 663 2085 8635 661 2085 8636 672 2086 8637 664 2086 8638 662 2086 8639 663 2087 8640 666 2087 8641 665 2087 8642 476 4 8643 474 4 8644 460 4 8645 774 4 8646 772 4 8647 762 4 8648 470 4 8649 464 4 8650 462 4 8651 779 0 8652 757 0 8653 771 0 8654 457 0 8655 459 0 8656 469 0 8657 647 1251 8658 649 1251 8659 639 1251 8660 670 2088 8661 672 2088 8662 671 2088 8663 788 2089 8664 790 2089 8665 789 2089 8666 708 1147 8667 686 1457 8668 685 1148 8669 1338 4 8670 1340 4 8671 1344 4 8672 720 0 8673 718 0 8674 714 0 8675 688 1154 8676 690 1165 8677 689 1155 8678 676 952 8679 675 952 8680 673 952 8681 694 1157 8682 693 1161 8683 691 1158 8684 696 1160 8685 695 1173 8686 693 1161 8687 714 2090 8688 716 2090 8689 715 2090 8690 1586 0 8691 1604 0 8692 1602 0 8693 1290 0 8694 1288 0 8695 1278 0 8696 1361 2091 8697 1367 2091 8698 1345 2091 8699 1601 4 8700 1607 4 8701 1585 4 8702 829 0 8703 831 0 8704 841 0 8705 1346 0 8706 1364 0 8707 1362 0 8708 692 1159 8709 691 1158 8710 689 1155 8711 997 2092 8712 999 2092 8713 1002 2092 8714 681 2093 8715 682 2093 8716 684 2093 8717 752 2094 8718 754 2094 8719 753 2094 8720 1006 2095 8721 1008 2095 8722 1007 2095 8723 1001 4 8724 1003 4 8725 1007 4 8726 684 0 8727 682 0 8728 678 0 8729 698 1043 8730 697 1042 8731 695 1173 8732 708 1147 8733 707 1149 8734 705 1174 8735 726 1176 8736 725 1193 8737 723 1177 8738 704 1179 8739 703 1182 8740 701 1180 8741 706 1175 8742 705 1174 8743 703 1182 8744 1022 1183 8745 1024 1878 8746 1023 1184 8747 712 2096 8748 711 2096 8749 709 2096 8750 720 2097 8751 712 2097 8752 710 2097 8753 724 1178 8754 723 1177 8755 721 1188 8756 711 2098 8757 714 2098 8758 713 2098 8759 1640 0 8760 1638 0 8761 1624 0 8762 1323 4 8763 1309 4 8764 1311 4 8765 1022 4 8766 1016 4 8767 1014 4 8768 1322 0 8769 1316 0 8770 1314 0 8771 1312 0 8772 1326 0 8773 1324 0 8774 623 0 8775 601 0 8776 615 0 8777 728 1192 8778 727 1199 8779 725 1193 8780 718 1194 8781 720 1194 8782 719 1194 8783 722 1189 8784 721 1188 8785 743 1195 8786 750 2099 8787 752 2099 8788 751 2099 8789 730 1198 8790 729 1202 8791 727 1199 8792 1266 4 8793 1268 4 8794 1272 4 8795 672 0 8796 670 0 8797 666 0 8798 732 1201 8799 731 1204 8800 729 1202 8801 734 1203 8802 733 1206 8803 731 1204 8804 736 1205 8805 735 1208 8806 733 1206 8807 738 1207 8808 737 1210 8809 735 1208 8810 740 1209 8811 739 1212 8812 737 1210 8813 742 1211 8814 741 1213 8815 739 1212 8816 744 1196 8817 743 1195 8818 741 1213 8819 1242 1214 8820 1241 2030 8821 1239 1215 8822 748 2100 8823 747 2100 8824 745 2100 8825 747 2101 8826 750 2101 8827 749 2101 8828 1046 0 8829 1064 0 8830 1062 0 8831 1362 0 8832 1360 0 8833 1350 0 8834 986 4 8835 980 4 8836 978 4 8837 1289 4 8838 1295 4 8839 1273 4 8840 507 2102 8841 493 2102 8842 495 2102 8843 1274 0 8844 1292 0 8845 1290 0 8846 754 2103 8847 756 2103 8848 755 2103 8849 758 1226 8850 757 1834 8851 779 1227 8852 896 2104 8853 898 2104 8854 897 2104 8855 786 823 8856 788 823 8857 787 823 8858 766 1230 8859 765 1658 8860 763 1231 8861 1079 0 8862 1077 0 8863 1073 0 8864 634 0 8865 630 0 8866 627 0 8867 776 1235 8868 775 1246 8869 773 1236 8870 770 1238 8871 769 1242 8872 767 1239 8873 772 1241 8874 771 1243 8875 769 1242 8876 774 1237 8877 773 1236 8878 771 1243 8879 784 1244 8880 783 1244 8881 781 1244 8882 778 1245 8883 777 1247 8884 775 1246 8885 780 1228 8886 779 1227 8887 777 1247 8888 798 1248 8889 797 1254 8890 795 1089 8891 856 2105 8892 855 2105 8893 853 2105 8894 792 952 8895 784 952 8896 782 952 8897 796 1090 8898 795 1089 8899 793 1096 8900 783 2106 8901 786 2106 8902 785 2106 8903 1241 2107 8904 1247 2107 8905 1249 2107 8906 654 4 8907 652 4 8908 642 4 8909 944 4 8910 942 4 8911 952 4 8912 653 2108 8913 659 2108 8914 637 2108 8915 937 2109 8916 939 2109 8917 949 2109 8918 1391 2110 8919 1393 2110 8920 1383 2110 8921 800 833 8922 799 832 8923 797 1254 8924 790 2111 8925 792 2111 8926 791 2111 8927 787 4 8928 791 4 8929 782 4 8930 932 2112 8931 934 2112 8932 933 2112 8933 822 2113 8934 824 2113 8935 823 2113 8936 1194 2114 8937 1196 2114 8938 1200 2114 8939 794 1094 8940 793 1096 8941 815 1095 8942 804 1069 8943 803 1068 8944 801 1260 8945 806 1067 8946 805 1076 8947 803 1068 8948 808 903 8949 807 902 8950 805 1076 8951 914 1261 8952 913 1362 8953 911 1262 8954 836 1264 8955 835 1292 8956 833 1265 8957 814 1267 8958 813 1270 8959 811 1268 8960 816 1091 8961 815 1095 8962 813 1270 8963 834 1266 8964 833 1265 8965 831 1271 8966 820 2115 8967 819 2115 8968 817 2115 8969 828 2116 8970 820 2116 8971 818 2116 8972 832 1272 8973 831 1271 8974 829 1275 8975 819 2117 8976 822 2117 8977 821 2117 8978 920 4 8979 918 4 8980 904 4 8981 1420 0 8982 1434 0 8983 1432 0 8984 1223 4 8985 1201 4 8986 1215 4 8987 815 2118 8988 793 2118 8989 807 2118 8990 1453 4 8991 1455 4 8992 1465 4 8993 1220 0 8994 1218 0 8995 1204 0 8996 924 1283 8997 923 1355 8998 921 1284 8999 826 2119 9000 828 2119 9001 827 2119 9002 830 1276 9003 829 1275 9004 851 1287 9005 560 2120 9006 562 2120 9007 561 2120 9008 858 2121 9009 860 2121 9010 859 2121 9011 838 1291 9012 837 1296 9013 835 1292 9014 523 2122 9015 527 2122 9016 518 2122 9017 562 0 9018 558 0 9019 555 0 9020 840 1295 9021 839 1298 9022 837 1296 9023 842 1297 9024 841 1300 9025 839 1298 9026 844 1299 9027 843 1302 9028 841 1300 9029 846 1301 9030 845 1304 9031 843 1302 9032 848 1303 9033 847 1306 9034 845 1304 9035 850 1305 9036 849 1307 9037 847 1306 9038 852 1288 9039 851 1287 9040 849 1307 9041 870 1308 9042 869 1312 9043 867 1309 9044 872 1311 9045 871 1327 9046 869 1312 9047 864 2123 9048 856 2123 9049 854 2123 9050 868 1310 9051 867 1309 9052 865 1314 9053 855 2124 9054 858 2124 9055 857 2124 9056 866 4 9057 884 4 9058 882 4 9059 1165 2125 9060 1167 2125 9061 1177 2125 9062 1142 0 9063 1136 0 9064 1134 0 9065 530 4 9066 548 4 9067 546 4 9068 865 0 9069 867 0 9070 877 0 9071 542 4 9072 536 4 9073 534 4 9074 624 1079 9075 623 1078 9076 621 1320 9077 862 2126 9078 864 2126 9079 863 2126 9080 866 1315 9081 865 1314 9082 887 1322 9083 1326 894 9084 1325 893 9085 1323 1324 9086 894 2127 9087 896 2127 9088 895 2127 9089 874 1326 9090 873 1332 9091 871 1327 9092 823 2128 9093 827 2128 9094 818 2128 9095 528 0 9096 526 0 9097 522 0 9098 876 1331 9099 875 1334 9100 873 1332 9101 878 1333 9102 877 1336 9103 875 1334 9104 880 1335 9105 879 1338 9106 877 1336 9107 882 1337 9108 881 1340 9109 879 1338 9110 884 1339 9111 883 1342 9112 881 1340 9113 886 1341 9114 885 1343 9115 883 1342 9116 888 1323 9117 887 1322 9118 885 1343 9119 1170 1344 9120 1169 1589 9121 1167 1345 9122 892 1347 9123 891 1347 9124 889 1347 9125 900 2129 9126 892 2129 9127 890 2129 9128 898 0 9129 894 0 9130 891 0 9131 891 823 9132 894 823 9133 893 823 9134 1166 0 9135 1184 0 9136 1182 0 9137 546 4 9138 544 4 9139 534 4 9140 1457 2130 9141 1463 2130 9142 1465 2130 9143 1169 2131 9144 1175 2131 9145 1177 2131 9146 1549 2132 9147 1551 2132 9148 1561 2132 9149 533 2133 9150 539 2133 9151 541 2133 9152 908 982 9153 907 981 9154 905 990 9155 898 952 9156 900 952 9157 899 952 9158 902 1354 9159 901 1359 9160 923 1355 9161 968 2134 9162 970 2134 9163 969 2134 9164 930 2135 9165 932 2135 9166 931 2135 9167 910 1358 9168 909 1361 9169 907 981 9170 904 986 9171 903 989 9172 901 1359 9173 912 1263 9174 911 1262 9175 909 1361 9176 922 1285 9177 921 1284 9178 919 970 9179 916 985 9180 915 984 9181 913 1362 9182 918 973 9183 917 972 9184 915 984 9185 920 971 9186 919 970 9187 917 972 9188 940 826 9189 939 825 9190 937 1363 9191 958 1365 9192 957 1397 9193 955 1366 9194 928 2136 9195 927 2136 9196 925 2136 9197 936 2137 9198 928 2137 9199 926 2137 9200 556 2138 9201 555 2138 9202 553 2138 9203 927 2139 9204 930 2139 9205 929 2139 9206 1208 0 9207 1206 0 9208 1216 0 9209 944 1376 9210 943 1383 9211 941 1377 9212 934 2140 9213 936 2140 9214 935 2140 9215 938 1364 9216 937 1363 9217 959 1379 9218 1004 952 9219 1006 952 9220 1005 952 9221 966 1381 9222 968 1381 9223 967 1381 9224 946 1382 9225 945 1388 9226 943 1383 9227 751 4 9228 755 4 9229 746 4 9230 456 0 9231 454 0 9232 450 0 9233 948 1387 9234 947 1390 9235 945 1388 9236 950 1389 9237 949 1392 9238 947 1390 9239 952 1391 9240 951 1394 9241 949 1392 9242 954 1393 9243 953 1395 9244 951 1394 9245 956 1367 9246 955 1366 9247 953 1395 9248 614 1093 9249 613 1092 9250 611 1396 9251 960 1380 9252 959 1379 9253 957 1397 9254 978 1398 9255 977 1411 9256 975 1399 9257 964 2141 9258 963 2141 9259 961 2141 9260 972 2142 9261 964 2142 9262 962 2142 9263 976 1400 9264 975 1399 9265 973 1403 9266 970 2143 9267 972 2143 9268 971 2143 9269 776 4 9270 774 4 9271 760 4 9272 474 4 9273 472 4 9274 462 4 9275 770 4 9276 764 4 9277 762 4 9278 1388 0 9279 1386 0 9280 1396 0 9281 1237 2144 9282 1239 2144 9283 1249 2144 9284 1082 0 9285 1100 0 9286 1098 0 9287 980 1410 9288 979 1417 9289 977 1411 9290 1418 1412 9291 1417 1819 9292 1439 1413 9293 974 1404 9294 973 1403 9295 995 1414 9296 982 1416 9297 981 1423 9298 979 1417 9299 421 0 9300 423 0 9301 433 0 9302 1578 2145 9303 1580 2145 9304 1584 2145 9305 984 1422 9306 983 1425 9307 981 1423 9308 986 1424 9309 985 1427 9310 983 1425 9311 988 1426 9312 987 1429 9313 985 1427 9314 990 1428 9315 989 1431 9316 987 1429 9317 992 1430 9318 991 1433 9319 989 1431 9320 994 1432 9321 993 1434 9322 991 1433 9323 996 1415 9324 995 1414 9325 993 1434 9326 534 1435 9327 533 1445 9328 531 1436 9329 1000 823 9330 999 823 9331 997 823 9332 528 2146 9333 520 2146 9334 518 2146 9335 532 1437 9336 531 1436 9337 529 1439 9338 1049 2147 9339 1055 2147 9340 1057 2147 9341 1045 2148 9342 1047 2148 9343 1057 2148 9344 1286 0 9345 1280 0 9346 1278 0 9347 437 0 9348 443 0 9349 421 0 9350 1062 0 9351 1060 0 9352 1050 0 9353 977 0 9354 983 0 9355 985 0 9356 536 1011 9357 535 1010 9358 533 1445 9359 677 2149 9360 678 2149 9361 680 2149 9362 1246 1447 9363 1245 2031 9364 1243 1448 9365 1007 2150 9366 1008 2150 9367 1000 2150 9368 684 2151 9369 676 2151 9370 674 2151 9371 1583 0 9372 1581 0 9373 1577 0 9374 1008 0 9375 1006 0 9376 1002 0 9377 1020 1454 9378 1019 1887 9379 1017 1455 9380 686 1457 9381 688 1154 9382 687 1156 9383 1032 822 9384 1031 821 9385 1029 1458 9386 1050 1460 9387 1049 1469 9388 1047 1461 9389 1028 1463 9390 1027 1466 9391 1025 1464 9392 1030 1459 9393 1029 1458 9394 1027 1466 9395 1034 2152 9396 1036 2152 9397 1035 2152 9398 1052 1468 9399 1051 1481 9400 1049 1469 9401 1038 2153 9402 1036 2153 9403 1034 2153 9404 1048 1462 9405 1047 1461 9406 1045 1471 9407 1082 1473 9408 1081 1512 9409 1103 1474 9410 1328 2154 9411 1326 2154 9412 1312 2154 9413 1635 4 9414 1621 4 9415 1623 4 9416 1634 0 9417 1628 0 9418 1626 0 9419 503 2155 9420 505 2155 9421 495 2155 9422 1624 0 9423 1638 0 9424 1636 0 9425 1631 2156 9426 1633 2156 9427 1623 2156 9428 1264 2157 9429 1263 2157 9430 1261 2157 9431 1054 1480 9432 1053 1488 9433 1051 1481 9434 1271 2158 9435 1272 2158 9436 1270 2158 9437 1582 2159 9438 1580 2159 9439 1579 2159 9440 1269 2160 9441 1270 2160 9442 1268 2160 9443 972 0 9444 970 0 9445 966 0 9446 929 4 9447 931 4 9448 935 4 9449 1056 1487 9450 1055 1490 9451 1053 1488 9452 1058 1489 9453 1057 1492 9454 1055 1490 9455 1060 1491 9456 1059 1494 9457 1057 1492 9458 1062 1493 9459 1061 1496 9460 1059 1494 9461 1064 1495 9462 1063 1498 9463 1061 1496 9464 1066 1497 9465 1065 1500 9466 1063 1498 9467 1068 1499 9468 1067 2014 9469 1065 1500 9470 1078 2161 9471 1076 2161 9472 1075 2161 9473 1072 2162 9474 1071 2162 9475 1069 2162 9476 1074 2163 9477 1072 2163 9478 1070 2163 9479 1071 2164 9480 1080 2164 9481 1079 2164 9482 722 4 9483 740 4 9484 738 4 9485 438 4 9486 436 4 9487 426 4 9488 989 2165 9489 995 2165 9490 973 2165 9491 737 0 9492 743 0 9493 721 0 9494 1273 2166 9495 1275 2167 9496 1285 2168 9497 974 4 9498 992 4 9499 990 4 9500 1080 2169 9501 1078 2169 9502 1077 2169 9503 1090 1508 9504 1089 1519 9505 1087 1509 9506 1084 1511 9507 1083 1827 9508 1081 1512 9509 1088 1510 9510 1087 1509 9511 1085 1513 9512 1619 2170 9513 1617 2171 9514 1613 2172 9515 1542 4 9516 1544 4 9517 1548 4 9518 1092 1518 9519 1091 1521 9520 1089 1519 9521 1094 1520 9522 1093 1523 9523 1091 1521 9524 1096 1522 9525 1095 1525 9526 1093 1523 9527 1098 1524 9528 1097 1526 9529 1095 1525 9530 1100 850 9531 1099 849 9532 1097 1526 9533 1158 2173 9534 1156 2173 9535 1154 2173 9536 1104 1475 9537 1103 1474 9538 1101 1528 9539 1108 2174 9540 1107 2174 9541 1105 2174 9542 1110 2175 9543 1108 2175 9544 1106 2175 9545 1112 952 9546 1110 952 9547 1109 952 9548 1107 823 9549 1116 823 9550 1115 823 9551 947 1973 9552 949 1973 9553 939 1973 9554 1566 0 9555 1564 0 9556 1554 0 9557 1562 0 9558 1556 0 9559 1554 0 9560 757 0 9561 759 0 9562 769 0 9563 1553 2176 9564 1559 2176 9565 1561 2176 9566 1116 2177 9567 1114 2177 9568 1113 2177 9569 1112 4 9570 1116 4 9571 1107 4 9572 1130 913 9573 1129 912 9574 1151 1535 9575 893 4 9576 895 4 9577 899 4 9578 1210 1538 9579 1209 1632 9580 1207 1539 9581 1124 2178 9582 1122 2178 9583 1121 2178 9584 1134 1542 9585 1133 1545 9586 1131 1543 9587 1136 1544 9588 1135 1556 9589 1133 1545 9590 1122 2179 9591 1120 2179 9592 1118 2179 9593 1220 1547 9594 1219 1641 9595 1217 1548 9596 1166 1550 9597 1165 1575 9598 1187 1551 9599 812 4 9600 810 4 9601 796 4 9602 496 4 9603 510 4 9604 508 4 9605 923 0 9606 901 0 9607 915 0 9608 1535 4 9609 1513 4 9610 1527 4 9611 1215 2180 9612 1201 2180 9613 1203 2180 9614 569 0 9615 575 0 9616 577 0 9617 1127 2181 9618 1128 2181 9619 1126 2181 9620 1138 846 9621 1137 845 9622 1135 1556 9623 1159 2161 9624 1160 2161 9625 1158 2161 9626 702 1181 9627 701 1180 9628 699 1558 9629 1161 2182 9630 1157 2182 9631 1154 2182 9632 1158 4 9633 1160 4 9634 1164 4 9635 428 921 9636 427 920 9637 425 1562 9638 1142 1563 9639 1141 1566 9640 1139 1564 9641 1144 1565 9642 1143 1568 9643 1141 1566 9644 1146 1567 9645 1145 1569 9646 1143 1568 9647 1148 843 9648 1147 842 9649 1145 1569 9650 1152 1536 9651 1151 1535 9652 1149 1570 9653 1164 2183 9654 1162 2183 9655 1161 2183 9656 1174 1572 9657 1173 1594 9658 1171 1573 9659 1168 1346 9660 1167 1345 9661 1165 1575 9662 1155 2184 9663 1164 2184 9664 1163 2184 9665 1469 2185 9666 1475 2185 9667 1453 2185 9668 1506 0 9669 1504 0 9670 1494 0 9671 1502 0 9672 1496 0 9673 1494 0 9674 878 4 9675 872 4 9676 870 4 9677 882 4 9678 880 4 9679 870 4 9680 1499 4 9681 1501 4 9682 1491 4 9683 1486 2186 9684 1484 2186 9685 1483 2186 9686 1522 1584 9687 1521 1916 9688 1519 1585 9689 1478 2187 9690 1480 2187 9691 1479 2187 9692 1442 2188 9693 1444 2188 9694 1443 2188 9695 1172 1574 9696 1171 1573 9697 1169 1589 9698 1197 0 9699 1193 0 9700 1190 0 9701 1482 4 9702 1484 4 9703 1488 4 9704 1448 2189 9705 1452 2189 9706 1443 2189 9707 1176 840 9708 1175 839 9709 1173 1594 9710 906 988 9711 905 990 9712 903 989 9713 1180 1595 9714 1179 1598 9715 1177 1596 9716 1182 1597 9717 1181 1600 9718 1179 1598 9719 1184 1599 9720 1183 1602 9721 1181 1600 9722 1186 1601 9723 1185 1603 9724 1183 1602 9725 1188 1552 9726 1187 1551 9727 1185 1603 9728 1198 2190 9729 1196 2190 9730 1195 2190 9731 1192 2175 9732 1191 2175 9733 1189 2175 9734 1194 952 9735 1192 952 9736 1190 952 9737 1196 2191 9738 1194 2191 9739 1193 2191 9740 1191 2192 9741 1200 2192 9742 1199 2192 9743 1454 0 9744 1472 0 9745 1470 0 9746 582 4 9747 580 4 9748 570 4 9749 845 2193 9750 851 2193 9751 829 2193 9752 1133 2194 9753 1139 2194 9754 1141 2194 9755 565 0 9756 567 0 9757 577 0 9758 830 4 9759 848 4 9760 846 4 9761 1200 823 9762 1198 823 9763 1197 823 9764 1218 1549 9765 1217 1548 9766 1215 1616 9767 1204 1618 9768 1203 1622 9769 1201 1619 9770 1206 1621 9771 1205 1623 9772 1203 1622 9773 1208 1540 9774 1207 1539 9775 1205 1623 9776 1238 1624 9777 1237 2029 9778 1259 1625 9779 1115 0 9780 1113 0 9781 1109 0 9782 1202 1620 9783 1201 1619 9784 1223 1629 9785 1212 1631 9786 1211 1634 9787 1209 1632 9788 1214 1633 9789 1213 1635 9790 1211 1634 9791 1216 1617 9792 1215 1616 9793 1213 1635 9794 1636 1636 9795 1638 2027 9796 1637 1637 9797 1228 2195 9798 1227 2195 9799 1225 2195 9800 1222 1640 9801 1221 1642 9802 1219 1641 9803 1224 1630 9804 1223 1629 9805 1221 1642 9806 1234 2196 9807 1232 2196 9808 1231 2196 9809 1230 2197 9810 1228 2197 9811 1226 2197 9812 1232 2198 9813 1230 2198 9814 1229 2198 9815 1227 2199 9816 1236 2199 9817 1235 2199 9818 803 2200 9819 805 2200 9820 795 2200 9821 807 2201 9822 793 2201 9823 795 2201 9824 908 4 9825 906 4 9826 916 4 9827 800 4 9828 798 4 9829 808 4 9830 796 4 9831 810 4 9832 808 4 9833 1427 2202 9834 1429 2203 9835 1419 2204 9836 1236 2205 9837 1234 2205 9838 1233 2205 9839 1502 1656 9840 1501 1889 9841 1499 1657 9842 768 1240 9843 767 1239 9844 765 1658 9845 1498 858 9846 1497 857 9847 1495 1659 9848 716 2206 9849 718 2206 9850 717 2206 9851 1274 1661 9852 1273 1688 9853 1295 1662 9854 665 2207 9855 667 2207 9856 671 2207 9857 1376 2208 9858 1380 2208 9859 1371 2208 9860 1256 1668 9861 1255 1681 9862 1253 1669 9863 1250 1671 9864 1249 1675 9865 1247 1672 9866 1252 1674 9867 1251 1676 9868 1249 1675 9869 1254 1670 9870 1253 1669 9871 1251 1676 9872 1280 1677 9873 1279 1687 9874 1277 1678 9875 1258 1680 9876 1257 1682 9877 1255 1681 9878 1260 1626 9879 1259 1625 9880 1257 1682 9881 1278 1679 9882 1277 1678 9883 1275 1683 9884 1343 2199 9885 1344 2199 9886 1342 2199 9887 1282 1686 9888 1281 1706 9889 1279 1687 9890 1276 1684 9891 1275 1683 9892 1273 1688 9893 1263 2209 9894 1272 2209 9895 1271 2209 9896 938 4 9897 956 4 9898 954 4 9899 1398 0 9900 1396 0 9901 1386 0 9902 1571 4 9903 1549 4 9904 1563 4 9905 1397 2210 9906 1403 2210 9907 1381 2210 9908 637 2211 9909 639 2211 9910 649 2211 9911 425 0 9912 431 0 9913 433 0 9914 1574 2212 9915 1576 2212 9916 1575 2212 9917 1042 2213 9918 1040 2213 9919 1039 2213 9920 1341 2152 9921 1342 2152 9922 1340 2152 9923 1266 2214 9924 1264 2214 9925 1262 2214 9926 1332 1699 9927 1310 1731 9928 1309 1700 9929 965 2215 9930 967 2215 9931 971 2215 9932 713 2216 9933 715 2216 9934 719 2216 9935 1284 1705 9936 1283 1708 9937 1281 1706 9938 1286 1707 9939 1285 1710 9940 1283 1708 9941 1288 1709 9942 1287 1712 9943 1285 1710 9944 1290 1711 9945 1289 1714 9946 1287 1712 9947 1292 1713 9948 1291 1716 9949 1289 1714 9950 1294 1715 9951 1293 1717 9952 1291 1716 9953 1296 1663 9954 1295 1662 9955 1293 1717 9956 1306 823 9957 1304 823 9958 1303 823 9959 1300 952 9960 1299 952 9961 1297 952 9962 1302 2217 9963 1300 2217 9964 1298 2217 9965 1304 2218 9966 1302 2218 9967 1301 2218 9968 1299 2219 9969 1308 2219 9970 1307 2219 9971 725 0 9972 731 0 9973 733 0 9974 721 0 9975 723 0 9976 733 0 9977 1058 0 9978 1052 0 9979 1050 0 9980 734 4 9981 728 4 9982 726 4 9983 738 4 9984 736 4 9985 726 4 9986 1349 2220 9987 1355 2220 9988 1357 2220 9989 1308 2221 9990 1306 2221 9991 1305 2221 9992 1318 1728 9993 1317 1743 9994 1315 1729 9995 1310 1731 9996 1312 1733 9997 1311 1732 9998 1312 1733 9999 1314 1735 10000 1313 1734 10001 1316 1730 10002 1315 1729 10003 1313 1734 10004 1346 1736 10005 1345 1758 10006 1367 1737 10007 677 4 10008 679 4 10009 683 4 10010 1302 2222 10011 1304 2222 10012 1308 2222 10013 1320 1742 10014 1319 1744 10015 1317 1743 10016 1322 897 10017 1321 896 10018 1319 1744 10019 1332 1699 10020 1331 1701 10021 1329 1745 10022 1350 1747 10023 1349 1756 10024 1347 1748 10025 1330 1746 10026 1329 1745 10027 1327 1750 10028 1044 2223 10029 1042 2223 10030 1041 2223 10031 1430 1752 10032 1429 1825 10033 1427 1753 10034 1352 1755 10035 1351 1764 10036 1349 1756 10037 1338 2224 10038 1336 2224 10039 1334 2224 10040 1348 1749 10041 1347 1748 10042 1345 1758 10043 1382 1759 10044 1381 1791 10045 1403 1760 10046 1028 4 10047 1026 4 10048 1012 4 10049 688 4 10050 702 4 10051 700 4 10052 701 0 10053 707 0 10054 685 0 10055 1325 4 10056 1331 4 10057 1309 4 10058 1023 0 10059 1009 0 10060 1011 0 10061 1319 4 10062 1321 4 10063 1311 4 10064 1040 2225 10065 1038 2225 10066 1037 2225 10067 1354 1763 10068 1353 1773 10069 1351 1764 10070 1584 2226 10071 1582 2226 10072 1581 2226 10073 1577 2227 10074 1578 2227 10075 1576 2227 10076 1339 2228 10077 1340 2228 10078 1338 2228 10079 413 2229 10080 415 2229 10081 419 2229 10082 1043 0 10083 1041 0 10084 1037 0 10085 1356 1772 10086 1355 1775 10087 1353 1773 10088 1358 1774 10089 1357 1777 10090 1355 1775 10091 1360 1776 10092 1359 1779 10093 1357 1777 10094 1362 1778 10095 1361 1780 10096 1359 1779 10097 1364 891 10098 1363 890 10099 1361 1780 10100 1368 1738 10101 1367 1737 10102 1365 1781 10103 1378 2230 10104 1376 2230 10105 1375 2230 10106 1372 2231 10107 1371 2231 10108 1369 2231 10109 1374 2232 10110 1372 2232 10111 1370 2232 10112 1376 2233 10113 1374 2233 10114 1373 2233 10115 1371 2234 10116 1380 2234 10117 1379 2234 10118 434 4 10119 428 4 10120 426 4 10121 695 0 10122 697 0 10123 687 0 10124 1277 4 10125 1283 4 10126 1285 4 10127 1380 2235 10128 1378 2235 10129 1377 2235 10130 1390 1788 10131 1389 1800 10132 1387 1789 10133 1384 1136 10134 1383 1135 10135 1381 1791 10136 1402 1792 10137 1401 1806 10138 1399 1793 10139 1388 1790 10140 1387 1789 10141 1385 1795 10142 963 2236 10143 966 2236 10144 965 2236 10145 451 4 10146 455 4 10147 446 4 10148 1230 4 10149 1232 4 10150 1236 4 10151 1392 1799 10152 1391 1801 10153 1389 1800 10154 1394 888 10155 1393 887 10156 1391 1801 10157 1398 1802 10158 1397 1804 10159 1395 1803 10160 1400 1794 10161 1399 1793 10162 1397 1804 10163 1481 2237 10164 1482 2237 10165 1480 2237 10166 1404 1761 10167 1403 1760 10168 1401 1806 10169 1414 2192 10170 1412 2192 10171 1411 2192 10172 1408 2191 10173 1407 2191 10174 1405 2191 10175 1410 2190 10176 1408 2190 10177 1406 2190 10178 1412 823 10179 1410 823 10180 1409 823 10181 1407 952 10182 1416 952 10183 1415 952 10184 1256 0 10185 1254 0 10186 1240 0 10187 1254 0 10188 1252 0 10189 1242 0 10190 911 0 10191 913 0 10192 903 0 10193 1259 4 10194 1237 4 10195 1251 4 10196 915 2238 10197 901 2238 10198 903 2238 10199 638 4 10200 656 4 10201 654 4 10202 1416 2175 10203 1414 2175 10204 1413 2175 10205 1426 1815 10206 1425 1821 10207 1423 1616 10208 1412 4 10209 1416 4 10210 1407 4 10211 1422 1633 10212 1421 1635 10213 1419 1634 10214 1424 1617 10215 1423 1616 10216 1421 1635 10217 1454 1816 10218 1453 1847 10219 1475 1817 10220 1420 1631 10221 1419 1634 10222 1417 1819 10223 792 2239 10224 790 2239 10225 786 2239 10226 1428 1754 10227 1427 1753 10228 1425 1821 10229 1438 882 10230 1437 881 10231 1435 1822 10232 1432 1824 10233 1431 1826 10234 1429 1825 10235 1434 1620 10236 1433 1619 10237 1431 1826 10238 1436 1823 10239 1435 1822 10240 1433 1619 10241 1086 1514 10242 1085 1513 10243 1083 1827 10244 1448 2240 10245 1446 2240 10246 1445 2240 10247 1458 1829 10248 1457 1832 10249 1455 1830 10250 1460 879 10251 1459 878 10252 1457 1832 10253 1446 2241 10254 1444 2241 10255 1442 2241 10256 760 854 10257 759 853 10258 757 1834 10259 764 1232 10260 763 1231 10261 761 1835 10262 611 0 10263 613 0 10264 603 0 10265 615 2242 10266 601 2242 10267 603 2242 10268 500 4 10269 498 4 10270 508 4 10271 608 4 10272 606 4 10273 616 4 10274 604 4 10275 618 4 10276 616 4 10277 1211 4 10278 1213 4 10279 1203 4 10280 1452 2243 10281 1450 2243 10282 1449 2243 10283 1456 1831 10284 1455 1830 10285 1453 1847 10286 1161 2187 10287 1162 2187 10288 1160 2187 10289 1484 2244 10290 1482 2244 10291 1481 2244 10292 812 1269 10293 811 1268 10294 809 1850 10295 1233 0 10296 1229 0 10297 1226 0 10298 857 4 10299 859 4 10300 863 4 10301 1464 1852 10302 1463 1855 10303 1461 1853 10304 1466 1854 10305 1465 1857 10306 1463 1855 10307 1468 1856 10308 1467 1859 10309 1465 1857 10310 1470 1858 10311 1469 1861 10312 1467 1859 10313 1472 1860 10314 1471 1863 10315 1469 1861 10316 1474 1862 10317 1473 1864 10318 1471 1863 10319 1476 1818 10320 1475 1817 10321 1473 1864 10322 1494 996 10323 1493 995 10324 1491 1865 10325 1488 2245 10326 1486 2245 10327 1485 2245 10328 1018 1456 10329 1017 1455 10330 1015 1868 10331 1492 1866 10332 1491 1865 10333 1489 1870 10334 1479 2246 10335 1488 2246 10336 1487 2246 10337 842 4 10338 836 4 10339 834 4 10340 1182 0 10341 1180 0 10342 1170 0 10343 581 0 10344 587 0 10345 565 0 10346 1181 2247 10347 1187 2247 10348 1165 2247 10349 1489 2248 10350 1491 2248 10351 1501 2248 10352 833 2249 10353 839 2249 10354 841 2249 10355 1120 2035 10356 1119 2035 10357 1117 2035 10358 1024 1878 10359 1026 1465 10360 1025 1464 10361 1156 2250 10362 1155 2250 10363 1153 2250 10364 1125 2188 10365 1126 2188 10366 1124 2188 10367 1016 1869 10368 1015 1868 10369 1013 1881 10370 519 2251 10371 522 2251 10372 521 2251 10373 1451 0 10374 1449 0 10375 1445 0 10376 1124 2252 10377 1128 2252 10378 1119 2252 10379 1012 864 10380 1011 863 10381 1009 1886 10382 1020 1454 10383 1022 1183 10384 1021 1185 10385 1504 1888 10386 1503 1891 10387 1501 1889 10388 1506 1890 10389 1505 1893 10390 1503 1891 10391 1508 1892 10392 1507 1895 10393 1505 1893 10394 1510 1894 10395 1509 1896 10396 1507 1895 10397 1512 980 10398 1511 979 10399 1509 1896 10400 479 0 10401 457 0 10402 471 0 10403 529 0 10404 531 0 10405 541 0 10406 578 4 10407 572 4 10408 570 4 10409 545 2253 10410 551 2253 10411 529 2253 10412 1081 2254 10413 1083 2254 10414 1093 2254 10415 1178 0 10416 1172 0 10417 1170 0 10418 1530 1002 10419 1529 1001 10420 1527 1903 10421 1516 1905 10422 1515 1909 10423 1513 1906 10424 1518 1908 10425 1517 1910 10426 1515 1909 10427 1520 1586 10428 1519 1585 10429 1517 1910 10430 1550 836 10431 1549 835 10432 1571 1911 10433 492 2255 10434 490 2255 10435 486 2255 10436 1514 1907 10437 1513 1906 10438 1535 1913 10439 1524 1915 10440 1523 1918 10441 1521 1916 10442 1526 1917 10443 1525 1919 10444 1523 1918 10445 1528 1904 10446 1527 1903 10447 1525 1919 10448 1548 2256 10449 1546 2256 10450 1545 2256 10451 1534 1921 10452 1533 1923 10453 1531 1922 10454 1536 1914 10455 1535 1913 10456 1533 1923 10457 1546 2243 10458 1544 2243 10459 1543 2243 10460 1542 2257 10461 1540 2257 10462 1538 2257 10463 1544 2258 10464 1542 2258 10465 1541 2258 10466 1539 2259 10467 1548 2259 10468 1547 2259 10469 620 4 10470 618 4 10471 604 4 10472 904 4 10473 918 4 10474 916 4 10475 515 2260 10476 493 2260 10477 507 2260 10478 1431 2261 10479 1417 2261 10480 1419 2261 10481 512 4 10482 510 4 10483 496 4 10484 1558 1937 10485 1557 1941 10486 1555 1938 10487 1560 1940 10488 1559 1953 10489 1557 1941 10490 1554 1942 10491 1553 1944 10492 1551 1943 10493 1556 1939 10494 1555 1938 10495 1553 1944 10496 1586 1945 10497 1585 1968 10498 1607 1946 10499 1127 0 10500 1125 0 10501 1121 0 10502 1076 4 10503 1080 4 10504 1071 4 10505 1568 1949 10506 1567 1961 10507 1565 1950 10508 1562 1952 10509 1561 1955 10510 1559 1953 10511 1564 1954 10512 1563 1956 10513 1561 1955 10514 1566 1951 10515 1565 1950 10516 1563 1956 10517 1592 1957 10518 1591 1967 10519 1589 1958 10520 1570 1960 10521 1569 1962 10522 1567 1961 10523 1572 1912 10524 1571 1911 10525 1569 1962 10526 1590 1959 10527 1589 1958 10528 1587 1963 10529 1267 2262 10530 1268 2262 10531 1266 2262 10532 1594 1966 10533 1593 1987 10534 1591 1967 10535 1588 1964 10536 1587 1963 10537 1585 1968 10538 1575 2263 10539 1584 2263 10540 1583 2263 10541 461 2264 10542 467 2264 10543 469 2264 10544 1098 0 10545 1096 0 10546 1086 0 10547 1088 0 10548 1086 0 10549 1096 0 10550 953 2265 10551 959 2265 10552 937 2265 10553 699 0 10554 685 0 10555 687 0 10556 1091 2266 10557 1093 2266 10558 1083 2266 10559 1336 2267 10560 1335 2267 10561 1333 2267 10562 1335 2268 10563 1344 2268 10564 1343 2268 10565 1634 1977 10566 1636 1636 10567 1635 1638 10568 1033 2269 10569 1035 2269 10570 1044 2269 10571 593 4 10572 595 4 10573 599 4 10574 1622 1980 10575 1621 2010 10576 1643 1981 10577 420 0 10578 418 0 10579 414 0 10580 1271 0 10581 1269 0 10582 1265 0 10583 1596 1986 10584 1595 1989 10585 1593 1987 10586 1598 1988 10587 1597 1991 10588 1595 1989 10589 1600 1990 10590 1599 1993 10591 1597 1991 10592 1602 1992 10593 1601 1995 10594 1599 1993 10595 1604 1994 10596 1603 1997 10597 1601 1995 10598 1606 1996 10599 1605 1998 10600 1603 1997 10601 1608 1947 10602 1607 1946 10603 1605 1998 10604 1618 952 10605 1616 952 10606 1615 952 10607 1612 823 10608 1611 823 10609 1609 823 10610 1614 2221 10611 1612 2221 10612 1610 2221 10613 1616 2270 10614 1614 2270 10615 1613 2270 10616 1611 2271 10617 1620 2271 10618 1619 2271 10619 990 4 10620 988 4 10621 978 4 10622 1358 0 10623 1352 0 10624 1350 0 10625 1061 2272 10626 1067 2272 10627 1045 2272 10628 1345 2273 10629 1347 2273 10630 1357 2273 10631 422 4 10632 440 4 10633 438 4 10634 1620 2274 10635 1618 2274 10636 1617 2274 10637 1630 2006 10638 1629 2021 10639 1627 2007 10640 1624 2009 10641 1623 2012 10642 1621 2010 10643 1626 2011 10644 1625 2013 10645 1623 2012 10646 1628 2008 10647 1627 2007 10648 1625 2013 10649 1046 1472 10650 1045 1471 10651 1067 2014 10652 1307 2275 10653 1305 2275 10654 1301 2275 10655 1614 4 10656 1616 4 10657 1620 4 10658 1632 2020 10659 1631 2022 10660 1629 2021 10661 1632 2020 10662 1634 1977 10663 1633 1978 10664 1644 1982 10665 1643 1981 10666 1641 2023 10667 522 2276 10668 524 2276 10669 523 2276 10670 1640 2026 10671 1639 2028 10672 1637 1637 10673 1642 2024 10674 1641 2023 10675 1639 2028 10676 1240 1216 10677 1239 1215 10678 1237 2029 10679 1244 1449 10680 1243 1448 10681 1241 2030 10682 1248 1673 10683 1247 1672 10684 1245 2031 10685 704 4 10686 702 4 10687 688 4 10688 1012 4 10689 1026 4 10690 1024 4 10691 698 4 10692 692 4 10693 690 4 10694 1637 4 10695 1643 4 10696 1621 4 10697 973 0 10698 975 0 10699 985 0 10700 1019 0 10701 1021 0 10702 1011 0 10703</p>
        </triangles>
      </mesh>
    </geometry>
  </library_geometries>
  <library_visual_scenes>
    <visual_scene id="Scene" name="Scene">
      <node id="segment6_dented" name="segment6_dented" type="NODE">
        <matrix sid="transform">7.54979e-8 1 0 0 -1 7.54979e-8 0 0 0 0 1 0 0 0 0 1</matrix>
        <instance_geometry url="#straight_003-mesh" name="segment6_dented">
          <bind_material>
            <technique_common>
              <instance_material symbol="pipe_006-material" target="#pipe_006-material">
                <bind_vertex_input semantic="straight_003-mesh-map-0" input_semantic="TEXCOORD" input_set="0"/>
                <bind_vertex_input semantic="UVMap" input_semantic="TEXCOORD" input_set="1"/>
              </instance_material>
              <instance_material symbol="bolts_006-material" target="#bolts_006-material">
                <bind_vertex_input semantic="straight_003-mesh-map-0" input_semantic="TEXCOORD" input_set="0"/>
                <bind_vertex_input semantic="UVMap" input_semantic="TEXCOORD" input_set="1"/>
              </instance_material>
            </technique_common>
          </bind_material>
        </instance_geometry>
      </node>
      <node id="Camera" name="Camera" type="NODE">
        <matrix sid="transform">0.6859207 -0.3240135 0.6515582 7.358891 0.7276763 0.3054208 -0.6141704 -6.925791 0 0.8953956 0.4452714 4.958309 0 0 0 1</matrix>
        <instance_camera url="#Camera-camera"/>
      </node>
      <node id="Light" name="Light" type="NODE">
        <matrix sid="transform">-0.2908646 -0.7711008 0.5663932 4.076245 0.9551712 -0.1998834 0.2183912 1.005454 -0.05518906 0.6045247 0.7946723 5.903862 0 0 0 1</matrix>
        <instance_light url="#Light-light"/>
      </node>
    </visual_scene>
  </library_visual_scenes>
  <scene>
    <instance_visual_scene url="#Scene"/>
  </scene>
</COLLADA>